"home","home_code","visitor","visitor_code","date","ptsV","ptsH","game_id"
"Atlanta Hawks","ATL","Brooklyn Nets","BKN",2024-10-23,116,120,"202410230ATL"
"Atlanta Hawks","ATL","Boston Celtics","BOS",2024-11-04,123,93,"202411040ATL"
"Atlanta Hawks","ATL","Chicago Bulls","CHI",2024-11-09,125,113,"202411090ATL"
"Atlanta Hawks","ATL","Chicago Bulls","CHI",2024-12-26,133,141,"202412260ATL"
"Atlanta Hawks","ATL","Charlotte Hornets","CHO",2024-10-25,120,125,"202410250ATL"
"Atlanta Hawks","ATL","Charlotte Hornets","CHO",2025-03-12,110,123,"202503120ATL"
"Atlanta Hawks","ATL","Cleveland Cavaliers","CLE",2024-11-29,101,117,"202411290ATL"
"Atlanta Hawks","ATL","Dallas Mavericks","DAL",2024-11-25,129,119,"202411250ATL"
"Atlanta Hawks","ATL","Denver Nuggets","DEN",2024-12-08,141,111,"202412080ATL"
"Atlanta Hawks","ATL","Detroit Pistons","DET",2025-01-22,114,104,"202501220ATL"
"Atlanta Hawks","ATL","Detroit Pistons","DET",2025-02-23,148,143,"202502230ATL"
"Atlanta Hawks","ATL","Golden State Warriors","GSW",2025-03-22,115,124,"202503220ATL"
"Atlanta Hawks","ATL","Houston Rockets","HOU",2025-01-28,100,96,"202501280ATL"
"Atlanta Hawks","ATL","Indiana Pacers","IND",2025-03-06,118,124,"202503060ATL"
"Atlanta Hawks","ATL","Indiana Pacers","IND",2025-03-08,118,120,"202503080ATL"
"Atlanta Hawks","ATL","Los Angeles Clippers","LAC",2025-03-14,121,98,"202503140ATL"
"Atlanta Hawks","ATL","Los Angeles Lakers","LAL",2024-12-06,132,134,"202412060ATL"
"Atlanta Hawks","ATL","Memphis Grizzlies","MEM",2024-12-21,128,112,"202412210ATL"
"Atlanta Hawks","ATL","Miami Heat","MIA",2024-12-28,110,120,"202412280ATL"
"Atlanta Hawks","ATL","Miami Heat","MIA",2025-02-24,86,98,"202502240ATL"
"Atlanta Hawks","ATL","Milwaukee Bucks","MIL",2025-02-07,110,115,"202502070ATL"
"Atlanta Hawks","ATL","Milwaukee Bucks","MIL",2025-03-04,127,121,"202503040ATL"
"Atlanta Hawks","ATL","Minnesota Timberwolves","MIN",2024-12-23,104,117,"202412230ATL"
"Atlanta Hawks","ATL","New Orleans Pelicans","NOP",2024-12-02,112,124,"202412020ATL"
"Atlanta Hawks","ATL","New York Knicks","NYK",2024-11-06,116,121,"202411060ATL"
"Atlanta Hawks","ATL","New York Knicks","NYK",2025-04-05,121,105,"202504050ATL"
"Atlanta Hawks","ATL","Oklahoma City Thunder","OKC",2025-02-28,135,119,"202502280ATL"
"Atlanta Hawks","ATL","Orlando Magic","ORL",2025-02-20,114,108,"202502200ATL"
"Atlanta Hawks","ATL","Orlando Magic","ORL",2025-04-13,105,117,"202504130ATL"
"Atlanta Hawks","ATL","Philadelphia 76ers","PHI",2025-03-10,123,132,"202503100ATL"
"Atlanta Hawks","ATL","Philadelphia 76ers","PHI",2025-03-23,119,132,"202503230ATL"
"Atlanta Hawks","ATL","Phoenix Suns","PHO",2025-01-14,117,122,"202501140ATL"
"Atlanta Hawks","ATL","Portland Trail Blazers","POR",2025-04-01,127,113,"202504010ATL"
"Atlanta Hawks","ATL","Sacramento Kings","SAC",2024-11-01,123,115,"202411010ATL"
"Atlanta Hawks","ATL","San Antonio Spurs","SAS",2025-02-05,126,125,"202502050ATL"
"Atlanta Hawks","ATL","Toronto Raptors","TOR",2025-01-23,122,119,"202501230ATL"
"Atlanta Hawks","ATL","Toronto Raptors","TOR",2025-01-25,117,94,"202501250ATL"
"Atlanta Hawks","ATL","Utah Jazz","UTA",2025-04-06,134,147,"202504060ATL"
"Atlanta Hawks","ATL","Washington Wizards","WAS",2024-10-28,121,119,"202410280ATL"
"Atlanta Hawks","ATL","Washington Wizards","WAS",2024-11-15,117,129,"202411150ATL"
"Brooklyn Nets","BKN","Atlanta Hawks","ATL",2025-03-16,114,122,"202503160BKN"
"Brooklyn Nets","BKN","Atlanta Hawks","ATL",2025-04-10,133,109,"202504100BKN"
"Brooklyn Nets","BKN","Boston Celtics","BOS",2024-11-13,139,114,"202411130BKN"
"Brooklyn Nets","BKN","Boston Celtics","BOS",2025-03-15,115,113,"202503150BKN"
"Brooklyn Nets","BKN","Chicago Bulls","CHI",2024-11-01,112,120,"202411010BKN"
"Brooklyn Nets","BKN","Charlotte Hornets","CHO",2024-11-19,115,116,"202411190BKN"
"Brooklyn Nets","BKN","Charlotte Hornets","CHO",2025-02-10,89,97,"202502100BKN"
"Brooklyn Nets","BKN","Cleveland Cavaliers","CLE",2024-12-16,130,101,"202412160BKN"
"Brooklyn Nets","BKN","Cleveland Cavaliers","CLE",2025-02-20,110,97,"202502200BKN"
"Brooklyn Nets","BKN","Dallas Mavericks","DAL",2025-03-24,120,101,"202503240BKN"
"Brooklyn Nets","BKN","Denver Nuggets","DEN",2024-10-29,144,139,"202410290BKN"
"Brooklyn Nets","BKN","Detroit Pistons","DET",2024-11-03,106,92,"202411030BKN"
"Brooklyn Nets","BKN","Detroit Pistons","DET",2025-01-08,113,98,"202501080BKN"
"Brooklyn Nets","BKN","Golden State Warriors","GSW",2025-03-06,121,119,"202503060BKN"
"Brooklyn Nets","BKN","Houston Rockets","HOU",2025-02-04,97,99,"202502040BKN"
"Brooklyn Nets","BKN","Indiana Pacers","IND",2024-12-04,90,99,"202412040BKN"
"Brooklyn Nets","BKN","Indiana Pacers","IND",2025-01-06,113,99,"202501060BKN"
"Brooklyn Nets","BKN","Los Angeles Clippers","LAC",2025-03-28,132,100,"202503280BKN"
"Brooklyn Nets","BKN","Los Angeles Lakers","LAL",2025-03-10,108,111,"202503100BKN"
"Brooklyn Nets","BKN","Memphis Grizzlies","MEM",2024-11-04,104,106,"202411040BKN"
"Brooklyn Nets","BKN","Miami Heat","MIA",2025-01-25,106,97,"202501250BKN"
"Brooklyn Nets","BKN","Miami Heat","MIA",2025-02-07,86,102,"202502070BKN"
"Brooklyn Nets","BKN","Milwaukee Bucks","MIL",2024-10-27,102,115,"202410270BKN"
"Brooklyn Nets","BKN","Milwaukee Bucks","MIL",2024-12-08,118,113,"202412080BKN"
"Brooklyn Nets","BKN","Minnesota Timberwolves","MIN",2025-04-03,105,90,"202504030BKN"
"Brooklyn Nets","BKN","New Orleans Pelicans","NOP",2025-04-08,114,119,"202504080BKN"
"Brooklyn Nets","BKN","New York Knicks","NYK",2025-01-21,99,95,"202501210BKN"
"Brooklyn Nets","BKN","New York Knicks","NYK",2025-04-13,113,105,"202504130BKN"
"Brooklyn Nets","BKN","Oklahoma City Thunder","OKC",2025-02-26,129,121,"202502260BKN"
"Brooklyn Nets","BKN","Orlando Magic","ORL",2024-11-29,123,100,"202411290BKN"
"Brooklyn Nets","BKN","Orlando Magic","ORL",2024-12-01,100,92,"202412010BKN"
"Brooklyn Nets","BKN","Philadelphia 76ers","PHI",2025-01-04,123,94,"202501040BKN"
"Brooklyn Nets","BKN","Philadelphia 76ers","PHI",2025-02-12,96,100,"202502120BKN"
"Brooklyn Nets","BKN","Phoenix Suns","PHO",2025-01-22,108,84,"202501220BKN"
"Brooklyn Nets","BKN","Portland Trail Blazers","POR",2025-02-28,121,102,"202502280BKN"
"Brooklyn Nets","BKN","Sacramento Kings","SAC",2025-01-27,110,96,"202501270BKN"
"Brooklyn Nets","BKN","San Antonio Spurs","SAS",2024-12-27,96,87,"202412270BKN"
"Brooklyn Nets","BKN","Toronto Raptors","TOR",2025-03-26,116,86,"202503260BKN"
"Brooklyn Nets","BKN","Toronto Raptors","TOR",2025-04-06,120,109,"202504060BKN"
"Brooklyn Nets","BKN","Utah Jazz","UTA",2024-12-21,105,94,"202412210BKN"
"Brooklyn Nets","BKN","Washington Wizards","WAS",2025-02-05,119,102,"202502050BKN"
"Boston Celtics","BOS","Atlanta Hawks","ATL",2024-11-12,117,116,"202411120BOS"
"Boston Celtics","BOS","Atlanta Hawks","ATL",2025-01-18,119,115,"202501180BOS"
"Boston Celtics","BOS","Brooklyn Nets","BKN",2024-11-08,104,108,"202411080BOS"
"Boston Celtics","BOS","Brooklyn Nets","BKN",2025-03-18,96,104,"202503180BOS"
"Boston Celtics","BOS","Chicago Bulls","CHI",2024-12-19,117,108,"202412190BOS"
"Boston Celtics","BOS","Chicago Bulls","CHI",2025-01-29,100,122,"202501290BOS"
"Boston Celtics","BOS","Charlotte Hornets","CHO",2025-04-11,94,130,"202504110BOS"
"Boston Celtics","BOS","Charlotte Hornets","CHO",2025-04-13,86,93,"202504130BOS"
"Boston Celtics","BOS","Cleveland Cavaliers","CLE",2024-11-19,117,120,"202411190BOS"
"Boston Celtics","BOS","Cleveland Cavaliers","CLE",2025-02-28,123,116,"202502280BOS"
"Boston Celtics","BOS","Dallas Mavericks","DAL",2025-02-06,127,120,"202502060BOS"
"Boston Celtics","BOS","Denver Nuggets","DEN",2025-03-02,103,110,"202503020BOS"
"Boston Celtics","BOS","Detroit Pistons","DET",2024-12-04,120,130,"202412040BOS"
"Boston Celtics","BOS","Detroit Pistons","DET",2024-12-12,99,123,"202412120BOS"
"Boston Celtics","BOS","Golden State Warriors","GSW",2024-11-06,118,112,"202411060BOS"
"Boston Celtics","BOS","Houston Rockets","HOU",2025-01-27,114,112,"202501270BOS"
"Boston Celtics","BOS","Indiana Pacers","IND",2024-12-27,105,142,"202412270BOS"
"Boston Celtics","BOS","Indiana Pacers","IND",2024-12-29,123,114,"202412290BOS"
"Boston Celtics","BOS","Los Angeles Clippers","LAC",2024-11-25,94,126,"202411250BOS"
"Boston Celtics","BOS","Los Angeles Lakers","LAL",2025-03-08,101,111,"202503080BOS"
"Boston Celtics","BOS","Memphis Grizzlies","MEM",2024-12-07,127,121,"202412070BOS"
"Boston Celtics","BOS","Miami Heat","MIA",2024-12-02,89,108,"202412020BOS"
"Boston Celtics","BOS","Miami Heat","MIA",2025-04-02,124,103,"202504020BOS"
"Boston Celtics","BOS","Milwaukee Bucks","MIL",2024-10-28,108,119,"202410280BOS"
"Boston Celtics","BOS","Milwaukee Bucks","MIL",2024-12-06,105,111,"202412060BOS"
"Boston Celtics","BOS","Minnesota Timberwolves","MIN",2024-11-24,105,107,"202411240BOS"
"Boston Celtics","BOS","New Orleans Pelicans","NOP",2025-01-12,119,120,"202501120BOS"
"Boston Celtics","BOS","New York Knicks","NYK",2024-10-22,109,132,"202410220BOS"
"Boston Celtics","BOS","New York Knicks","NYK",2025-02-23,105,118,"202502230BOS"
"Boston Celtics","BOS","Oklahoma City Thunder","OKC",2025-03-12,118,112,"202503120BOS"
"Boston Celtics","BOS","Orlando Magic","ORL",2025-01-17,94,121,"202501170BOS"
"Boston Celtics","BOS","Philadelphia 76ers","PHI",2024-12-25,118,114,"202412250BOS"
"Boston Celtics","BOS","Philadelphia 76ers","PHI",2025-03-06,105,123,"202503060BOS"
"Boston Celtics","BOS","Phoenix Suns","PHO",2025-04-04,103,123,"202504040BOS"
"Boston Celtics","BOS","Portland Trail Blazers","POR",2025-03-05,118,128,"202503050BOS"
"Boston Celtics","BOS","Sacramento Kings","SAC",2025-01-10,114,97,"202501100BOS"
"Boston Celtics","BOS","San Antonio Spurs","SAS",2025-02-12,103,116,"202502120BOS"
"Boston Celtics","BOS","Toronto Raptors","TOR",2024-11-16,123,126,"202411160BOS"
"Boston Celtics","BOS","Toronto Raptors","TOR",2024-12-31,71,125,"202412310BOS"
"Boston Celtics","BOS","Utah Jazz","UTA",2025-03-10,108,114,"202503100BOS"
"Boston Celtics","BOS","Washington Wizards","WAS",2025-04-06,90,124,"202504060BOS"
"Chicago Bulls","CHI","Atlanta Hawks","ATL",2024-11-22,122,136,"202411220CHI"
"Chicago Bulls","CHI","Atlanta Hawks","ATL",2025-01-15,110,94,"202501150CHI"
"Chicago Bulls","CHI","Brooklyn Nets","BKN",2024-12-02,102,128,"202412020CHI"
"Chicago Bulls","CHI","Brooklyn Nets","BKN",2025-03-13,110,116,"202503130CHI"
"Chicago Bulls","CHI","Boston Celtics","BOS",2024-11-29,138,129,"202411290CHI"
"Chicago Bulls","CHI","Boston Celtics","BOS",2024-12-21,123,98,"202412210CHI"
"Chicago Bulls","CHI","Charlotte Hornets","CHO",2024-12-13,95,109,"202412130CHI"
"Chicago Bulls","CHI","Charlotte Hornets","CHO",2025-01-17,125,123,"202501170CHI"
"Chicago Bulls","CHI","Cleveland Cavaliers","CLE",2024-11-11,119,113,"202411110CHI"
"Chicago Bulls","CHI","Cleveland Cavaliers","CLE",2025-03-04,139,117,"202503040CHI"
"Chicago Bulls","CHI","Dallas Mavericks","DAL",2025-03-29,120,119,"202503290CHI"
"Chicago Bulls","CHI","Denver Nuggets","DEN",2025-01-27,121,129,"202501270CHI"
"Chicago Bulls","CHI","Detroit Pistons","DET",2025-02-11,132,92,"202502110CHI"
"Chicago Bulls","CHI","Detroit Pistons","DET",2025-02-12,128,110,"202502120CHI"
"Chicago Bulls","CHI","Golden State Warriors","GSW",2025-02-08,132,111,"202502080CHI"
"Chicago Bulls","CHI","Houston Rockets","HOU",2024-11-17,143,107,"202411170CHI"
"Chicago Bulls","CHI","Indiana Pacers","IND",2024-12-06,132,123,"202412060CHI"
"Chicago Bulls","CHI","Indiana Pacers","IND",2025-03-10,103,121,"202503100CHI"
"Chicago Bulls","CHI","Los Angeles Clippers","LAC",2025-02-26,122,117,"202502260CHI"
"Chicago Bulls","CHI","Los Angeles Lakers","LAL",2025-03-27,117,119,"202503270CHI"
"Chicago Bulls","CHI","Memphis Grizzlies","MEM",2024-11-23,142,131,"202411230CHI"
"Chicago Bulls","CHI","Miami Heat","MIA",2025-02-04,124,133,"202502040CHI"
"Chicago Bulls","CHI","Miami Heat","MIA",2025-04-09,111,119,"202504090CHI"
"Chicago Bulls","CHI","Milwaukee Bucks","MIL",2024-12-23,112,91,"202412230CHI"
"Chicago Bulls","CHI","Milwaukee Bucks","MIL",2024-12-28,111,116,"202412280CHI"
"Chicago Bulls","CHI","Minnesota Timberwolves","MIN",2024-11-07,135,119,"202411070CHI"
"Chicago Bulls","CHI","New Orleans Pelicans","NOP",2025-01-14,119,113,"202501140CHI"
"Chicago Bulls","CHI","New York Knicks","NYK",2025-01-04,126,139,"202501040CHI"
"Chicago Bulls","CHI","Oklahoma City Thunder","OKC",2024-10-26,114,95,"202410260CHI"
"Chicago Bulls","CHI","Orlando Magic","ORL",2024-10-30,99,102,"202410300CHI"
"Chicago Bulls","CHI","Philadelphia 76ers","PHI",2024-12-08,108,100,"202412080CHI"
"Chicago Bulls","CHI","Philadelphia 76ers","PHI",2025-01-25,109,97,"202501250CHI"
"Chicago Bulls","CHI","Phoenix Suns","PHO",2025-02-22,121,117,"202502220CHI"
"Chicago Bulls","CHI","Portland Trail Blazers","POR",2025-04-04,113,118,"202504040CHI"
"Chicago Bulls","CHI","Sacramento Kings","SAC",2025-01-12,124,119,"202501120CHI"
"Chicago Bulls","CHI","San Antonio Spurs","SAS",2025-01-06,110,114,"202501060CHI"
"Chicago Bulls","CHI","Toronto Raptors","TOR",2025-02-28,115,125,"202502280CHI"
"Chicago Bulls","CHI","Toronto Raptors","TOR",2025-04-01,118,137,"202504010CHI"
"Chicago Bulls","CHI","Utah Jazz","UTA",2024-11-04,135,126,"202411040CHI"
"Chicago Bulls","CHI","Washington Wizards","WAS",2025-01-10,105,138,"202501100CHI"
"Chicago Bulls","CHI","Washington Wizards","WAS",2025-04-11,89,119,"202504110CHI"
"Charlotte Hornets","CHO","Atlanta Hawks","ATL",2024-11-30,107,104,"202411300CHO"
"Charlotte Hornets","CHO","Atlanta Hawks","ATL",2025-03-18,134,102,"202503180CHO"
"Charlotte Hornets","CHO","Brooklyn Nets","BKN",2025-01-29,104,83,"202501290CHO"
"Charlotte Hornets","CHO","Brooklyn Nets","BKN",2025-03-08,102,105,"202503080CHO"
"Charlotte Hornets","CHO","Boston Celtics","BOS",2024-11-01,124,109,"202411010CHO"
"Charlotte Hornets","CHO","Boston Celtics","BOS",2024-11-02,113,103,"202411020CHO"
"Charlotte Hornets","CHO","Chicago Bulls","CHI",2024-12-30,115,108,"202412300CHO"
"Charlotte Hornets","CHO","Chicago Bulls","CHI",2025-04-06,131,117,"202504060CHO"
"Charlotte Hornets","CHO","Cleveland Cavaliers","CLE",2024-12-07,116,102,"202412070CHO"
"Charlotte Hornets","CHO","Cleveland Cavaliers","CLE",2025-03-07,118,117,"202503070CHO"
"Charlotte Hornets","CHO","Dallas Mavericks","DAL",2025-01-20,105,110,"202501200CHO"
"Charlotte Hornets","CHO","Denver Nuggets","DEN",2025-02-01,107,104,"202502010CHO"
"Charlotte Hornets","CHO","Detroit Pistons","DET",2024-11-06,107,108,"202411060CHO"
"Charlotte Hornets","CHO","Detroit Pistons","DET",2024-11-21,121,123,"202411210CHO"
"Charlotte Hornets","CHO","Golden State Warriors","GSW",2025-03-03,119,101,"202503030CHO"
"Charlotte Hornets","CHO","Houston Rockets","HOU",2024-12-23,114,101,"202412230CHO"
"Charlotte Hornets","CHO","Indiana Pacers","IND",2024-11-08,83,103,"202411080CHO"
"Charlotte Hornets","CHO","Los Angeles Clippers","LAC",2025-01-31,112,104,"202501310CHO"
"Charlotte Hornets","CHO","Los Angeles Lakers","LAL",2025-01-27,112,107,"202501270CHO"
"Charlotte Hornets","CHO","Memphis Grizzlies","MEM",2025-04-08,124,100,"202504080CHO"
"Charlotte Hornets","CHO","Miami Heat","MIA",2024-10-26,114,106,"202410260CHO"
"Charlotte Hornets","CHO","Miami Heat","MIA",2024-11-27,98,94,"202411270CHO"
"Charlotte Hornets","CHO","Milwaukee Bucks","MIL",2024-11-16,114,115,"202411160CHO"
"Charlotte Hornets","CHO","Milwaukee Bucks","MIL",2025-02-05,112,102,"202502050CHO"
"Charlotte Hornets","CHO","Minnesota Timberwolves","MIN",2025-03-05,125,110,"202503050CHO"
"Charlotte Hornets","CHO","New Orleans Pelicans","NOP",2025-01-25,92,123,"202501250CHO"
"Charlotte Hornets","CHO","New York Knicks","NYK",2024-11-29,99,98,"202411290CHO"
"Charlotte Hornets","CHO","New York Knicks","NYK",2025-03-20,98,115,"202503200CHO"
"Charlotte Hornets","CHO","Oklahoma City Thunder","OKC",2024-12-28,106,94,"202412280CHO"
"Charlotte Hornets","CHO","Orlando Magic","ORL",2024-11-25,95,84,"202411250CHO"
"Charlotte Hornets","CHO","Orlando Magic","ORL",2025-03-25,111,104,"202503250CHO"
"Charlotte Hornets","CHO","Philadelphia 76ers","PHI",2024-12-03,110,104,"202412030CHO"
"Charlotte Hornets","CHO","Philadelphia 76ers","PHI",2024-12-16,121,108,"202412160CHO"
"Charlotte Hornets","CHO","Phoenix Suns","PHO",2025-01-07,104,115,"202501070CHO"
"Charlotte Hornets","CHO","Portland Trail Blazers","POR",2025-01-24,102,97,"202501240CHO"
"Charlotte Hornets","CHO","Sacramento Kings","SAC",2025-04-04,125,102,"202504040CHO"
"Charlotte Hornets","CHO","San Antonio Spurs","SAS",2025-02-07,116,117,"202502070CHO"
"Charlotte Hornets","CHO","Toronto Raptors","TOR",2024-10-30,133,138,"202410300CHO"
"Charlotte Hornets","CHO","Utah Jazz","UTA",2025-03-31,106,110,"202503310CHO"
"Charlotte Hornets","CHO","Washington Wizards","WAS",2025-02-03,124,114,"202502030CHO"
"Charlotte Hornets","CHO","Washington Wizards","WAS",2025-03-01,113,100,"202503010CHO"
"Cleveland Cavaliers","CLE","Atlanta Hawks","ATL",2024-11-27,135,124,"202411270CLE"
"Cleveland Cavaliers","CLE","Atlanta Hawks","ATL",2025-01-30,115,137,"202501300CLE"
"Cleveland Cavaliers","CLE","Brooklyn Nets","BKN",2024-11-09,100,105,"202411090CLE"
"Cleveland Cavaliers","CLE","Brooklyn Nets","BKN",2025-03-11,104,109,"202503110CLE"
"Cleveland Cavaliers","CLE","Boston Celtics","BOS",2024-12-01,111,115,"202412010CLE"
"Cleveland Cavaliers","CLE","Boston Celtics","BOS",2025-02-04,112,105,"202502040CLE"
"Cleveland Cavaliers","CLE","Chicago Bulls","CHI",2024-11-15,126,144,"202411150CLE"
"Cleveland Cavaliers","CLE","Chicago Bulls","CHI",2025-04-08,113,135,"202504080CLE"
"Cleveland Cavaliers","CLE","Charlotte Hornets","CHO",2024-11-17,114,128,"202411170CLE"
"Cleveland Cavaliers","CLE","Charlotte Hornets","CHO",2025-01-05,105,115,"202501050CLE"
"Cleveland Cavaliers","CLE","Dallas Mavericks","DAL",2025-02-02,101,144,"202502020CLE"
"Cleveland Cavaliers","CLE","Denver Nuggets","DEN",2024-12-05,114,126,"202412050CLE"
"Cleveland Cavaliers","CLE","Detroit Pistons","DET",2024-10-25,101,113,"202410250CLE"
"Cleveland Cavaliers","CLE","Detroit Pistons","DET",2025-01-27,91,110,"202501270CLE"
"Cleveland Cavaliers","CLE","Golden State Warriors","GSW",2024-11-08,117,136,"202411080CLE"
"Cleveland Cavaliers","CLE","Houston Rockets","HOU",2025-01-25,135,131,"202501250CLE"
"Cleveland Cavaliers","CLE","Indiana Pacers","IND",2025-01-12,108,93,"202501120CLE"
"Cleveland Cavaliers","CLE","Indiana Pacers","IND",2025-04-13,126,118,"202504130CLE"
"Cleveland Cavaliers","CLE","Los Angeles Clippers","LAC",2025-03-30,122,127,"202503300CLE"
"Cleveland Cavaliers","CLE","Los Angeles Lakers","LAL",2024-10-30,110,134,"202410300CLE"
"Cleveland Cavaliers","CLE","Memphis Grizzlies","MEM",2025-02-23,123,129,"202502230CLE"
"Cleveland Cavaliers","CLE","Miami Heat","MIA",2025-03-05,107,112,"202503050CLE"
"Cleveland Cavaliers","CLE","Milwaukee Bucks","MIL",2024-11-04,114,116,"202411040CLE"
"Cleveland Cavaliers","CLE","Milwaukee Bucks","MIL",2024-12-20,101,124,"202412200CLE"
"Cleveland Cavaliers","CLE","Minnesota Timberwolves","MIN",2025-02-10,107,128,"202502100CLE"
"Cleveland Cavaliers","CLE","New Orleans Pelicans","NOP",2024-11-20,100,128,"202411200CLE"
"Cleveland Cavaliers","CLE","New York Knicks","NYK",2025-02-21,105,142,"202502210CLE"
"Cleveland Cavaliers","CLE","New York Knicks","NYK",2025-04-02,105,124,"202504020CLE"
"Cleveland Cavaliers","CLE","Oklahoma City Thunder","OKC",2025-01-08,122,129,"202501080CLE"
"Cleveland Cavaliers","CLE","Orlando Magic","ORL",2024-11-01,109,120,"202411010CLE"
"Cleveland Cavaliers","CLE","Orlando Magic","ORL",2025-03-16,108,103,"202503160CLE"
"Cleveland Cavaliers","CLE","Philadelphia 76ers","PHI",2024-12-21,99,126,"202412210CLE"
"Cleveland Cavaliers","CLE","Phoenix Suns","PHO",2025-01-20,92,118,"202501200CLE"
"Cleveland Cavaliers","CLE","Portland Trail Blazers","POR",2025-03-02,129,133,"202503020CLE"
"Cleveland Cavaliers","CLE","Sacramento Kings","SAC",2025-04-06,120,113,"202504060CLE"
"Cleveland Cavaliers","CLE","San Antonio Spurs","SAS",2025-03-27,116,124,"202503270CLE"
"Cleveland Cavaliers","CLE","Toronto Raptors","TOR",2024-11-24,108,122,"202411240CLE"
"Cleveland Cavaliers","CLE","Toronto Raptors","TOR",2025-01-09,126,132,"202501090CLE"
"Cleveland Cavaliers","CLE","Utah Jazz","UTA",2024-12-23,113,124,"202412230CLE"
"Cleveland Cavaliers","CLE","Washington Wizards","WAS",2024-12-03,87,118,"202412030CLE"
"Cleveland Cavaliers","CLE","Washington Wizards","WAS",2024-12-13,105,115,"202412130CLE"
"Dallas Mavericks","DAL","Atlanta Hawks","ATL",2025-04-02,118,120,"202504020DAL"
"Dallas Mavericks","DAL","Brooklyn Nets","BKN",2025-03-31,113,109,"202503310DAL"
"Dallas Mavericks","DAL","Boston Celtics","BOS",2025-01-25,122,107,"202501250DAL"
"Dallas Mavericks","DAL","Chicago Bulls","CHI",2024-11-06,99,119,"202411060DAL"
"Dallas Mavericks","DAL","Charlotte Hornets","CHO",2025-02-27,96,103,"202502270DAL"
"Dallas Mavericks","DAL","Cleveland Cavaliers","CLE",2025-01-03,134,122,"202501030DAL"
"Dallas Mavericks","DAL","Denver Nuggets","DEN",2025-01-12,112,101,"202501120DAL"
"Dallas Mavericks","DAL","Denver Nuggets","DEN",2025-01-14,118,99,"202501140DAL"
"Dallas Mavericks","DAL","Detroit Pistons","DET",2025-03-21,117,123,"202503210DAL"
"Dallas Mavericks","DAL","Golden State Warriors","GSW",2025-02-12,107,111,"202502120DAL"
"Dallas Mavericks","DAL","Houston Rockets","HOU",2024-10-31,108,102,"202410310DAL"
"Dallas Mavericks","DAL","Houston Rockets","HOU",2025-02-08,105,116,"202502080DAL"
"Dallas Mavericks","DAL","Indiana Pacers","IND",2024-11-04,134,127,"202411040DAL"
"Dallas Mavericks","DAL","Los Angeles Clippers","LAC",2024-12-19,118,95,"202412190DAL"
"Dallas Mavericks","DAL","Los Angeles Clippers","LAC",2024-12-21,97,113,"202412210DAL"
"Dallas Mavericks","DAL","Los Angeles Lakers","LAL",2025-01-07,97,118,"202501070DAL"
"Dallas Mavericks","DAL","Los Angeles Lakers","LAL",2025-04-09,112,97,"202504090DAL"
"Dallas Mavericks","DAL","Memphis Grizzlies","MEM",2024-12-03,116,121,"202412030DAL"
"Dallas Mavericks","DAL","Memphis Grizzlies","MEM",2025-03-07,122,111,"202503070DAL"
"Dallas Mavericks","DAL","Miami Heat","MIA",2025-02-13,113,118,"202502130DAL"
"Dallas Mavericks","DAL","Milwaukee Bucks","MIL",2025-03-01,132,117,"202503010DAL"
"Dallas Mavericks","DAL","Minnesota Timberwolves","MIN",2024-12-25,105,99,"202412250DAL"
"Dallas Mavericks","DAL","Minnesota Timberwolves","MIN",2025-01-22,115,114,"202501220DAL"
"Dallas Mavericks","DAL","New Orleans Pelicans","NOP",2024-11-19,91,132,"202411190DAL"
"Dallas Mavericks","DAL","New Orleans Pelicans","NOP",2025-02-21,103,111,"202502210DAL"
"Dallas Mavericks","DAL","New York Knicks","NYK",2024-11-27,114,129,"202411270DAL"
"Dallas Mavericks","DAL","Oklahoma City Thunder","OKC",2025-01-17,98,106,"202501170DAL"
"Dallas Mavericks","DAL","Orlando Magic","ORL",2024-11-03,85,108,"202411030DAL"
"Dallas Mavericks","DAL","Philadelphia 76ers","PHI",2025-03-16,130,125,"202503160DAL"
"Dallas Mavericks","DAL","Phoenix Suns","PHO",2024-11-08,114,113,"202411080DAL"
"Dallas Mavericks","DAL","Phoenix Suns","PHO",2025-03-09,125,116,"202503090DAL"
"Dallas Mavericks","DAL","Portland Trail Blazers","POR",2024-12-23,108,132,"202412230DAL"
"Dallas Mavericks","DAL","Portland Trail Blazers","POR",2025-01-09,111,117,"202501090DAL"
"Dallas Mavericks","DAL","Sacramento Kings","SAC",2025-02-10,129,128,"202502100DAL"
"Dallas Mavericks","DAL","Sacramento Kings","SAC",2025-03-03,122,98,"202503030DAL"
"Dallas Mavericks","DAL","San Antonio Spurs","SAS",2024-10-24,109,120,"202410240DAL"
"Dallas Mavericks","DAL","San Antonio Spurs","SAS",2024-11-16,93,110,"202411160DAL"
"Dallas Mavericks","DAL","Toronto Raptors","TOR",2025-04-11,102,124,"202504110DAL"
"Dallas Mavericks","DAL","Utah Jazz","UTA",2024-10-28,102,110,"202410280DAL"
"Dallas Mavericks","DAL","Washington Wizards","WAS",2025-01-27,108,130,"202501270DAL"
"Denver Nuggets","DEN","Atlanta Hawks","ATL",2025-01-01,120,139,"202501010DEN"
"Denver Nuggets","DEN","Brooklyn Nets","BKN",2025-01-10,105,124,"202501100DEN"
"Denver Nuggets","DEN","Boston Celtics","BOS",2025-01-07,118,106,"202501070DEN"
"Denver Nuggets","DEN","Chicago Bulls","CHI",2025-03-24,129,119,"202503240DEN"
"Denver Nuggets","DEN","Charlotte Hornets","CHO",2025-02-20,115,129,"202502200DEN"
"Denver Nuggets","DEN","Cleveland Cavaliers","CLE",2024-12-27,149,135,"202412270DEN"
"Denver Nuggets","DEN","Dallas Mavericks","DAL",2024-11-10,120,122,"202411100DEN"
"Denver Nuggets","DEN","Dallas Mavericks","DAL",2024-11-22,123,120,"202411220DEN"
"Denver Nuggets","DEN","Detroit Pistons","DET",2024-12-28,121,134,"202412280DEN"
"Denver Nuggets","DEN","Golden State Warriors","GSW",2024-12-03,115,119,"202412030DEN"
"Denver Nuggets","DEN","Houston Rockets","HOU",2025-01-15,128,108,"202501150DEN"
"Denver Nuggets","DEN","Indiana Pacers","IND",2025-04-06,125,120,"202504060DEN"
"Denver Nuggets","DEN","Los Angeles Clippers","LAC",2024-10-26,109,104,"202410260DEN"
"Denver Nuggets","DEN","Los Angeles Clippers","LAC",2024-12-13,98,120,"202412130DEN"
"Denver Nuggets","DEN","Los Angeles Clippers","LAC",2025-01-08,103,126,"202501080DEN"
"Denver Nuggets","DEN","Los Angeles Lakers","LAL",2025-02-22,123,100,"202502220DEN"
"Denver Nuggets","DEN","Los Angeles Lakers","LAL",2025-03-14,126,131,"202503140DEN"
"Denver Nuggets","DEN","Memphis Grizzlies","MEM",2025-04-11,109,117,"202504110DEN"
"Denver Nuggets","DEN","Miami Heat","MIA",2024-11-08,122,135,"202411080DEN"
"Denver Nuggets","DEN","Milwaukee Bucks","MIL",2025-03-26,117,127,"202503260DEN"
"Denver Nuggets","DEN","Minnesota Timberwolves","MIN",2025-03-12,115,95,"202503120DEN"
"Denver Nuggets","DEN","Minnesota Timberwolves","MIN",2025-04-01,140,139,"202504010DEN"
"Denver Nuggets","DEN","New Orleans Pelicans","NOP",2025-02-03,113,125,"202502030DEN"
"Denver Nuggets","DEN","New Orleans Pelicans","NOP",2025-02-05,119,144,"202502050DEN"
"Denver Nuggets","DEN","New York Knicks","NYK",2024-11-25,145,118,"202411250DEN"
"Denver Nuggets","DEN","Oklahoma City Thunder","OKC",2024-10-24,102,87,"202410240DEN"
"Denver Nuggets","DEN","Oklahoma City Thunder","OKC",2024-11-06,122,124,"202411060DEN"
"Denver Nuggets","DEN","Orlando Magic","ORL",2025-02-06,90,112,"202502060DEN"
"Denver Nuggets","DEN","Philadelphia 76ers","PHI",2025-01-21,109,144,"202501210DEN"
"Denver Nuggets","DEN","Phoenix Suns","PHO",2024-12-23,90,117,"202412230DEN"
"Denver Nuggets","DEN","Phoenix Suns","PHO",2025-03-07,141,149,"202503070DEN"
"Denver Nuggets","DEN","Portland Trail Blazers","POR",2025-02-10,117,146,"202502100DEN"
"Denver Nuggets","DEN","Portland Trail Blazers","POR",2025-02-12,121,132,"202502120DEN"
"Denver Nuggets","DEN","Sacramento Kings","SAC",2025-01-23,123,132,"202501230DEN"
"Denver Nuggets","DEN","Sacramento Kings","SAC",2025-03-05,110,116,"202503050DEN"
"Denver Nuggets","DEN","San Antonio Spurs","SAS",2025-01-03,113,110,"202501030DEN"
"Denver Nuggets","DEN","San Antonio Spurs","SAS",2025-04-02,113,106,"202504020DEN"
"Denver Nuggets","DEN","Toronto Raptors","TOR",2024-11-04,119,121,"202411040DEN"
"Denver Nuggets","DEN","Utah Jazz","UTA",2024-11-02,103,129,"202411020DEN"
"Denver Nuggets","DEN","Utah Jazz","UTA",2025-03-28,93,129,"202503280DEN"
"Denver Nuggets","DEN","Washington Wizards","WAS",2025-03-15,126,123,"202503150DEN"
"Detroit Pistons","DET","Atlanta Hawks","ATL",2024-11-08,121,122,"202411080DET"
"Detroit Pistons","DET","Atlanta Hawks","ATL",2025-02-03,132,130,"202502030DET"
"Detroit Pistons","DET","Brooklyn Nets","BKN",2025-03-01,94,115,"202503010DET"
"Detroit Pistons","DET","Boston Celtics","BOS",2024-10-26,124,118,"202410260DET"
"Detroit Pistons","DET","Boston Celtics","BOS",2025-02-26,97,117,"202502260DET"
"Detroit Pistons","DET","Chicago Bulls","CHI",2024-11-18,122,112,"202411180DET"
"Detroit Pistons","DET","Chicago Bulls","CHI",2025-02-02,119,127,"202502020DET"
"Detroit Pistons","DET","Charlotte Hornets","CHO",2025-01-03,94,98,"202501030DET"
"Detroit Pistons","DET","Charlotte Hornets","CHO",2025-02-09,102,112,"202502090DET"
"Detroit Pistons","DET","Cleveland Cavaliers","CLE",2025-02-05,118,115,"202502050DET"
"Detroit Pistons","DET","Cleveland Cavaliers","CLE",2025-03-28,122,133,"202503280DET"
"Detroit Pistons","DET","Dallas Mavericks","DAL",2025-01-31,102,117,"202501310DET"
"Detroit Pistons","DET","Denver Nuggets","DEN",2025-02-28,134,119,"202502280DET"
"Detroit Pistons","DET","Golden State Warriors","GSW",2025-01-09,107,104,"202501090DET"
"Detroit Pistons","DET","Houston Rockets","HOU",2024-11-10,101,99,"202411100DET"
"Detroit Pistons","DET","Indiana Pacers","IND",2024-10-23,115,109,"202410230DET"
"Detroit Pistons","DET","Indiana Pacers","IND",2025-01-16,111,100,"202501160DET"
"Detroit Pistons","DET","Los Angeles Clippers","LAC",2025-02-24,97,106,"202502240DET"
"Detroit Pistons","DET","Los Angeles Lakers","LAL",2024-11-04,103,115,"202411040DET"
"Detroit Pistons","DET","Memphis Grizzlies","MEM",2025-04-05,109,103,"202504050DET"
"Detroit Pistons","DET","Miami Heat","MIA",2024-11-12,121,123,"202411120DET"
"Detroit Pistons","DET","Miami Heat","MIA",2024-12-16,124,125,"202412160DET"
"Detroit Pistons","DET","Milwaukee Bucks","MIL",2024-12-03,128,107,"202412030DET"
"Detroit Pistons","DET","Milwaukee Bucks","MIL",2025-04-11,125,119,"202504110DET"
"Detroit Pistons","DET","Minnesota Timberwolves","MIN",2025-01-04,105,119,"202501040DET"
"Detroit Pistons","DET","New Orleans Pelicans","NOP",2025-03-23,130,136,"202503230DET"
"Detroit Pistons","DET","New York Knicks","NYK",2024-11-01,128,98,"202411010DET"
"Detroit Pistons","DET","New York Knicks","NYK",2025-04-10,106,115,"202504100DET"
"Detroit Pistons","DET","Oklahoma City Thunder","OKC",2025-03-15,113,107,"202503150DET"
"Detroit Pistons","DET","Orlando Magic","ORL",2025-01-01,96,105,"202501010DET"
"Detroit Pistons","DET","Philadelphia 76ers","PHI",2024-11-30,111,96,"202411300DET"
"Detroit Pistons","DET","Philadelphia 76ers","PHI",2025-02-07,112,125,"202502070DET"
"Detroit Pistons","DET","Phoenix Suns","PHO",2025-01-18,125,121,"202501180DET"
"Detroit Pistons","DET","Portland Trail Blazers","POR",2025-01-06,115,118,"202501060DET"
"Detroit Pistons","DET","Sacramento Kings","SAC",2025-04-07,127,117,"202504070DET"
"Detroit Pistons","DET","San Antonio Spurs","SAS",2025-03-25,96,122,"202503250DET"
"Detroit Pistons","DET","Toronto Raptors","TOR",2024-11-25,100,102,"202411250DET"
"Detroit Pistons","DET","Toronto Raptors","TOR",2025-01-11,114,123,"202501110DET"
"Detroit Pistons","DET","Utah Jazz","UTA",2024-12-19,126,119,"202412190DET"
"Detroit Pistons","DET","Washington Wizards","WAS",2025-03-11,103,123,"202503110DET"
"Detroit Pistons","DET","Washington Wizards","WAS",2025-03-13,129,125,"202503130DET"
"Golden State Warriors","GSW","Atlanta Hawks","ATL",2024-11-20,97,120,"202411200GSW"
"Golden State Warriors","GSW","Brooklyn Nets","BKN",2024-11-25,128,120,"202411250GSW"
"Golden State Warriors","GSW","Boston Celtics","BOS",2025-01-20,125,85,"202501200GSW"
"Golden State Warriors","GSW","Chicago Bulls","CHI",2025-01-23,106,131,"202501230GSW"
"Golden State Warriors","GSW","Charlotte Hornets","CHO",2025-02-25,92,128,"202502250GSW"
"Golden State Warriors","GSW","Cleveland Cavaliers","CLE",2024-12-30,113,95,"202412300GSW"
"Golden State Warriors","GSW","Dallas Mavericks","DAL",2024-11-12,117,120,"202411120GSW"
"Golden State Warriors","GSW","Dallas Mavericks","DAL",2024-12-15,143,133,"202412150GSW"
"Golden State Warriors","GSW","Dallas Mavericks","DAL",2025-02-23,102,126,"202502230GSW"
"Golden State Warriors","GSW","Denver Nuggets","DEN",2025-03-17,114,105,"202503170GSW"
"Golden State Warriors","GSW","Denver Nuggets","DEN",2025-04-04,104,118,"202504040GSW"
"Golden State Warriors","GSW","Detroit Pistons","DET",2025-03-08,110,115,"202503080GSW"
"Golden State Warriors","GSW","Houston Rockets","HOU",2024-12-05,93,99,"202412050GSW"
"Golden State Warriors","GSW","Houston Rockets","HOU",2025-04-06,106,96,"202504060GSW"
"Golden State Warriors","GSW","Indiana Pacers","IND",2024-12-23,111,105,"202412230GSW"
"Golden State Warriors","GSW","Los Angeles Clippers","LAC",2024-10-27,112,104,"202410270GSW"
"Golden State Warriors","GSW","Los Angeles Clippers","LAC",2025-04-13,124,119,"202504130GSW"
"Golden State Warriors","GSW","Los Angeles Lakers","LAL",2024-12-25,115,113,"202412250GSW"
"Golden State Warriors","GSW","Los Angeles Lakers","LAL",2025-01-25,118,108,"202501250GSW"
"Golden State Warriors","GSW","Memphis Grizzlies","MEM",2024-11-15,118,123,"202411150GSW"
"Golden State Warriors","GSW","Memphis Grizzlies","MEM",2025-01-04,113,121,"202501040GSW"
"Golden State Warriors","GSW","Miami Heat","MIA",2025-01-07,114,98,"202501070GSW"
"Golden State Warriors","GSW","Milwaukee Bucks","MIL",2025-03-18,93,104,"202503180GSW"
"Golden State Warriors","GSW","Minnesota Timberwolves","MIN",2024-12-06,107,90,"202412060GSW"
"Golden State Warriors","GSW","Minnesota Timberwolves","MIN",2024-12-08,106,114,"202412080GSW"
"Golden State Warriors","GSW","New Orleans Pelicans","NOP",2024-10-29,106,124,"202410290GSW"
"Golden State Warriors","GSW","New Orleans Pelicans","NOP",2024-10-30,89,104,"202410300GSW"
"Golden State Warriors","GSW","New York Knicks","NYK",2025-03-15,94,97,"202503150GSW"
"Golden State Warriors","GSW","Oklahoma City Thunder","OKC",2024-11-27,105,101,"202411270GSW"
"Golden State Warriors","GSW","Oklahoma City Thunder","OKC",2025-01-29,109,116,"202501290GSW"
"Golden State Warriors","GSW","Orlando Magic","ORL",2025-02-03,99,104,"202502030GSW"
"Golden State Warriors","GSW","Philadelphia 76ers","PHI",2025-01-02,105,139,"202501020GSW"
"Golden State Warriors","GSW","Phoenix Suns","PHO",2024-12-28,105,109,"202412280GSW"
"Golden State Warriors","GSW","Phoenix Suns","PHO",2025-01-31,130,105,"202501310GSW"
"Golden State Warriors","GSW","Portland Trail Blazers","POR",2025-03-10,120,130,"202503100GSW"
"Golden State Warriors","GSW","Sacramento Kings","SAC",2025-01-05,129,99,"202501050GSW"
"Golden State Warriors","GSW","Sacramento Kings","SAC",2025-03-13,104,130,"202503130GSW"
"Golden State Warriors","GSW","San Antonio Spurs","SAS",2025-04-09,114,111,"202504090GSW"
"Golden State Warriors","GSW","Toronto Raptors","TOR",2025-03-20,114,117,"202503200GSW"
"Golden State Warriors","GSW","Utah Jazz","UTA",2025-01-28,103,114,"202501280GSW"
"Golden State Warriors","GSW","Washington Wizards","WAS",2025-01-18,114,122,"202501180GSW"
"Houston Rockets","HOU","Atlanta Hawks","ATL",2025-03-25,114,121,"202503250HOU"
"Houston Rockets","HOU","Brooklyn Nets","BKN",2025-02-01,110,98,"202502010HOU"
"Houston Rockets","HOU","Boston Celtics","BOS",2025-01-03,109,86,"202501030HOU"
"Houston Rockets","HOU","Chicago Bulls","CHI",2025-03-15,114,117,"202503150HOU"
"Houston Rockets","HOU","Charlotte Hornets","CHO",2024-10-23,110,105,"202410230HOU"
"Houston Rockets","HOU","Cleveland Cavaliers","CLE",2025-01-22,108,109,"202501220HOU"
"Houston Rockets","HOU","Dallas Mavericks","DAL",2025-01-01,99,110,"202501010HOU"
"Houston Rockets","HOU","Dallas Mavericks","DAL",2025-03-14,96,133,"202503140HOU"
"Houston Rockets","HOU","Denver Nuggets","DEN",2025-03-23,116,111,"202503230HOU"
"Houston Rockets","HOU","Denver Nuggets","DEN",2025-04-13,126,111,"202504130HOU"
"Houston Rockets","HOU","Detroit Pistons","DET",2025-01-20,107,96,"202501200HOU"
"Houston Rockets","HOU","Golden State Warriors","GSW",2024-11-02,127,121,"202411020HOU"
"Houston Rockets","HOU","Golden State Warriors","GSW",2024-12-11,90,91,"202412110HOU"
"Houston Rockets","HOU","Golden State Warriors","GSW",2025-02-13,105,98,"202502130HOU"
"Houston Rockets","HOU","Indiana Pacers","IND",2024-11-20,113,130,"202411200HOU"
"Houston Rockets","HOU","Los Angeles Clippers","LAC",2024-11-13,103,111,"202411130HOU"
"Houston Rockets","HOU","Los Angeles Clippers","LAC",2024-11-15,104,125,"202411150HOU"
"Houston Rockets","HOU","Los Angeles Lakers","LAL",2025-01-05,115,119,"202501050HOU"
"Houston Rockets","HOU","Memphis Grizzlies","MEM",2024-10-25,108,128,"202410250HOU"
"Houston Rockets","HOU","Memphis Grizzlies","MEM",2025-01-13,118,120,"202501130HOU"
"Houston Rockets","HOU","Miami Heat","MIA",2024-12-29,104,100,"202412290HOU"
"Houston Rockets","HOU","Milwaukee Bucks","MIL",2025-02-25,97,100,"202502250HOU"
"Houston Rockets","HOU","Minnesota Timberwolves","MIN",2024-12-27,113,112,"202412270HOU"
"Houston Rockets","HOU","Minnesota Timberwolves","MIN",2025-02-21,115,121,"202502210HOU"
"Houston Rockets","HOU","New Orleans Pelicans","NOP",2024-12-19,113,133,"202412190HOU"
"Houston Rockets","HOU","New Orleans Pelicans","NOP",2025-03-08,117,146,"202503080HOU"
"Houston Rockets","HOU","New York Knicks","NYK",2024-11-04,97,109,"202411040HOU"
"Houston Rockets","HOU","Oklahoma City Thunder","OKC",2024-12-01,116,119,"202412010HOU"
"Houston Rockets","HOU","Oklahoma City Thunder","OKC",2025-04-04,111,125,"202504040HOU"
"Houston Rockets","HOU","Orlando Magic","ORL",2025-03-10,84,97,"202503100HOU"
"Houston Rockets","HOU","Philadelphia 76ers","PHI",2025-03-17,137,144,"202503170HOU"
"Houston Rockets","HOU","Phoenix Suns","PHO",2025-02-12,111,119,"202502120HOU"
"Houston Rockets","HOU","Phoenix Suns","PHO",2025-03-12,104,111,"202503120HOU"
"Houston Rockets","HOU","Portland Trail Blazers","POR",2024-11-22,88,116,"202411220HOU"
"Houston Rockets","HOU","Portland Trail Blazers","POR",2024-11-23,104,98,"202411230HOU"
"Houston Rockets","HOU","Sacramento Kings","SAC",2025-03-01,113,103,"202503010HOU"
"Houston Rockets","HOU","San Antonio Spurs","SAS",2024-11-06,100,127,"202411060HOU"
"Houston Rockets","HOU","San Antonio Spurs","SAS",2025-02-26,106,118,"202502260HOU"
"Houston Rockets","HOU","Toronto Raptors","TOR",2025-02-09,87,94,"202502090HOU"
"Houston Rockets","HOU","Utah Jazz","UTA",2025-04-02,105,143,"202504020HOU"
"Houston Rockets","HOU","Washington Wizards","WAS",2024-11-11,92,107,"202411110HOU"
"Indiana Pacers","IND","Atlanta Hawks","ATL",2025-02-01,127,132,"202502010IND"
"Indiana Pacers","IND","Brooklyn Nets","BKN",2025-03-20,99,105,"202503200IND"
"Indiana Pacers","IND","Brooklyn Nets","BKN",2025-03-22,103,108,"202503220IND"
"Indiana Pacers","IND","Boston Celtics","BOS",2024-10-30,132,135,"202410300IND"
"Indiana Pacers","IND","Chicago Bulls","CHI",2025-01-08,113,129,"202501080IND"
"Indiana Pacers","IND","Chicago Bulls","CHI",2025-03-02,112,127,"202503020IND"
"Indiana Pacers","IND","Charlotte Hornets","CHO",2024-12-08,113,109,"202412080IND"
"Indiana Pacers","IND","Charlotte Hornets","CHO",2025-04-02,105,119,"202504020IND"
"Indiana Pacers","IND","Cleveland Cavaliers","CLE",2025-01-14,127,117,"202501140IND"
"Indiana Pacers","IND","Cleveland Cavaliers","CLE",2025-04-10,112,114,"202504100IND"
"Indiana Pacers","IND","Dallas Mavericks","DAL",2025-03-19,131,135,"202503190IND"
"Indiana Pacers","IND","Denver Nuggets","DEN",2025-02-24,125,116,"202502240IND"
"Indiana Pacers","IND","Detroit Pistons","DET",2024-11-29,130,106,"202411290IND"
"Indiana Pacers","IND","Detroit Pistons","DET",2025-01-29,119,133,"202501290IND"
"Indiana Pacers","IND","Golden State Warriors","GSW",2025-01-10,96,108,"202501100IND"
"Indiana Pacers","IND","Houston Rockets","HOU",2025-03-04,102,115,"202503040IND"
"Indiana Pacers","IND","Los Angeles Clippers","LAC",2025-02-23,111,129,"202502230IND"
"Indiana Pacers","IND","Los Angeles Lakers","LAL",2025-03-26,120,119,"202503260IND"
"Indiana Pacers","IND","Memphis Grizzlies","MEM",2025-02-20,113,127,"202502200IND"
"Indiana Pacers","IND","Miami Heat","MIA",2024-11-15,124,111,"202411150IND"
"Indiana Pacers","IND","Miami Heat","MIA",2024-11-17,110,119,"202411170IND"
"Indiana Pacers","IND","Milwaukee Bucks","MIL",2024-12-31,120,112,"202412310IND"
"Indiana Pacers","IND","Milwaukee Bucks","MIL",2025-03-11,114,115,"202503110IND"
"Indiana Pacers","IND","Minnesota Timberwolves","MIN",2025-03-24,103,119,"202503240IND"
"Indiana Pacers","IND","New Orleans Pelicans","NOP",2024-11-25,110,114,"202411250IND"
"Indiana Pacers","IND","New Orleans Pelicans","NOP",2024-12-15,104,119,"202412150IND"
"Indiana Pacers","IND","New York Knicks","NYK",2024-11-10,121,132,"202411100IND"
"Indiana Pacers","IND","New York Knicks","NYK",2025-02-11,128,115,"202502110IND"
"Indiana Pacers","IND","Oklahoma City Thunder","OKC",2024-12-26,120,114,"202412260IND"
"Indiana Pacers","IND","Orlando Magic","ORL",2024-11-06,111,118,"202411060IND"
"Indiana Pacers","IND","Orlando Magic","ORL",2025-04-11,129,115,"202504110IND"
"Indiana Pacers","IND","Philadelphia 76ers","PHI",2024-10-27,118,114,"202410270IND"
"Indiana Pacers","IND","Philadelphia 76ers","PHI",2025-01-18,102,115,"202501180IND"
"Indiana Pacers","IND","Phoenix Suns","PHO",2025-01-04,108,126,"202501040IND"
"Indiana Pacers","IND","Portland Trail Blazers","POR",2024-11-27,114,121,"202411270IND"
"Indiana Pacers","IND","Sacramento Kings","SAC",2025-03-31,109,111,"202503310IND"
"Indiana Pacers","IND","San Antonio Spurs","SAS",2025-01-23,140,110,"202501230IND"
"Indiana Pacers","IND","Toronto Raptors","TOR",2025-02-26,91,111,"202502260IND"
"Indiana Pacers","IND","Utah Jazz","UTA",2025-04-04,112,140,"202504040IND"
"Indiana Pacers","IND","Washington Wizards","WAS",2024-11-24,103,115,"202411240IND"
"Indiana Pacers","IND","Washington Wizards","WAS",2025-04-08,98,104,"202504080IND"
"Los Angeles Clippers","LAC","Atlanta Hawks","ATL",2025-01-04,105,131,"202501040LAC"
"Los Angeles Clippers","LAC","Brooklyn Nets","BKN",2025-01-15,67,126,"202501150LAC"
"Los Angeles Clippers","LAC","Boston Celtics","BOS",2025-01-22,117,113,"202501220LAC"
"Los Angeles Clippers","LAC","Chicago Bulls","CHI",2025-01-20,112,99,"202501200LAC"
"Los Angeles Clippers","LAC","Charlotte Hornets","CHO",2025-03-16,88,123,"202503160LAC"
"Los Angeles Clippers","LAC","Cleveland Cavaliers","CLE",2025-03-18,119,132,"202503180LAC"
"Los Angeles Clippers","LAC","Dallas Mavericks","DAL",2025-04-04,91,114,"202504040LAC"
"Los Angeles Clippers","LAC","Dallas Mavericks","DAL",2025-04-05,104,135,"202504050LAC"
"Los Angeles Clippers","LAC","Denver Nuggets","DEN",2024-12-01,122,126,"202412010LAC"
"Los Angeles Clippers","LAC","Detroit Pistons","DET",2025-03-05,115,123,"202503050LAC"
"Los Angeles Clippers","LAC","Golden State Warriors","GSW",2024-11-18,99,102,"202411180LAC"
"Los Angeles Clippers","LAC","Golden State Warriors","GSW",2024-12-27,92,102,"202412270LAC"
"Los Angeles Clippers","LAC","Houston Rockets","HOU",2024-12-08,117,106,"202412080LAC"
"Los Angeles Clippers","LAC","Houston Rockets","HOU",2025-04-09,117,134,"202504090LAC"
"Los Angeles Clippers","LAC","Indiana Pacers","IND",2025-02-06,119,112,"202502060LAC"
"Los Angeles Clippers","LAC","Los Angeles Lakers","LAL",2025-01-19,102,116,"202501190LAC"
"Los Angeles Clippers","LAC","Los Angeles Lakers","LAL",2025-02-04,122,97,"202502040LAC"
"Los Angeles Clippers","LAC","Memphis Grizzlies","MEM",2025-02-12,114,128,"202502120LAC"
"Los Angeles Clippers","LAC","Memphis Grizzlies","MEM",2025-03-21,108,128,"202503210LAC"
"Los Angeles Clippers","LAC","Miami Heat","MIA",2025-01-13,98,109,"202501130LAC"
"Los Angeles Clippers","LAC","Milwaukee Bucks","MIL",2025-01-25,117,127,"202501250LAC"
"Los Angeles Clippers","LAC","Minnesota Timberwolves","MIN",2024-12-04,108,80,"202412040LAC"
"Los Angeles Clippers","LAC","New Orleans Pelicans","NOP",2025-04-02,98,114,"202504020LAC"
"Los Angeles Clippers","LAC","New York Knicks","NYK",2025-03-07,95,105,"202503070LAC"
"Los Angeles Clippers","LAC","Oklahoma City Thunder","OKC",2024-11-02,105,92,"202411020LAC"
"Los Angeles Clippers","LAC","Oklahoma City Thunder","OKC",2025-03-23,103,101,"202503230LAC"
"Los Angeles Clippers","LAC","Orlando Magic","ORL",2024-11-20,93,104,"202411200LAC"
"Los Angeles Clippers","LAC","Philadelphia 76ers","PHI",2024-11-06,98,110,"202411060LAC"
"Los Angeles Clippers","LAC","Phoenix Suns","PHO",2024-10-23,116,113,"202410230LAC"
"Los Angeles Clippers","LAC","Phoenix Suns","PHO",2024-10-31,125,119,"202410310LAC"
"Los Angeles Clippers","LAC","Portland Trail Blazers","POR",2024-10-30,106,105,"202410300LAC"
"Los Angeles Clippers","LAC","Portland Trail Blazers","POR",2024-12-03,105,127,"202412030LAC"
"Los Angeles Clippers","LAC","Sacramento Kings","SAC",2024-11-22,88,104,"202411220LAC"
"Los Angeles Clippers","LAC","Sacramento Kings","SAC",2025-03-09,110,111,"202503090LAC"
"Los Angeles Clippers","LAC","San Antonio Spurs","SAS",2024-11-04,104,113,"202411040LAC"
"Los Angeles Clippers","LAC","San Antonio Spurs","SAS",2025-04-08,117,122,"202504080LAC"
"Los Angeles Clippers","LAC","Toronto Raptors","TOR",2024-11-09,103,105,"202411090LAC"
"Los Angeles Clippers","LAC","Utah Jazz","UTA",2024-11-17,105,116,"202411170LAC"
"Los Angeles Clippers","LAC","Utah Jazz","UTA",2024-12-16,107,144,"202412160LAC"
"Los Angeles Clippers","LAC","Utah Jazz","UTA",2025-02-08,110,130,"202502080LAC"
"Los Angeles Clippers","LAC","Washington Wizards","WAS",2025-01-23,93,110,"202501230LAC"
"Los Angeles Lakers","LAL","Atlanta Hawks","ATL",2025-01-03,102,119,"202501030LAL"
"Los Angeles Lakers","LAL","Brooklyn Nets","BKN",2025-01-17,101,102,"202501170LAL"
"Los Angeles Lakers","LAL","Boston Celtics","BOS",2025-01-23,96,117,"202501230LAL"
"Los Angeles Lakers","LAL","Chicago Bulls","CHI",2025-03-22,146,115,"202503220LAL"
"Los Angeles Lakers","LAL","Charlotte Hornets","CHO",2025-02-19,100,97,"202502190LAL"
"Los Angeles Lakers","LAL","Cleveland Cavaliers","CLE",2024-12-31,122,110,"202412310LAL"
"Los Angeles Lakers","LAL","Dallas Mavericks","DAL",2025-02-25,99,107,"202502250LAL"
"Los Angeles Lakers","LAL","Denver Nuggets","DEN",2024-11-23,127,102,"202411230LAL"
"Los Angeles Lakers","LAL","Denver Nuggets","DEN",2025-03-19,108,120,"202503190LAL"
"Los Angeles Lakers","LAL","Detroit Pistons","DET",2024-12-23,117,114,"202412230LAL"
"Los Angeles Lakers","LAL","Golden State Warriors","GSW",2025-02-06,112,120,"202502060LAL"
"Los Angeles Lakers","LAL","Golden State Warriors","GSW",2025-04-03,123,116,"202504030LAL"
"Los Angeles Lakers","LAL","Houston Rockets","HOU",2025-03-31,98,104,"202503310LAL"
"Los Angeles Lakers","LAL","Houston Rockets","HOU",2025-04-11,109,140,"202504110LAL"
"Los Angeles Lakers","LAL","Indiana Pacers","IND",2025-02-08,117,124,"202502080LAL"
"Los Angeles Lakers","LAL","Los Angeles Clippers","LAC",2025-02-28,102,106,"202502280LAL"
"Los Angeles Lakers","LAL","Los Angeles Clippers","LAC",2025-03-02,102,108,"202503020LAL"
"Los Angeles Lakers","LAL","Memphis Grizzlies","MEM",2024-11-13,123,128,"202411130LAL"
"Los Angeles Lakers","LAL","Memphis Grizzlies","MEM",2024-12-15,110,116,"202412150LAL"
"Los Angeles Lakers","LAL","Miami Heat","MIA",2025-01-15,108,117,"202501150LAL"
"Los Angeles Lakers","LAL","Milwaukee Bucks","MIL",2025-03-20,118,89,"202503200LAL"
"Los Angeles Lakers","LAL","Minnesota Timberwolves","MIN",2024-10-22,103,110,"202410220LAL"
"Los Angeles Lakers","LAL","Minnesota Timberwolves","MIN",2025-02-27,102,111,"202502270LAL"
"Los Angeles Lakers","LAL","New Orleans Pelicans","NOP",2025-03-04,115,136,"202503040LAL"
"Los Angeles Lakers","LAL","New Orleans Pelicans","NOP",2025-04-04,108,124,"202504040LAL"
"Los Angeles Lakers","LAL","New York Knicks","NYK",2025-03-06,109,113,"202503060LAL"
"Los Angeles Lakers","LAL","Oklahoma City Thunder","OKC",2024-11-29,101,93,"202411290LAL"
"Los Angeles Lakers","LAL","Orlando Magic","ORL",2024-11-21,119,118,"202411210LAL"
"Los Angeles Lakers","LAL","Philadelphia 76ers","PHI",2024-11-08,106,116,"202411080LAL"
"Los Angeles Lakers","LAL","Phoenix Suns","PHO",2024-10-25,116,123,"202410250LAL"
"Los Angeles Lakers","LAL","Phoenix Suns","PHO",2025-03-16,96,107,"202503160LAL"
"Los Angeles Lakers","LAL","Portland Trail Blazers","POR",2024-12-08,98,107,"202412080LAL"
"Los Angeles Lakers","LAL","Portland Trail Blazers","POR",2025-01-02,106,114,"202501020LAL"
"Los Angeles Lakers","LAL","Sacramento Kings","SAC",2024-10-26,127,131,"202410260LAL"
"Los Angeles Lakers","LAL","Sacramento Kings","SAC",2024-12-28,122,132,"202412280LAL"
"Los Angeles Lakers","LAL","San Antonio Spurs","SAS",2025-01-13,126,102,"202501130LAL"
"Los Angeles Lakers","LAL","San Antonio Spurs","SAS",2025-03-17,109,125,"202503170LAL"
"Los Angeles Lakers","LAL","Toronto Raptors","TOR",2024-11-10,103,123,"202411100LAL"
"Los Angeles Lakers","LAL","Utah Jazz","UTA",2024-11-19,118,124,"202411190LAL"
"Los Angeles Lakers","LAL","Utah Jazz","UTA",2025-02-10,113,132,"202502100LAL"
"Los Angeles Lakers","LAL","Washington Wizards","WAS",2025-01-21,88,111,"202501210LAL"
"Memphis Grizzlies","MEM","Atlanta Hawks","ATL",2025-03-03,132,130,"202503030MEM"
"Memphis Grizzlies","MEM","Brooklyn Nets","BKN",2024-10-30,119,106,"202410300MEM"
"Memphis Grizzlies","MEM","Brooklyn Nets","BKN",2024-12-13,119,135,"202412130MEM"
"Memphis Grizzlies","MEM","Boston Celtics","BOS",2025-03-31,117,103,"202503310MEM"
"Memphis Grizzlies","MEM","Chicago Bulls","CHI",2024-10-28,126,123,"202410280MEM"
"Memphis Grizzlies","MEM","Charlotte Hornets","CHO",2025-01-22,120,132,"202501220MEM"
"Memphis Grizzlies","MEM","Cleveland Cavaliers","CLE",2025-03-14,133,124,"202503140MEM"
"Memphis Grizzlies","MEM","Dallas Mavericks","DAL",2025-01-06,104,119,"202501060MEM"
"Memphis Grizzlies","MEM","Dallas Mavericks","DAL",2025-04-13,97,132,"202504130MEM"
"Memphis Grizzlies","MEM","Denver Nuggets","DEN",2024-11-17,90,105,"202411170MEM"
"Memphis Grizzlies","MEM","Denver Nuggets","DEN",2024-11-19,122,110,"202411190MEM"
"Memphis Grizzlies","MEM","Detroit Pistons","DET",2024-11-27,111,131,"202411270MEM"
"Memphis Grizzlies","MEM","Golden State Warriors","GSW",2024-12-19,93,144,"202412190MEM"
"Memphis Grizzlies","MEM","Golden State Warriors","GSW",2025-04-01,134,125,"202504010MEM"
"Memphis Grizzlies","MEM","Houston Rockets","HOU",2025-01-09,119,115,"202501090MEM"
"Memphis Grizzlies","MEM","Houston Rockets","HOU",2025-01-30,119,120,"202501300MEM"
"Memphis Grizzlies","MEM","Indiana Pacers","IND",2024-12-01,121,136,"202412010MEM"
"Memphis Grizzlies","MEM","Los Angeles Clippers","LAC",2024-12-23,114,110,"202412230MEM"
"Memphis Grizzlies","MEM","Los Angeles Lakers","LAL",2024-11-06,114,131,"202411060MEM"
"Memphis Grizzlies","MEM","Los Angeles Lakers","LAL",2025-03-29,134,127,"202503290MEM"
"Memphis Grizzlies","MEM","Miami Heat","MIA",2025-03-15,91,125,"202503150MEM"
"Memphis Grizzlies","MEM","Milwaukee Bucks","MIL",2024-10-31,99,122,"202410310MEM"
"Memphis Grizzlies","MEM","Minnesota Timberwolves","MIN",2025-01-20,106,108,"202501200MEM"
"Memphis Grizzlies","MEM","Minnesota Timberwolves","MIN",2025-04-10,141,125,"202504100MEM"
"Memphis Grizzlies","MEM","New Orleans Pelicans","NOP",2024-11-29,109,120,"202411290MEM"
"Memphis Grizzlies","MEM","New Orleans Pelicans","NOP",2025-01-24,126,139,"202501240MEM"
"Memphis Grizzlies","MEM","New York Knicks","NYK",2025-02-28,114,113,"202502280MEM"
"Memphis Grizzlies","MEM","Oklahoma City Thunder","OKC",2025-02-08,125,112,"202502080MEM"
"Memphis Grizzlies","MEM","Oklahoma City Thunder","OKC",2025-03-05,120,103,"202503050MEM"
"Memphis Grizzlies","MEM","Orlando Magic","ORL",2024-10-26,111,124,"202410260MEM"
"Memphis Grizzlies","MEM","Philadelphia 76ers","PHI",2024-11-20,111,117,"202411200MEM"
"Memphis Grizzlies","MEM","Phoenix Suns","PHO",2025-02-25,148,151,"202502250MEM"
"Memphis Grizzlies","MEM","Phoenix Suns","PHO",2025-03-10,118,120,"202503100MEM"
"Memphis Grizzlies","MEM","Portland Trail Blazers","POR",2024-11-25,98,123,"202411250MEM"
"Memphis Grizzlies","MEM","Sacramento Kings","SAC",2024-12-05,110,115,"202412050MEM"
"Memphis Grizzlies","MEM","San Antonio Spurs","SAS",2025-02-03,109,128,"202502030MEM"
"Memphis Grizzlies","MEM","San Antonio Spurs","SAS",2025-03-01,130,128,"202503010MEM"
"Memphis Grizzlies","MEM","Toronto Raptors","TOR",2024-12-26,126,155,"202412260MEM"
"Memphis Grizzlies","MEM","Utah Jazz","UTA",2025-01-25,103,125,"202501250MEM"
"Memphis Grizzlies","MEM","Utah Jazz","UTA",2025-03-12,115,122,"202503120MEM"
"Memphis Grizzlies","MEM","Washington Wizards","WAS",2024-11-08,104,128,"202411080MEM"
"Miami Heat","MIA","Atlanta Hawks","ATL",2025-02-26,109,131,"202502260MIA"
"Miami Heat","MIA","Atlanta Hawks","ATL",2025-03-27,112,122,"202503270MIA"
"Miami Heat","MIA","Brooklyn Nets","BKN",2024-12-23,95,110,"202412230MIA"
"Miami Heat","MIA","Boston Celtics","BOS",2025-02-10,103,85,"202502100MIA"
"Miami Heat","MIA","Boston Celtics","BOS",2025-03-14,103,91,"202503140MIA"
"Miami Heat","MIA","Chicago Bulls","CHI",2025-03-08,114,109,"202503080MIA"
"Miami Heat","MIA","Charlotte Hornets","CHO",2025-03-10,105,102,"202503100MIA"
"Miami Heat","MIA","Charlotte Hornets","CHO",2025-03-23,105,122,"202503230MIA"
"Miami Heat","MIA","Cleveland Cavaliers","CLE",2024-12-08,113,122,"202412080MIA"
"Miami Heat","MIA","Cleveland Cavaliers","CLE",2025-01-29,126,106,"202501290MIA"
"Miami Heat","MIA","Dallas Mavericks","DAL",2024-11-24,118,123,"202411240MIA"
"Miami Heat","MIA","Denver Nuggets","DEN",2025-01-17,133,113,"202501170MIA"
"Miami Heat","MIA","Detroit Pistons","DET",2024-10-28,98,106,"202410280MIA"
"Miami Heat","MIA","Detroit Pistons","DET",2025-03-19,116,113,"202503190MIA"
"Miami Heat","MIA","Golden State Warriors","GSW",2025-03-25,86,112,"202503250MIA"
"Miami Heat","MIA","Houston Rockets","HOU",2025-03-21,102,98,"202503210MIA"
"Miami Heat","MIA","Indiana Pacers","IND",2025-01-02,128,115,"202501020MIA"
"Miami Heat","MIA","Indiana Pacers","IND",2025-02-28,120,125,"202502280MIA"
"Miami Heat","MIA","Los Angeles Clippers","LAC",2025-03-12,119,104,"202503120MIA"
"Miami Heat","MIA","Los Angeles Lakers","LAL",2024-12-04,93,134,"202412040MIA"
"Miami Heat","MIA","Memphis Grizzlies","MEM",2025-04-03,110,108,"202504030MIA"
"Miami Heat","MIA","Milwaukee Bucks","MIL",2024-11-26,106,103,"202411260MIA"
"Miami Heat","MIA","Milwaukee Bucks","MIL",2025-04-05,121,115,"202504050MIA"
"Miami Heat","MIA","Minnesota Timberwolves","MIN",2025-03-07,106,104,"202503070MIA"
"Miami Heat","MIA","New Orleans Pelicans","NOP",2025-01-01,108,119,"202501010MIA"
"Miami Heat","MIA","New York Knicks","NYK",2024-10-30,116,107,"202410300MIA"
"Miami Heat","MIA","New York Knicks","NYK",2025-03-02,116,112,"202503020MIA"
"Miami Heat","MIA","Oklahoma City Thunder","OKC",2024-12-20,104,97,"202412200MIA"
"Miami Heat","MIA","Orlando Magic","ORL",2024-10-23,116,97,"202410230MIA"
"Miami Heat","MIA","Orlando Magic","ORL",2025-01-27,119,125,"202501270MIA"
"Miami Heat","MIA","Philadelphia 76ers","PHI",2024-11-18,89,106,"202411180MIA"
"Miami Heat","MIA","Philadelphia 76ers","PHI",2025-04-07,105,117,"202504070MIA"
"Miami Heat","MIA","Phoenix Suns","PHO",2024-12-07,111,121,"202412070MIA"
"Miami Heat","MIA","Portland Trail Blazers","POR",2025-01-21,116,107,"202501210MIA"
"Miami Heat","MIA","Sacramento Kings","SAC",2024-11-04,111,110,"202411040MIA"
"Miami Heat","MIA","San Antonio Spurs","SAS",2025-01-19,107,128,"202501190MIA"
"Miami Heat","MIA","Toronto Raptors","TOR",2024-11-29,111,121,"202411290MIA"
"Miami Heat","MIA","Toronto Raptors","TOR",2024-12-12,104,114,"202412120MIA"
"Miami Heat","MIA","Utah Jazz","UTA",2025-01-04,136,100,"202501040MIA"
"Miami Heat","MIA","Washington Wizards","WAS",2025-03-03,90,106,"202503030MIA"
"Miami Heat","MIA","Washington Wizards","WAS",2025-04-13,119,118,"202504130MIA"
"Milwaukee Bucks","MIL","Atlanta Hawks","ATL",2024-12-04,119,104,"202412040MIL"
"Milwaukee Bucks","MIL","Atlanta Hawks","ATL",2024-12-14,102,110,"202412140MIL"
"Milwaukee Bucks","MIL","Atlanta Hawks","ATL",2025-03-30,145,124,"202503300MIL"
"Milwaukee Bucks","MIL","Brooklyn Nets","BKN",2024-12-26,111,105,"202412260MIL"
"Milwaukee Bucks","MIL","Brooklyn Nets","BKN",2025-01-02,113,110,"202501020MIL"
"Milwaukee Bucks","MIL","Boston Celtics","BOS",2024-11-10,113,107,"202411100MIL"
"Milwaukee Bucks","MIL","Chicago Bulls","CHI",2024-10-25,133,122,"202410250MIL"
"Milwaukee Bucks","MIL","Chicago Bulls","CHI",2024-11-20,106,122,"202411200MIL"
"Milwaukee Bucks","MIL","Charlotte Hornets","CHO",2024-11-23,119,125,"202411230MIL"
"Milwaukee Bucks","MIL","Cleveland Cavaliers","CLE",2024-11-02,114,113,"202411020MIL"
"Milwaukee Bucks","MIL","Cleveland Cavaliers","CLE",2025-03-09,112,100,"202503090MIL"
"Milwaukee Bucks","MIL","Dallas Mavericks","DAL",2025-03-05,107,137,"202503050MIL"
"Milwaukee Bucks","MIL","Denver Nuggets","DEN",2025-02-27,112,121,"202502270MIL"
"Milwaukee Bucks","MIL","Detroit Pistons","DET",2024-11-13,120,127,"202411130MIL"
"Milwaukee Bucks","MIL","Detroit Pistons","DET",2025-04-13,133,140,"202504130MIL"
"Milwaukee Bucks","MIL","Golden State Warriors","GSW",2025-02-10,125,111,"202502100MIL"
"Milwaukee Bucks","MIL","Houston Rockets","HOU",2024-11-18,100,101,"202411180MIL"
"Milwaukee Bucks","MIL","Indiana Pacers","IND",2024-11-22,117,129,"202411220MIL"
"Milwaukee Bucks","MIL","Indiana Pacers","IND",2025-03-15,119,126,"202503150MIL"
"Milwaukee Bucks","MIL","Los Angeles Clippers","LAC",2025-02-20,110,116,"202502200MIL"
"Milwaukee Bucks","MIL","Los Angeles Lakers","LAL",2025-03-13,106,126,"202503130MIL"
"Milwaukee Bucks","MIL","Memphis Grizzlies","MEM",2025-02-02,132,119,"202502020MIL"
"Milwaukee Bucks","MIL","Miami Heat","MIA",2025-01-23,96,125,"202501230MIL"
"Milwaukee Bucks","MIL","Miami Heat","MIA",2025-02-23,113,120,"202502230MIL"
"Milwaukee Bucks","MIL","Minnesota Timberwolves","MIN",2025-04-08,103,110,"202504080MIL"
"Milwaukee Bucks","MIL","New Orleans Pelicans","NOP",2025-04-10,111,136,"202504100MIL"
"Milwaukee Bucks","MIL","New York Knicks","NYK",2025-03-28,116,107,"202503280MIL"
"Milwaukee Bucks","MIL","Oklahoma City Thunder","OKC",2025-03-16,121,105,"202503160MIL"
"Milwaukee Bucks","MIL","Orlando Magic","ORL",2024-12-10,109,114,"202412100MIL"
"Milwaukee Bucks","MIL","Orlando Magic","ORL",2025-01-15,93,122,"202501150MIL"
"Milwaukee Bucks","MIL","Orlando Magic","ORL",2025-03-08,111,109,"202503080MIL"
"Milwaukee Bucks","MIL","Philadelphia 76ers","PHI",2025-01-19,109,123,"202501190MIL"
"Milwaukee Bucks","MIL","Philadelphia 76ers","PHI",2025-02-09,127,135,"202502090MIL"
"Milwaukee Bucks","MIL","Phoenix Suns","PHO",2025-04-01,123,133,"202504010MIL"
"Milwaukee Bucks","MIL","Portland Trail Blazers","POR",2025-01-04,105,102,"202501040MIL"
"Milwaukee Bucks","MIL","Sacramento Kings","SAC",2025-01-14,115,130,"202501140MIL"
"Milwaukee Bucks","MIL","San Antonio Spurs","SAS",2025-01-08,105,121,"202501080MIL"
"Milwaukee Bucks","MIL","Toronto Raptors","TOR",2024-11-12,85,99,"202411120MIL"
"Milwaukee Bucks","MIL","Toronto Raptors","TOR",2025-01-17,112,130,"202501170MIL"
"Milwaukee Bucks","MIL","Utah Jazz","UTA",2024-11-07,100,123,"202411070MIL"
"Milwaukee Bucks","MIL","Washington Wizards","WAS",2024-11-30,114,124,"202411300MIL"
"Milwaukee Bucks","MIL","Washington Wizards","WAS",2024-12-21,101,112,"202412210MIL"
"Minnesota Timberwolves","MIN","Atlanta Hawks","ATL",2025-01-27,92,100,"202501270MIN"
"Minnesota Timberwolves","MIN","Brooklyn Nets","BKN",2025-04-11,91,117,"202504110MIN"
"Minnesota Timberwolves","MIN","Boston Celtics","BOS",2025-01-02,118,115,"202501020MIN"
"Minnesota Timberwolves","MIN","Chicago Bulls","CHI",2025-02-05,108,127,"202502050MIN"
"Minnesota Timberwolves","MIN","Charlotte Hornets","CHO",2024-11-04,93,114,"202411040MIN"
"Minnesota Timberwolves","MIN","Cleveland Cavaliers","CLE",2025-01-18,124,117,"202501180MIN"
"Minnesota Timberwolves","MIN","Dallas Mavericks","DAL",2024-10-29,120,114,"202410290MIN"
"Minnesota Timberwolves","MIN","Denver Nuggets","DEN",2024-11-01,116,119,"202411010MIN"
"Minnesota Timberwolves","MIN","Denver Nuggets","DEN",2025-01-25,104,133,"202501250MIN"
"Minnesota Timberwolves","MIN","Detroit Pistons","DET",2025-03-30,104,123,"202503300MIN"
"Minnesota Timberwolves","MIN","Golden State Warriors","GSW",2024-12-21,113,103,"202412210MIN"
"Minnesota Timberwolves","MIN","Golden State Warriors","GSW",2025-01-15,116,115,"202501150MIN"
"Minnesota Timberwolves","MIN","Houston Rockets","HOU",2024-11-26,117,111,"202411260MIN"
"Minnesota Timberwolves","MIN","Houston Rockets","HOU",2025-02-06,114,127,"202502060MIN"
"Minnesota Timberwolves","MIN","Indiana Pacers","IND",2025-03-17,132,130,"202503170MIN"
"Minnesota Timberwolves","MIN","Los Angeles Clippers","LAC",2024-11-29,92,93,"202411290MIN"
"Minnesota Timberwolves","MIN","Los Angeles Clippers","LAC",2025-01-06,106,108,"202501060MIN"
"Minnesota Timberwolves","MIN","Los Angeles Lakers","LAL",2024-12-02,80,109,"202412020MIN"
"Minnesota Timberwolves","MIN","Los Angeles Lakers","LAL",2024-12-13,87,97,"202412130MIN"
"Minnesota Timberwolves","MIN","Memphis Grizzlies","MEM",2025-01-11,127,125,"202501110MIN"
"Minnesota Timberwolves","MIN","Miami Heat","MIA",2024-11-10,95,94,"202411100MIN"
"Minnesota Timberwolves","MIN","Milwaukee Bucks","MIL",2025-02-12,103,101,"202502120MIN"
"Minnesota Timberwolves","MIN","New Orleans Pelicans","NOP",2025-03-19,119,115,"202503190MIN"
"Minnesota Timberwolves","MIN","New Orleans Pelicans","NOP",2025-03-21,93,134,"202503210MIN"
"Minnesota Timberwolves","MIN","New York Knicks","NYK",2024-12-19,133,107,"202412190MIN"
"Minnesota Timberwolves","MIN","Oklahoma City Thunder","OKC",2025-02-13,101,116,"202502130MIN"
"Minnesota Timberwolves","MIN","Oklahoma City Thunder","OKC",2025-02-23,130,123,"202502230MIN"
"Minnesota Timberwolves","MIN","Orlando Magic","ORL",2025-03-14,111,118,"202503140MIN"
"Minnesota Timberwolves","MIN","Philadelphia 76ers","PHI",2025-03-04,112,126,"202503040MIN"
"Minnesota Timberwolves","MIN","Phoenix Suns","PHO",2024-11-17,117,120,"202411170MIN"
"Minnesota Timberwolves","MIN","Phoenix Suns","PHO",2025-03-28,109,124,"202503280MIN"
"Minnesota Timberwolves","MIN","Portland Trail Blazers","POR",2024-11-08,102,127,"202411080MIN"
"Minnesota Timberwolves","MIN","Portland Trail Blazers","POR",2025-02-08,98,114,"202502080MIN"
"Minnesota Timberwolves","MIN","Sacramento Kings","SAC",2024-11-27,115,104,"202411270MIN"
"Minnesota Timberwolves","MIN","Sacramento Kings","SAC",2025-02-03,116,114,"202502030MIN"
"Minnesota Timberwolves","MIN","San Antonio Spurs","SAS",2024-12-29,110,112,"202412290MIN"
"Minnesota Timberwolves","MIN","San Antonio Spurs","SAS",2025-03-09,124,141,"202503090MIN"
"Minnesota Timberwolves","MIN","Toronto Raptors","TOR",2024-10-26,101,112,"202410260MIN"
"Minnesota Timberwolves","MIN","Utah Jazz","UTA",2025-03-16,102,128,"202503160MIN"
"Minnesota Timberwolves","MIN","Utah Jazz","UTA",2025-04-13,105,116,"202504130MIN"
"Minnesota Timberwolves","MIN","Washington Wizards","WAS",2025-02-01,105,103,"202502010MIN"
"New Orleans Pelicans","NOP","Atlanta Hawks","ATL",2024-11-03,126,111,"202411030NOP"
"New Orleans Pelicans","NOP","Brooklyn Nets","BKN",2024-11-11,107,105,"202411110NOP"
"New Orleans Pelicans","NOP","Boston Celtics","BOS",2025-01-31,118,116,"202501310NOP"
"New Orleans Pelicans","NOP","Chicago Bulls","CHI",2024-10-23,111,123,"202410230NOP"
"New Orleans Pelicans","NOP","Charlotte Hornets","CHO",2025-03-30,94,98,"202503300NOP"
"New Orleans Pelicans","NOP","Cleveland Cavaliers","CLE",2024-11-06,131,122,"202411060NOP"
"New Orleans Pelicans","NOP","Dallas Mavericks","DAL",2025-01-15,116,119,"202501150NOP"
"New Orleans Pelicans","NOP","Dallas Mavericks","DAL",2025-01-29,137,136,"202501290NOP"
"New Orleans Pelicans","NOP","Denver Nuggets","DEN",2024-11-15,94,101,"202411150NOP"
"New Orleans Pelicans","NOP","Denver Nuggets","DEN",2024-12-22,132,129,"202412220NOP"
"New Orleans Pelicans","NOP","Detroit Pistons","DET",2025-03-17,127,81,"202503170NOP"
"New Orleans Pelicans","NOP","Golden State Warriors","GSW",2024-11-22,112,108,"202411220NOP"
"New Orleans Pelicans","NOP","Golden State Warriors","GSW",2025-03-28,111,95,"202503280NOP"
"New Orleans Pelicans","NOP","Houston Rockets","HOU",2024-12-26,128,111,"202412260NOP"
"New Orleans Pelicans","NOP","Houston Rockets","HOU",2025-03-06,109,97,"202503060NOP"
"New Orleans Pelicans","NOP","Indiana Pacers","IND",2024-11-01,118,125,"202411010NOP"
"New Orleans Pelicans","NOP","Los Angeles Clippers","LAC",2024-12-30,116,113,"202412300NOP"
"New Orleans Pelicans","NOP","Los Angeles Clippers","LAC",2025-03-11,120,127,"202503110NOP"
"New Orleans Pelicans","NOP","Los Angeles Lakers","LAL",2024-11-16,104,99,"202411160NOP"
"New Orleans Pelicans","NOP","Memphis Grizzlies","MEM",2024-12-27,132,124,"202412270NOP"
"New Orleans Pelicans","NOP","Memphis Grizzlies","MEM",2025-03-09,107,104,"202503090NOP"
"New Orleans Pelicans","NOP","Miami Heat","MIA",2025-04-11,153,104,"202504110NOP"
"New Orleans Pelicans","NOP","Milwaukee Bucks","MIL",2025-04-06,111,107,"202504060NOP"
"New Orleans Pelicans","NOP","Minnesota Timberwolves","MIN",2025-01-07,104,97,"202501070NOP"
"New Orleans Pelicans","NOP","New York Knicks","NYK",2024-12-21,104,93,"202412210NOP"
"New Orleans Pelicans","NOP","Oklahoma City Thunder","OKC",2024-12-07,119,109,"202412070NOP"
"New Orleans Pelicans","NOP","Oklahoma City Thunder","OKC",2025-04-13,115,100,"202504130NOP"
"New Orleans Pelicans","NOP","Orlando Magic","ORL",2025-03-13,113,93,"202503130NOP"
"New Orleans Pelicans","NOP","Philadelphia 76ers","PHI",2025-03-24,99,112,"202503240NOP"
"New Orleans Pelicans","NOP","Phoenix Suns","PHO",2024-12-05,124,126,"202412050NOP"
"New Orleans Pelicans","NOP","Portland Trail Blazers","POR",2024-11-04,118,100,"202411040NOP"
"New Orleans Pelicans","NOP","Portland Trail Blazers","POR",2025-01-08,119,100,"202501080NOP"
"New Orleans Pelicans","NOP","Sacramento Kings","SAC",2024-12-12,111,109,"202412120NOP"
"New Orleans Pelicans","NOP","Sacramento Kings","SAC",2025-02-12,119,111,"202502120NOP"
"New Orleans Pelicans","NOP","Sacramento Kings","SAC",2025-02-13,133,140,"202502130NOP"
"New Orleans Pelicans","NOP","San Antonio Spurs","SAS",2025-02-23,96,114,"202502230NOP"
"New Orleans Pelicans","NOP","San Antonio Spurs","SAS",2025-02-25,103,109,"202502250NOP"
"New Orleans Pelicans","NOP","Toronto Raptors","TOR",2024-11-27,119,93,"202411270NOP"
"New Orleans Pelicans","NOP","Utah Jazz","UTA",2025-01-17,123,136,"202501170NOP"
"New Orleans Pelicans","NOP","Utah Jazz","UTA",2025-01-20,119,123,"202501200NOP"
"New Orleans Pelicans","NOP","Washington Wizards","WAS",2025-01-03,120,132,"202501030NOP"
"New York Knicks","NYK","Atlanta Hawks","ATL",2024-12-11,108,100,"202412110NYK"
"New York Knicks","NYK","Atlanta Hawks","ATL",2025-01-20,110,119,"202501200NYK"
"New York Knicks","NYK","Atlanta Hawks","ATL",2025-02-12,148,149,"202502120NYK"
"New York Knicks","NYK","Brooklyn Nets","BKN",2024-11-15,122,124,"202411150NYK"
"New York Knicks","NYK","Brooklyn Nets","BKN",2024-11-17,104,114,"202411170NYK"
"New York Knicks","NYK","Boston Celtics","BOS",2025-02-08,131,104,"202502080NYK"
"New York Knicks","NYK","Boston Celtics","BOS",2025-04-08,119,117,"202504080NYK"
"New York Knicks","NYK","Chicago Bulls","CHI",2024-11-13,124,123,"202411130NYK"
"New York Knicks","NYK","Chicago Bulls","CHI",2025-02-20,111,113,"202502200NYK"
"New York Knicks","NYK","Charlotte Hornets","CHO",2024-12-05,101,125,"202412050NYK"
"New York Knicks","NYK","Cleveland Cavaliers","CLE",2024-10-28,110,104,"202410280NYK"
"New York Knicks","NYK","Cleveland Cavaliers","CLE",2025-04-11,108,102,"202504110NYK"
"New York Knicks","NYK","Dallas Mavericks","DAL",2025-03-25,113,128,"202503250NYK"
"New York Knicks","NYK","Denver Nuggets","DEN",2025-01-29,112,122,"202501290NYK"
"New York Knicks","NYK","Detroit Pistons","DET",2024-12-07,120,111,"202412070NYK"
"New York Knicks","NYK","Detroit Pistons","DET",2025-01-13,124,119,"202501130NYK"
"New York Knicks","NYK","Golden State Warriors","GSW",2025-03-04,114,102,"202503040NYK"
"New York Knicks","NYK","Houston Rockets","HOU",2025-02-03,118,124,"202502030NYK"
"New York Knicks","NYK","Indiana Pacers","IND",2024-10-25,98,123,"202410250NYK"
"New York Knicks","NYK","Los Angeles Clippers","LAC",2025-03-26,126,113,"202503260NYK"
"New York Knicks","NYK","Los Angeles Lakers","LAL",2025-02-01,128,112,"202502010NYK"
"New York Knicks","NYK","Memphis Grizzlies","MEM",2025-01-27,106,143,"202501270NYK"
"New York Knicks","NYK","Miami Heat","MIA",2025-03-17,95,116,"202503170NYK"
"New York Knicks","NYK","Milwaukee Bucks","MIL",2024-11-08,94,116,"202411080NYK"
"New York Knicks","NYK","Milwaukee Bucks","MIL",2025-01-12,106,140,"202501120NYK"
"New York Knicks","NYK","Minnesota Timberwolves","MIN",2025-01-17,116,99,"202501170NYK"
"New York Knicks","NYK","New Orleans Pelicans","NOP",2024-12-01,85,118,"202412010NYK"
"New York Knicks","NYK","Oklahoma City Thunder","OKC",2025-01-10,126,101,"202501100NYK"
"New York Knicks","NYK","Orlando Magic","ORL",2024-12-03,106,121,"202412030NYK"
"New York Knicks","NYK","Orlando Magic","ORL",2025-01-06,103,94,"202501060NYK"
"New York Knicks","NYK","Philadelphia 76ers","PHI",2025-02-26,105,110,"202502260NYK"
"New York Knicks","NYK","Philadelphia 76ers","PHI",2025-04-01,91,105,"202504010NYK"
"New York Knicks","NYK","Phoenix Suns","PHO",2025-04-06,98,112,"202504060NYK"
"New York Knicks","NYK","Portland Trail Blazers","POR",2025-03-30,93,110,"202503300NYK"
"New York Knicks","NYK","Sacramento Kings","SAC",2025-01-25,120,143,"202501250NYK"
"New York Knicks","NYK","San Antonio Spurs","SAS",2024-12-25,114,117,"202412250NYK"
"New York Knicks","NYK","Toronto Raptors","TOR",2024-12-23,125,139,"202412230NYK"
"New York Knicks","NYK","Toronto Raptors","TOR",2025-01-08,98,112,"202501080NYK"
"New York Knicks","NYK","Utah Jazz","UTA",2025-01-01,103,119,"202501010NYK"
"New York Knicks","NYK","Washington Wizards","WAS",2024-11-18,106,134,"202411180NYK"
"New York Knicks","NYK","Washington Wizards","WAS",2025-03-22,103,122,"202503220NYK"
"Oklahoma City Thunder","OKC","Atlanta Hawks","ATL",2024-10-27,104,128,"202410270OKC"
"Oklahoma City Thunder","OKC","Brooklyn Nets","BKN",2025-01-19,101,127,"202501190OKC"
"Oklahoma City Thunder","OKC","Boston Celtics","BOS",2025-01-05,92,105,"202501050OKC"
"Oklahoma City Thunder","OKC","Chicago Bulls","CHI",2025-03-31,117,145,"202503310OKC"
"Oklahoma City Thunder","OKC","Charlotte Hornets","CHO",2025-03-21,106,141,"202503210OKC"
"Oklahoma City Thunder","OKC","Cleveland Cavaliers","CLE",2025-01-16,114,134,"202501160OKC"
"Oklahoma City Thunder","OKC","Dallas Mavericks","DAL",2024-11-17,121,119,"202411170OKC"
"Oklahoma City Thunder","OKC","Dallas Mavericks","DAL",2024-12-10,104,118,"202412100OKC"
"Oklahoma City Thunder","OKC","Dallas Mavericks","DAL",2025-01-23,121,115,"202501230OKC"
"Oklahoma City Thunder","OKC","Denver Nuggets","DEN",2025-03-09,103,127,"202503090OKC"
"Oklahoma City Thunder","OKC","Denver Nuggets","DEN",2025-03-10,140,127,"202503100OKC"
"Oklahoma City Thunder","OKC","Detroit Pistons","DET",2025-04-02,103,119,"202504020OKC"
"Oklahoma City Thunder","OKC","Golden State Warriors","GSW",2024-11-10,127,116,"202411100OKC"
"Oklahoma City Thunder","OKC","Houston Rockets","HOU",2024-11-08,107,126,"202411080OKC"
"Oklahoma City Thunder","OKC","Houston Rockets","HOU",2024-12-14,96,111,"202412140OKC"
"Oklahoma City Thunder","OKC","Houston Rockets","HOU",2025-03-03,128,137,"202503030OKC"
"Oklahoma City Thunder","OKC","Indiana Pacers","IND",2025-03-29,111,132,"202503290OKC"
"Oklahoma City Thunder","OKC","Los Angeles Clippers","LAC",2024-11-11,128,134,"202411110OKC"
"Oklahoma City Thunder","OKC","Los Angeles Clippers","LAC",2025-01-02,98,116,"202501020OKC"
"Oklahoma City Thunder","OKC","Los Angeles Lakers","LAL",2025-04-06,126,99,"202504060OKC"
"Oklahoma City Thunder","OKC","Los Angeles Lakers","LAL",2025-04-08,120,136,"202504080OKC"
"Oklahoma City Thunder","OKC","Memphis Grizzlies","MEM",2024-12-29,106,130,"202412290OKC"
"Oklahoma City Thunder","OKC","Memphis Grizzlies","MEM",2025-03-27,104,125,"202503270OKC"
"Oklahoma City Thunder","OKC","Miami Heat","MIA",2025-02-12,101,115,"202502120OKC"
"Oklahoma City Thunder","OKC","Milwaukee Bucks","MIL",2024-12-17,97,81,"202412170OKC"
"Oklahoma City Thunder","OKC","Milwaukee Bucks","MIL",2025-02-03,96,125,"202502030OKC"
"Oklahoma City Thunder","OKC","Minnesota Timberwolves","MIN",2024-12-31,105,113,"202412310OKC"
"Oklahoma City Thunder","OKC","Minnesota Timberwolves","MIN",2025-02-24,131,128,"202502240OKC"
"Oklahoma City Thunder","OKC","New Orleans Pelicans","NOP",2024-11-13,88,106,"202411130OKC"
"Oklahoma City Thunder","OKC","New Orleans Pelicans","NOP",2025-02-10,101,137,"202502100OKC"
"Oklahoma City Thunder","OKC","New York Knicks","NYK",2025-01-03,107,117,"202501030OKC"
"Oklahoma City Thunder","OKC","Orlando Magic","ORL",2024-11-04,86,102,"202411040OKC"
"Oklahoma City Thunder","OKC","Philadelphia 76ers","PHI",2025-03-19,100,133,"202503190OKC"
"Oklahoma City Thunder","OKC","Phoenix Suns","PHO",2024-11-15,83,99,"202411150OKC"
"Oklahoma City Thunder","OKC","Phoenix Suns","PHO",2025-02-05,109,140,"202502050OKC"
"Oklahoma City Thunder","OKC","Portland Trail Blazers","POR",2024-11-20,99,109,"202411200OKC"
"Oklahoma City Thunder","OKC","Portland Trail Blazers","POR",2025-03-07,89,107,"202503070OKC"
"Oklahoma City Thunder","OKC","Sacramento Kings","SAC",2025-02-01,110,144,"202502010OKC"
"Oklahoma City Thunder","OKC","San Antonio Spurs","SAS",2024-10-30,93,105,"202410300OKC"
"Oklahoma City Thunder","OKC","Toronto Raptors","TOR",2025-02-07,109,121,"202502070OKC"
"Oklahoma City Thunder","OKC","Utah Jazz","UTA",2024-12-03,106,133,"202412030OKC"
"Oklahoma City Thunder","OKC","Utah Jazz","UTA",2025-01-22,114,123,"202501220OKC"
"Oklahoma City Thunder","OKC","Washington Wizards","WAS",2024-12-23,105,123,"202412230OKC"
"Orlando Magic","ORL","Atlanta Hawks","ATL",2025-02-10,112,106,"202502100ORL"
"Orlando Magic","ORL","Atlanta Hawks","ATL",2025-04-08,112,119,"202504080ORL"
"Orlando Magic","ORL","Brooklyn Nets","BKN",2024-10-25,101,116,"202410250ORL"
"Orlando Magic","ORL","Brooklyn Nets","BKN",2024-12-29,101,102,"202412290ORL"
"Orlando Magic","ORL","Boston Celtics","BOS",2024-12-23,104,108,"202412230ORL"
"Orlando Magic","ORL","Boston Celtics","BOS",2025-04-09,76,96,"202504090ORL"
"Orlando Magic","ORL","Chicago Bulls","CHI",2024-11-27,119,133,"202411270ORL"
"Orlando Magic","ORL","Chicago Bulls","CHI",2025-03-06,125,123,"202503060ORL"
"Orlando Magic","ORL","Charlotte Hornets","CHO",2024-11-12,89,114,"202411120ORL"
"Orlando Magic","ORL","Charlotte Hornets","CHO",2025-02-12,86,102,"202502120ORL"
"Orlando Magic","ORL","Cleveland Cavaliers","CLE",2025-02-25,122,82,"202502250ORL"
"Orlando Magic","ORL","Dallas Mavericks","DAL",2025-03-27,101,92,"202503270ORL"
"Orlando Magic","ORL","Denver Nuggets","DEN",2025-01-19,113,100,"202501190ORL"
"Orlando Magic","ORL","Detroit Pistons","DET",2024-11-23,100,111,"202411230ORL"
"Orlando Magic","ORL","Detroit Pistons","DET",2025-01-25,113,121,"202501250ORL"
"Orlando Magic","ORL","Golden State Warriors","GSW",2025-02-27,121,115,"202502270ORL"
"Orlando Magic","ORL","Houston Rockets","HOU",2025-03-19,116,108,"202503190ORL"
"Orlando Magic","ORL","Indiana Pacers","IND",2024-10-28,115,119,"202410280ORL"
"Orlando Magic","ORL","Indiana Pacers","IND",2024-11-13,90,94,"202411130ORL"
"Orlando Magic","ORL","Los Angeles Clippers","LAC",2025-03-31,96,87,"202503310ORL"
"Orlando Magic","ORL","Los Angeles Lakers","LAL",2025-03-24,106,118,"202503240ORL"
"Orlando Magic","ORL","Memphis Grizzlies","MEM",2025-02-21,105,104,"202502210ORL"
"Orlando Magic","ORL","Miami Heat","MIA",2024-12-21,114,121,"202412210ORL"
"Orlando Magic","ORL","Miami Heat","MIA",2024-12-26,89,88,"202412260ORL"
"Orlando Magic","ORL","Milwaukee Bucks","MIL",2025-01-10,109,106,"202501100ORL"
"Orlando Magic","ORL","Minnesota Timberwolves","MIN",2025-01-09,104,89,"202501090ORL"
"Orlando Magic","ORL","New Orleans Pelicans","NOP",2024-11-08,88,115,"202411080ORL"
"Orlando Magic","ORL","New York Knicks","NYK",2024-12-15,100,91,"202412150ORL"
"Orlando Magic","ORL","New York Knicks","NYK",2024-12-27,108,85,"202412270ORL"
"Orlando Magic","ORL","Oklahoma City Thunder","OKC",2024-12-19,105,99,"202412190ORL"
"Orlando Magic","ORL","Philadelphia 76ers","PHI",2024-11-15,86,98,"202411150ORL"
"Orlando Magic","ORL","Philadelphia 76ers","PHI",2025-01-12,99,104,"202501120ORL"
"Orlando Magic","ORL","Phoenix Suns","PHO",2024-12-08,110,115,"202412080ORL"
"Orlando Magic","ORL","Portland Trail Blazers","POR",2025-01-23,101,79,"202501230ORL"
"Orlando Magic","ORL","Sacramento Kings","SAC",2025-03-29,91,121,"202503290ORL"
"Orlando Magic","ORL","San Antonio Spurs","SAS",2025-02-08,111,112,"202502080ORL"
"Orlando Magic","ORL","Toronto Raptors","TOR",2025-03-02,104,102,"202503020ORL"
"Orlando Magic","ORL","Toronto Raptors","TOR",2025-03-04,114,113,"202503040ORL"
"Orlando Magic","ORL","Utah Jazz","UTA",2025-01-05,105,92,"202501050ORL"
"Orlando Magic","ORL","Washington Wizards","WAS",2024-11-10,94,121,"202411100ORL"
"Orlando Magic","ORL","Washington Wizards","WAS",2025-02-23,90,110,"202502230ORL"
"Philadelphia 76ers","PHI","Atlanta Hawks","ATL",2025-04-11,124,110,"202504110PHI"
"Philadelphia 76ers","PHI","Brooklyn Nets","BKN",2024-11-22,98,113,"202411220PHI"
"Philadelphia 76ers","PHI","Brooklyn Nets","BKN",2025-02-22,105,103,"202502220PHI"
"Philadelphia 76ers","PHI","Boston Celtics","BOS",2025-02-02,118,110,"202502020PHI"
"Philadelphia 76ers","PHI","Boston Celtics","BOS",2025-02-20,124,104,"202502200PHI"
"Philadelphia 76ers","PHI","Chicago Bulls","CHI",2025-02-24,142,110,"202502240PHI"
"Philadelphia 76ers","PHI","Chicago Bulls","CHI",2025-04-13,122,102,"202504130PHI"
"Philadelphia 76ers","PHI","Charlotte Hornets","CHO",2024-11-10,105,107,"202411100PHI"
"Philadelphia 76ers","PHI","Charlotte Hornets","CHO",2024-12-20,98,108,"202412200PHI"
"Philadelphia 76ers","PHI","Cleveland Cavaliers","CLE",2024-11-13,114,106,"202411130PHI"
"Philadelphia 76ers","PHI","Cleveland Cavaliers","CLE",2025-01-24,129,132,"202501240PHI"
"Philadelphia 76ers","PHI","Dallas Mavericks","DAL",2025-02-04,116,118,"202502040PHI"
"Philadelphia 76ers","PHI","Denver Nuggets","DEN",2025-01-31,137,134,"202501310PHI"
"Philadelphia 76ers","PHI","Detroit Pistons","DET",2024-10-30,105,95,"202410300PHI"
"Philadelphia 76ers","PHI","Golden State Warriors","GSW",2025-03-01,119,126,"202503010PHI"
"Philadelphia 76ers","PHI","Houston Rockets","HOU",2024-11-27,122,115,"202411270PHI"
"Philadelphia 76ers","PHI","Indiana Pacers","IND",2024-12-13,121,107,"202412130PHI"
"Philadelphia 76ers","PHI","Indiana Pacers","IND",2025-03-14,112,100,"202503140PHI"
"Philadelphia 76ers","PHI","Los Angeles Clippers","LAC",2024-11-24,125,99,"202411240PHI"
"Philadelphia 76ers","PHI","Los Angeles Lakers","LAL",2025-01-28,104,118,"202501280PHI"
"Philadelphia 76ers","PHI","Memphis Grizzlies","MEM",2024-11-02,124,107,"202411020PHI"
"Philadelphia 76ers","PHI","Miami Heat","MIA",2025-02-05,108,101,"202502050PHI"
"Philadelphia 76ers","PHI","Miami Heat","MIA",2025-03-29,118,95,"202503290PHI"
"Philadelphia 76ers","PHI","Milwaukee Bucks","MIL",2024-10-23,124,109,"202410230PHI"
"Philadelphia 76ers","PHI","Milwaukee Bucks","MIL",2025-04-03,126,113,"202504030PHI"
"Philadelphia 76ers","PHI","Minnesota Timberwolves","MIN",2025-04-05,114,109,"202504050PHI"
"Philadelphia 76ers","PHI","New Orleans Pelicans","NOP",2025-01-10,123,115,"202501100PHI"
"Philadelphia 76ers","PHI","New York Knicks","NYK",2024-11-12,111,99,"202411120PHI"
"Philadelphia 76ers","PHI","New York Knicks","NYK",2025-01-15,125,119,"202501150PHI"
"Philadelphia 76ers","PHI","Oklahoma City Thunder","OKC",2025-01-14,118,102,"202501140PHI"
"Philadelphia 76ers","PHI","Orlando Magic","ORL",2024-12-04,106,102,"202412040PHI"
"Philadelphia 76ers","PHI","Orlando Magic","ORL",2024-12-06,94,102,"202412060PHI"
"Philadelphia 76ers","PHI","Phoenix Suns","PHO",2025-01-06,109,99,"202501060PHI"
"Philadelphia 76ers","PHI","Portland Trail Blazers","POR",2025-03-03,119,102,"202503030PHI"
"Philadelphia 76ers","PHI","Sacramento Kings","SAC",2025-01-29,104,117,"202501290PHI"
"Philadelphia 76ers","PHI","San Antonio Spurs","SAS",2024-12-23,106,111,"202412230PHI"
"Philadelphia 76ers","PHI","Toronto Raptors","TOR",2025-02-11,106,103,"202502110PHI"
"Philadelphia 76ers","PHI","Toronto Raptors","TOR",2025-03-30,127,109,"202503300PHI"
"Philadelphia 76ers","PHI","Utah Jazz","UTA",2025-03-09,122,126,"202503090PHI"
"Philadelphia 76ers","PHI","Washington Wizards","WAS",2025-01-08,103,109,"202501080PHI"
"Philadelphia 76ers","PHI","Washington Wizards","WAS",2025-03-26,119,114,"202503260PHI"
"Phoenix Suns","PHO","Atlanta Hawks","ATL",2025-01-09,115,123,"202501090PHO"
"Phoenix Suns","PHO","Brooklyn Nets","BKN",2024-11-27,127,117,"202411270PHO"
"Phoenix Suns","PHO","Boston Celtics","BOS",2025-03-26,132,102,"202503260PHO"
"Phoenix Suns","PHO","Chicago Bulls","CHI",2025-03-19,121,127,"202503190PHO"
"Phoenix Suns","PHO","Charlotte Hornets","CHO",2025-01-12,113,120,"202501120PHO"
"Phoenix Suns","PHO","Cleveland Cavaliers","CLE",2025-03-21,112,123,"202503210PHO"
"Phoenix Suns","PHO","Dallas Mavericks","DAL",2024-10-26,102,114,"202410260PHO"
"Phoenix Suns","PHO","Dallas Mavericks","DAL",2024-12-27,98,89,"202412270PHO"
"Phoenix Suns","PHO","Denver Nuggets","DEN",2024-12-25,100,110,"202412250PHO"
"Phoenix Suns","PHO","Denver Nuggets","DEN",2025-02-08,122,105,"202502080PHO"
"Phoenix Suns","PHO","Detroit Pistons","DET",2024-12-21,133,125,"202412210PHO"
"Phoenix Suns","PHO","Golden State Warriors","GSW",2024-11-30,105,113,"202411300PHO"
"Phoenix Suns","PHO","Golden State Warriors","GSW",2025-04-08,133,95,"202504080PHO"
"Phoenix Suns","PHO","Houston Rockets","HOU",2025-03-30,148,109,"202503300PHO"
"Phoenix Suns","PHO","Indiana Pacers","IND",2024-12-19,120,111,"202412190PHO"
"Phoenix Suns","PHO","Los Angeles Clippers","LAC",2025-01-27,109,111,"202501270PHO"
"Phoenix Suns","PHO","Los Angeles Clippers","LAC",2025-03-04,117,119,"202503040PHO"
"Phoenix Suns","PHO","Los Angeles Lakers","LAL",2024-10-28,105,109,"202410280PHO"
"Phoenix Suns","PHO","Los Angeles Lakers","LAL",2024-11-26,100,127,"202411260PHO"
"Phoenix Suns","PHO","Memphis Grizzlies","MEM",2024-12-31,117,112,"202412310PHO"
"Phoenix Suns","PHO","Memphis Grizzlies","MEM",2025-02-11,119,112,"202502110PHO"
"Phoenix Suns","PHO","Miami Heat","MIA",2024-11-06,112,115,"202411060PHO"
"Phoenix Suns","PHO","Milwaukee Bucks","MIL",2025-03-24,106,108,"202503240PHO"
"Phoenix Suns","PHO","Minnesota Timberwolves","MIN",2025-01-29,121,113,"202501290PHO"
"Phoenix Suns","PHO","Minnesota Timberwolves","MIN",2025-03-02,116,98,"202503020PHO"
"Phoenix Suns","PHO","New Orleans Pelicans","NOP",2025-02-27,124,116,"202502270PHO"
"Phoenix Suns","PHO","New Orleans Pelicans","NOP",2025-02-28,108,125,"202502280PHO"
"Phoenix Suns","PHO","New York Knicks","NYK",2024-11-20,138,122,"202411200PHO"
"Phoenix Suns","PHO","Oklahoma City Thunder","OKC",2025-04-09,125,112,"202504090PHO"
"Phoenix Suns","PHO","Orlando Magic","ORL",2024-11-18,109,99,"202411180PHO"
"Phoenix Suns","PHO","Philadelphia 76ers","PHI",2024-11-04,116,118,"202411040PHO"
"Phoenix Suns","PHO","Portland Trail Blazers","POR",2024-11-02,97,103,"202411020PHO"
"Phoenix Suns","PHO","Portland Trail Blazers","POR",2024-12-15,109,116,"202412150PHO"
"Phoenix Suns","PHO","Sacramento Kings","SAC",2024-11-10,127,118,"202411100PHO"
"Phoenix Suns","PHO","Sacramento Kings","SAC",2025-03-14,106,122,"202503140PHO"
"Phoenix Suns","PHO","San Antonio Spurs","SAS",2024-12-03,93,104,"202412030PHO"
"Phoenix Suns","PHO","San Antonio Spurs","SAS",2025-04-11,98,117,"202504110PHO"
"Phoenix Suns","PHO","Toronto Raptors","TOR",2025-03-17,89,129,"202503170PHO"
"Phoenix Suns","PHO","Utah Jazz","UTA",2025-01-11,106,114,"202501110PHO"
"Phoenix Suns","PHO","Utah Jazz","UTA",2025-02-07,127,135,"202502070PHO"
"Phoenix Suns","PHO","Washington Wizards","WAS",2025-01-25,109,119,"202501250PHO"
"Portland Trail Blazers","POR","Atlanta Hawks","ATL",2024-11-17,110,114,"202411170POR"
"Portland Trail Blazers","POR","Brooklyn Nets","BKN",2025-01-14,132,114,"202501140POR"
"Portland Trail Blazers","POR","Boston Celtics","BOS",2025-03-23,129,116,"202503230POR"
"Portland Trail Blazers","POR","Chicago Bulls","CHI",2025-01-19,102,113,"202501190POR"
"Portland Trail Blazers","POR","Charlotte Hornets","CHO",2025-02-22,88,141,"202502220POR"
"Portland Trail Blazers","POR","Cleveland Cavaliers","CLE",2025-03-25,122,111,"202503250POR"
"Portland Trail Blazers","POR","Dallas Mavericks","DAL",2024-12-01,137,131,"202412010POR"
"Portland Trail Blazers","POR","Dallas Mavericks","DAL",2024-12-28,122,126,"202412280POR"
"Portland Trail Blazers","POR","Denver Nuggets","DEN",2024-12-19,124,126,"202412190POR"
"Portland Trail Blazers","POR","Denver Nuggets","DEN",2025-03-21,109,128,"202503210POR"
"Portland Trail Blazers","POR","Detroit Pistons","DET",2025-03-09,119,112,"202503090POR"
"Portland Trail Blazers","POR","Golden State Warriors","GSW",2024-10-23,140,104,"202410230POR"
"Portland Trail Blazers","POR","Golden State Warriors","GSW",2025-04-11,103,86,"202504110POR"
"Portland Trail Blazers","POR","Houston Rockets","HOU",2025-01-18,125,103,"202501180POR"
"Portland Trail Blazers","POR","Indiana Pacers","IND",2025-02-04,89,112,"202502040POR"
"Portland Trail Blazers","POR","Los Angeles Clippers","LAC",2025-01-16,118,89,"202501160POR"
"Portland Trail Blazers","POR","Los Angeles Lakers","LAL",2025-02-20,110,102,"202502200POR"
"Portland Trail Blazers","POR","Los Angeles Lakers","LAL",2025-04-13,81,109,"202504130POR"
"Portland Trail Blazers","POR","Memphis Grizzlies","MEM",2024-11-10,134,89,"202411100POR"
"Portland Trail Blazers","POR","Memphis Grizzlies","MEM",2025-03-19,99,115,"202503190POR"
"Portland Trail Blazers","POR","Miami Heat","MIA",2025-01-11,119,98,"202501110POR"
"Portland Trail Blazers","POR","Milwaukee Bucks","MIL",2025-01-28,112,125,"202501280POR"
"Portland Trail Blazers","POR","Minnesota Timberwolves","MIN",2024-11-12,108,122,"202411120POR"
"Portland Trail Blazers","POR","Minnesota Timberwolves","MIN",2024-11-13,98,106,"202411130POR"
"Portland Trail Blazers","POR","New Orleans Pelicans","NOP",2024-10-25,105,103,"202410250POR"
"Portland Trail Blazers","POR","New Orleans Pelicans","NOP",2024-10-27,103,125,"202410270POR"
"Portland Trail Blazers","POR","New York Knicks","NYK",2025-03-12,114,113,"202503120POR"
"Portland Trail Blazers","POR","Oklahoma City Thunder","OKC",2024-11-01,137,114,"202411010POR"
"Portland Trail Blazers","POR","Oklahoma City Thunder","OKC",2025-01-26,118,108,"202501260POR"
"Portland Trail Blazers","POR","Orlando Magic","ORL",2025-01-30,90,119,"202501300POR"
"Portland Trail Blazers","POR","Philadelphia 76ers","PHI",2024-12-30,125,103,"202412300POR"
"Portland Trail Blazers","POR","Phoenix Suns","PHO",2025-02-01,108,127,"202502010POR"
"Portland Trail Blazers","POR","Phoenix Suns","PHO",2025-02-03,119,121,"202502030POR"
"Portland Trail Blazers","POR","Sacramento Kings","SAC",2024-11-29,106,115,"202411290POR"
"Portland Trail Blazers","POR","Sacramento Kings","SAC",2025-02-06,102,108,"202502060POR"
"Portland Trail Blazers","POR","San Antonio Spurs","SAS",2024-12-13,118,116,"202412130POR"
"Portland Trail Blazers","POR","San Antonio Spurs","SAS",2025-04-06,109,120,"202504060POR"
"Portland Trail Blazers","POR","Toronto Raptors","TOR",2025-03-16,102,105,"202503160POR"
"Portland Trail Blazers","POR","Utah Jazz","UTA",2024-12-06,141,99,"202412060POR"
"Portland Trail Blazers","POR","Utah Jazz","UTA",2024-12-26,120,122,"202412260POR"
"Portland Trail Blazers","POR","Washington Wizards","WAS",2025-03-17,97,112,"202503170POR"
"Sacramento Kings","SAC","Atlanta Hawks","ATL",2024-11-18,109,108,"202411180SAC"
"Sacramento Kings","SAC","Brooklyn Nets","BKN",2024-11-24,108,103,"202411240SAC"
"Sacramento Kings","SAC","Boston Celtics","BOS",2025-03-24,113,95,"202503240SAC"
"Sacramento Kings","SAC","Chicago Bulls","CHI",2025-03-20,128,116,"202503200SAC"
"Sacramento Kings","SAC","Charlotte Hornets","CHO",2025-02-24,88,130,"202502240SAC"
"Sacramento Kings","SAC","Cleveland Cavaliers","CLE",2025-03-19,119,123,"202503190SAC"
"Sacramento Kings","SAC","Dallas Mavericks","DAL",2024-12-30,100,110,"202412300SAC"
"Sacramento Kings","SAC","Denver Nuggets","DEN",2024-12-16,130,129,"202412160SAC"
"Sacramento Kings","SAC","Denver Nuggets","DEN",2025-04-09,124,116,"202504090SAC"
"Sacramento Kings","SAC","Detroit Pistons","DET",2024-12-26,114,113,"202412260SAC"
"Sacramento Kings","SAC","Golden State Warriors","GSW",2025-01-22,117,123,"202501220SAC"
"Sacramento Kings","SAC","Golden State Warriors","GSW",2025-02-21,132,108,"202502210SAC"
"Sacramento Kings","SAC","Houston Rockets","HOU",2024-12-03,111,120,"202412030SAC"
"Sacramento Kings","SAC","Houston Rockets","HOU",2025-01-16,127,132,"202501160SAC"
"Sacramento Kings","SAC","Indiana Pacers","IND",2024-12-22,122,95,"202412220SAC"
"Sacramento Kings","SAC","Los Angeles Clippers","LAC",2024-11-08,107,98,"202411080SAC"
"Sacramento Kings","SAC","Los Angeles Clippers","LAC",2025-04-11,101,100,"202504110SAC"
"Sacramento Kings","SAC","Los Angeles Lakers","LAL",2024-12-19,113,100,"202412190SAC"
"Sacramento Kings","SAC","Los Angeles Lakers","LAL",2024-12-21,103,99,"202412210SAC"
"Sacramento Kings","SAC","Memphis Grizzlies","MEM",2025-01-03,133,138,"202501030SAC"
"Sacramento Kings","SAC","Memphis Grizzlies","MEM",2025-03-17,122,132,"202503170SAC"
"Sacramento Kings","SAC","Miami Heat","MIA",2025-01-06,118,123,"202501060SAC"
"Sacramento Kings","SAC","Milwaukee Bucks","MIL",2025-03-22,114,108,"202503220SAC"
"Sacramento Kings","SAC","Minnesota Timberwolves","MIN",2024-10-24,117,115,"202410240SAC"
"Sacramento Kings","SAC","Minnesota Timberwolves","MIN",2024-11-15,130,126,"202411150SAC"
"Sacramento Kings","SAC","New Orleans Pelicans","NOP",2025-02-08,118,123,"202502080SAC"
"Sacramento Kings","SAC","New York Knicks","NYK",2025-03-10,133,104,"202503100SAC"
"Sacramento Kings","SAC","Oklahoma City Thunder","OKC",2024-11-25,130,109,"202411250SAC"
"Sacramento Kings","SAC","Oklahoma City Thunder","OKC",2025-03-25,121,105,"202503250SAC"
"Sacramento Kings","SAC","Orlando Magic","ORL",2025-02-05,130,111,"202502050SAC"
"Sacramento Kings","SAC","Philadelphia 76ers","PHI",2025-01-01,107,113,"202501010SAC"
"Sacramento Kings","SAC","Phoenix Suns","PHO",2024-11-13,104,127,"202411130SAC"
"Sacramento Kings","SAC","Phoenix Suns","PHO",2025-04-13,98,109,"202504130SAC"
"Sacramento Kings","SAC","Portland Trail Blazers","POR",2024-10-28,98,111,"202410280SAC"
"Sacramento Kings","SAC","Portland Trail Blazers","POR",2025-03-27,107,128,"202503270SAC"
"Sacramento Kings","SAC","San Antonio Spurs","SAS",2024-12-01,127,125,"202412010SAC"
"Sacramento Kings","SAC","San Antonio Spurs","SAS",2025-03-07,109,127,"202503070SAC"
"Sacramento Kings","SAC","Toronto Raptors","TOR",2024-11-06,107,122,"202411060SAC"
"Sacramento Kings","SAC","Utah Jazz","UTA",2024-11-16,117,121,"202411160SAC"
"Sacramento Kings","SAC","Utah Jazz","UTA",2024-12-08,97,141,"202412080SAC"
"Sacramento Kings","SAC","Washington Wizards","WAS",2025-01-19,100,123,"202501190SAC"
"San Antonio Spurs","SAS","Atlanta Hawks","ATL",2024-12-19,126,133,"202412190SAS"
"San Antonio Spurs","SAS","Brooklyn Nets","BKN",2025-03-04,113,127,"202503040SAS"
"San Antonio Spurs","SAS","Boston Celtics","BOS",2025-03-29,121,111,"202503290SAS"
"San Antonio Spurs","SAS","Chicago Bulls","CHI",2024-12-05,139,124,"202412050SAS"
"San Antonio Spurs","SAS","Charlotte Hornets","CHO",2025-03-14,145,134,"202503140SAS"
"San Antonio Spurs","SAS","Cleveland Cavaliers","CLE",2025-04-04,114,113,"202504040SAS"
"San Antonio Spurs","SAS","Dallas Mavericks","DAL",2025-03-10,133,129,"202503100SAS"
"San Antonio Spurs","SAS","Dallas Mavericks","DAL",2025-03-12,116,126,"202503120SAS"
"San Antonio Spurs","SAS","Denver Nuggets","DEN",2025-01-04,122,111,"202501040SAS"
"San Antonio Spurs","SAS","Detroit Pistons","DET",2025-02-21,125,110,"202502210SAS"
"San Antonio Spurs","SAS","Golden State Warriors","GSW",2024-11-23,94,104,"202411230SAS"
"San Antonio Spurs","SAS","Golden State Warriors","GSW",2025-03-30,148,106,"202503300SAS"
"San Antonio Spurs","SAS","Houston Rockets","HOU",2024-10-26,106,109,"202410260SAS"
"San Antonio Spurs","SAS","Houston Rockets","HOU",2024-10-28,106,101,"202410280SAS"
"San Antonio Spurs","SAS","Indiana Pacers","IND",2025-01-25,136,98,"202501250SAS"
"San Antonio Spurs","SAS","Los Angeles Clippers","LAC",2024-12-31,86,122,"202412310SAS"
"San Antonio Spurs","SAS","Los Angeles Clippers","LAC",2025-01-29,128,116,"202501290SAS"
"San Antonio Spurs","SAS","Los Angeles Lakers","LAL",2024-11-15,120,115,"202411150SAS"
"San Antonio Spurs","SAS","Los Angeles Lakers","LAL",2024-11-27,119,101,"202411270SAS"
"San Antonio Spurs","SAS","Memphis Grizzlies","MEM",2025-01-15,129,115,"202501150SAS"
"San Antonio Spurs","SAS","Memphis Grizzlies","MEM",2025-01-17,140,112,"202501170SAS"
"San Antonio Spurs","SAS","Miami Heat","MIA",2025-02-01,105,103,"202502010SAS"
"San Antonio Spurs","SAS","Milwaukee Bucks","MIL",2025-01-31,118,144,"202501310SAS"
"San Antonio Spurs","SAS","Minnesota Timberwolves","MIN",2024-11-02,103,113,"202411020SAS"
"San Antonio Spurs","SAS","Minnesota Timberwolves","MIN",2024-12-15,106,92,"202412150SAS"
"San Antonio Spurs","SAS","New Orleans Pelicans","NOP",2024-12-08,116,121,"202412080SAS"
"San Antonio Spurs","SAS","New Orleans Pelicans","NOP",2025-03-15,115,119,"202503150SAS"
"San Antonio Spurs","SAS","New York Knicks","NYK",2025-03-19,105,120,"202503190SAS"
"San Antonio Spurs","SAS","Oklahoma City Thunder","OKC",2024-11-19,104,110,"202411190SAS"
"San Antonio Spurs","SAS","Oklahoma City Thunder","OKC",2025-03-02,146,132,"202503020SAS"
"San Antonio Spurs","SAS","Orlando Magic","ORL",2025-04-01,116,105,"202504010SAS"
"San Antonio Spurs","SAS","Philadelphia 76ers","PHI",2025-03-21,120,128,"202503210SAS"
"San Antonio Spurs","SAS","Phoenix Suns","PHO",2025-02-20,109,120,"202502200SAS"
"San Antonio Spurs","SAS","Portland Trail Blazers","POR",2024-11-07,105,118,"202411070SAS"
"San Antonio Spurs","SAS","Portland Trail Blazers","POR",2024-12-21,94,114,"202412210SAS"
"San Antonio Spurs","SAS","Sacramento Kings","SAC",2024-11-11,96,116,"202411110SAS"
"San Antonio Spurs","SAS","Sacramento Kings","SAC",2024-12-06,140,113,"202412060SAS"
"San Antonio Spurs","SAS","Toronto Raptors","TOR",2025-04-13,118,125,"202504130SAS"
"San Antonio Spurs","SAS","Utah Jazz","UTA",2024-11-09,111,110,"202411090SAS"
"San Antonio Spurs","SAS","Utah Jazz","UTA",2024-11-21,118,126,"202411210SAS"
"San Antonio Spurs","SAS","Washington Wizards","WAS",2024-11-13,130,139,"202411130SAS"
"Toronto Raptors","TOR","Atlanta Hawks","ATL",2024-12-29,136,107,"202412290TOR"
"Toronto Raptors","TOR","Brooklyn Nets","BKN",2024-12-19,101,94,"202412190TOR"
"Toronto Raptors","TOR","Brooklyn Nets","BKN",2025-01-01,113,130,"202501010TOR"
"Toronto Raptors","TOR","Boston Celtics","BOS",2025-01-15,97,110,"202501150TOR"
"Toronto Raptors","TOR","Boston Celtics","BOS",2025-02-25,111,101,"202502250TOR"
"Toronto Raptors","TOR","Chicago Bulls","CHI",2024-12-16,122,121,"202412160TOR"
"Toronto Raptors","TOR","Chicago Bulls","CHI",2025-01-31,122,106,"202501310TOR"
"Toronto Raptors","TOR","Charlotte Hornets","CHO",2025-03-28,97,108,"202503280TOR"
"Toronto Raptors","TOR","Charlotte Hornets","CHO",2025-04-09,96,126,"202504090TOR"
"Toronto Raptors","TOR","Cleveland Cavaliers","CLE",2024-10-23,136,106,"202410230TOR"
"Toronto Raptors","TOR","Cleveland Cavaliers","CLE",2025-02-12,131,108,"202502120TOR"
"Toronto Raptors","TOR","Dallas Mavericks","DAL",2024-12-07,125,118,"202412070TOR"
"Toronto Raptors","TOR","Denver Nuggets","DEN",2024-10-28,127,125,"202410280TOR"
"Toronto Raptors","TOR","Detroit Pistons","DET",2024-11-15,99,95,"202411150TOR"
"Toronto Raptors","TOR","Detroit Pistons","DET",2025-04-04,117,105,"202504040TOR"
"Toronto Raptors","TOR","Golden State Warriors","GSW",2025-01-13,101,104,"202501130TOR"
"Toronto Raptors","TOR","Houston Rockets","HOU",2024-12-22,114,110,"202412220TOR"
"Toronto Raptors","TOR","Indiana Pacers","IND",2024-11-18,119,130,"202411180TOR"
"Toronto Raptors","TOR","Indiana Pacers","IND",2024-12-03,111,122,"202412030TOR"
"Toronto Raptors","TOR","Los Angeles Clippers","LAC",2025-02-02,108,115,"202502020TOR"
"Toronto Raptors","TOR","Los Angeles Lakers","LAL",2024-11-01,131,125,"202411010TOR"
"Toronto Raptors","TOR","Memphis Grizzlies","MEM",2025-02-05,138,107,"202502050TOR"
"Toronto Raptors","TOR","Miami Heat","MIA",2024-12-01,116,119,"202412010TOR"
"Toronto Raptors","TOR","Miami Heat","MIA",2025-02-21,120,111,"202502210TOR"
"Toronto Raptors","TOR","Milwaukee Bucks","MIL",2025-01-06,128,104,"202501060TOR"
"Toronto Raptors","TOR","Minnesota Timberwolves","MIN",2024-11-21,105,110,"202411210TOR"
"Toronto Raptors","TOR","New Orleans Pelicans","NOP",2025-01-27,104,113,"202501270TOR"
"Toronto Raptors","TOR","New York Knicks","NYK",2024-12-09,113,108,"202412090TOR"
"Toronto Raptors","TOR","New York Knicks","NYK",2025-02-04,121,115,"202502040TOR"
"Toronto Raptors","TOR","Oklahoma City Thunder","OKC",2024-12-05,129,92,"202412050TOR"
"Toronto Raptors","TOR","Orlando Magic","ORL",2025-01-03,106,97,"202501030TOR"
"Toronto Raptors","TOR","Orlando Magic","ORL",2025-01-21,93,109,"202501210TOR"
"Toronto Raptors","TOR","Philadelphia 76ers","PHI",2024-10-25,107,115,"202410250TOR"
"Toronto Raptors","TOR","Philadelphia 76ers","PHI",2025-03-12,105,118,"202503120TOR"
"Toronto Raptors","TOR","Phoenix Suns","PHO",2025-02-23,109,127,"202502230TOR"
"Toronto Raptors","TOR","Portland Trail Blazers","POR",2025-04-03,112,103,"202504030TOR"
"Toronto Raptors","TOR","Sacramento Kings","SAC",2024-11-02,128,131,"202411020TOR"
"Toronto Raptors","TOR","San Antonio Spurs","SAS",2025-03-23,123,89,"202503230TOR"
"Toronto Raptors","TOR","Utah Jazz","UTA",2025-03-07,109,118,"202503070TOR"
"Toronto Raptors","TOR","Washington Wizards","WAS",2025-03-08,118,117,"202503080TOR"
"Toronto Raptors","TOR","Washington Wizards","WAS",2025-03-10,104,119,"202503100TOR"
"Utah Jazz","UTA","Atlanta Hawks","ATL",2025-01-07,124,121,"202501070UTA"
"Utah Jazz","UTA","Brooklyn Nets","BKN",2025-01-12,111,112,"202501120UTA"
"Utah Jazz","UTA","Boston Celtics","BOS",2025-03-21,121,99,"202503210UTA"
"Utah Jazz","UTA","Chicago Bulls","CHI",2025-03-17,111,97,"202503170UTA"
"Utah Jazz","UTA","Charlotte Hornets","CHO",2025-01-15,117,112,"202501150UTA"
"Utah Jazz","UTA","Cleveland Cavaliers","CLE",2025-03-23,120,91,"202503230UTA"
"Utah Jazz","UTA","Dallas Mavericks","DAL",2024-11-14,113,115,"202411140UTA"
"Utah Jazz","UTA","Dallas Mavericks","DAL",2024-11-30,106,94,"202411300UTA"
"Utah Jazz","UTA","Denver Nuggets","DEN",2024-11-27,122,103,"202411270UTA"
"Utah Jazz","UTA","Denver Nuggets","DEN",2024-12-30,132,121,"202412300UTA"
"Utah Jazz","UTA","Detroit Pistons","DET",2025-03-03,134,106,"202503030UTA"
"Utah Jazz","UTA","Golden State Warriors","GSW",2024-10-25,127,86,"202410250UTA"
"Utah Jazz","UTA","Golden State Warriors","GSW",2025-02-05,128,131,"202502050UTA"
"Utah Jazz","UTA","Houston Rockets","HOU",2025-02-22,115,124,"202502220UTA"
"Utah Jazz","UTA","Houston Rockets","HOU",2025-03-27,121,110,"202503270UTA"
"Utah Jazz","UTA","Indiana Pacers","IND",2025-02-03,112,111,"202502030UTA"
"Utah Jazz","UTA","Los Angeles Clippers","LAC",2025-02-13,120,116,"202502130UTA"
"Utah Jazz","UTA","Los Angeles Lakers","LAL",2024-12-01,105,104,"202412010UTA"
"Utah Jazz","UTA","Los Angeles Lakers","LAL",2025-02-12,119,131,"202502120UTA"
"Utah Jazz","UTA","Memphis Grizzlies","MEM",2024-10-23,126,124,"202410230UTA"
"Utah Jazz","UTA","Memphis Grizzlies","MEM",2025-03-25,140,103,"202503250UTA"
"Utah Jazz","UTA","Miami Heat","MIA",2025-01-09,97,92,"202501090UTA"
"Utah Jazz","UTA","Milwaukee Bucks","MIL",2025-01-27,125,110,"202501270UTA"
"Utah Jazz","UTA","Minnesota Timberwolves","MIN",2025-01-30,138,113,"202501300UTA"
"Utah Jazz","UTA","Minnesota Timberwolves","MIN",2025-02-28,116,117,"202502280UTA"
"Utah Jazz","UTA","New Orleans Pelicans","NOP",2025-03-02,128,121,"202503020UTA"
"Utah Jazz","UTA","New York Knicks","NYK",2024-11-23,106,121,"202411230UTA"
"Utah Jazz","UTA","Oklahoma City Thunder","OKC",2025-02-21,130,107,"202502210UTA"
"Utah Jazz","UTA","Oklahoma City Thunder","OKC",2025-04-11,145,111,"202504110UTA"
"Utah Jazz","UTA","Orlando Magic","ORL",2025-02-01,99,113,"202502010UTA"
"Utah Jazz","UTA","Philadelphia 76ers","PHI",2024-12-28,114,111,"202412280UTA"
"Utah Jazz","UTA","Phoenix Suns","PHO",2024-11-12,120,112,"202411120UTA"
"Utah Jazz","UTA","Phoenix Suns","PHO",2024-12-13,134,126,"202412130UTA"
"Utah Jazz","UTA","Portland Trail Blazers","POR",2025-02-24,114,112,"202502240UTA"
"Utah Jazz","UTA","Portland Trail Blazers","POR",2025-04-09,126,133,"202504090UTA"
"Utah Jazz","UTA","Sacramento Kings","SAC",2024-10-29,113,96,"202410290UTA"
"Utah Jazz","UTA","Sacramento Kings","SAC",2025-02-26,118,101,"202502260UTA"
"Utah Jazz","UTA","San Antonio Spurs","SAS",2024-10-31,106,88,"202410310UTA"
"Utah Jazz","UTA","San Antonio Spurs","SAS",2024-11-26,128,115,"202411260UTA"
"Utah Jazz","UTA","Toronto Raptors","TOR",2025-03-14,126,118,"202503140UTA"
"Utah Jazz","UTA","Washington Wizards","WAS",2025-03-19,112,128,"202503190UTA"
"Washington Wizards","WAS","Atlanta Hawks","ATL",2024-10-30,120,133,"202410300WAS"
"Washington Wizards","WAS","Atlanta Hawks","ATL",2025-02-08,125,111,"202502080WAS"
"Washington Wizards","WAS","Brooklyn Nets","BKN",2025-02-24,99,107,"202502240WAS"
"Washington Wizards","WAS","Brooklyn Nets","BKN",2025-03-29,115,112,"202503290WAS"
"Washington Wizards","WAS","Boston Celtics","BOS",2024-10-24,122,102,"202410240WAS"
"Washington Wizards","WAS","Boston Celtics","BOS",2024-11-22,108,96,"202411220WAS"
"Washington Wizards","WAS","Boston Celtics","BOS",2024-12-15,112,98,"202412150WAS"
"Washington Wizards","WAS","Chicago Bulls","CHI",2024-11-26,127,108,"202411260WAS"
"Washington Wizards","WAS","Chicago Bulls","CHI",2025-01-01,107,125,"202501010WAS"
"Washington Wizards","WAS","Charlotte Hornets","CHO",2024-12-19,114,123,"202412190WAS"
"Washington Wizards","WAS","Charlotte Hornets","CHO",2024-12-26,110,113,"202412260WAS"
"Washington Wizards","WAS","Cleveland Cavaliers","CLE",2024-10-26,135,116,"202410260WAS"
"Washington Wizards","WAS","Cleveland Cavaliers","CLE",2025-02-07,134,124,"202502070WAS"
"Washington Wizards","WAS","Dallas Mavericks","DAL",2024-12-05,137,101,"202412050WAS"
"Washington Wizards","WAS","Denver Nuggets","DEN",2024-12-07,113,122,"202412070WAS"
"Washington Wizards","WAS","Detroit Pistons","DET",2024-11-17,124,104,"202411170WAS"
"Washington Wizards","WAS","Golden State Warriors","GSW",2024-11-04,125,112,"202411040WAS"
"Washington Wizards","WAS","Houston Rockets","HOU",2025-01-07,135,112,"202501070WAS"
"Washington Wizards","WAS","Indiana Pacers","IND",2025-02-12,134,130,"202502120WAS"
"Washington Wizards","WAS","Indiana Pacers","IND",2025-03-27,162,109,"202503270WAS"
"Washington Wizards","WAS","Los Angeles Clippers","LAC",2024-11-27,121,96,"202411270WAS"
"Washington Wizards","WAS","Los Angeles Lakers","LAL",2025-01-30,134,96,"202501300WAS"
"Washington Wizards","WAS","Memphis Grizzlies","MEM",2024-12-08,140,112,"202412080WAS"
"Washington Wizards","WAS","Miami Heat","MIA",2024-11-02,118,98,"202411020WAS"
"Washington Wizards","WAS","Miami Heat","MIA",2025-03-31,120,94,"202503310WAS"
"Washington Wizards","WAS","Milwaukee Bucks","MIL",2025-02-21,104,101,"202502210WAS"
"Washington Wizards","WAS","Minnesota Timberwolves","MIN",2025-01-13,120,106,"202501130WAS"
"Washington Wizards","WAS","New Orleans Pelicans","NOP",2025-01-05,110,98,"202501050WAS"
"Washington Wizards","WAS","New York Knicks","NYK",2024-12-28,136,132,"202412280WAS"
"Washington Wizards","WAS","New York Knicks","NYK",2024-12-30,126,106,"202412300WAS"
"Washington Wizards","WAS","Oklahoma City Thunder","OKC",2025-01-12,136,95,"202501120WAS"
"Washington Wizards","WAS","Orlando Magic","ORL",2025-03-21,120,105,"202503210WAS"
"Washington Wizards","WAS","Orlando Magic","ORL",2025-04-03,109,97,"202504030WAS"
"Washington Wizards","WAS","Philadelphia 76ers","PHI",2025-04-09,122,103,"202504090WAS"
"Washington Wizards","WAS","Phoenix Suns","PHO",2025-01-16,130,123,"202501160WAS"
"Washington Wizards","WAS","Portland Trail Blazers","POR",2025-02-26,129,121,"202502260WAS"
"Washington Wizards","WAS","Sacramento Kings","SAC",2025-04-02,111,116,"202504020WAS"
"Washington Wizards","WAS","San Antonio Spurs","SAS",2025-02-10,131,121,"202502100WAS"
"Washington Wizards","WAS","Toronto Raptors","TOR",2025-01-29,106,82,"202501290WAS"
"Washington Wizards","WAS","Toronto Raptors","TOR",2025-03-24,112,104,"202503240WAS"
"Washington Wizards","WAS","Utah Jazz","UTA",2025-03-05,122,125,"202503050WAS"
"",NA,"",NA,NA,NA,NA,"NA0NA"
"",NA,"",NA,NA,NA,NA,"NA0NA"
"",NA,"",NA,NA,NA,NA,"NA0NA"
"",NA,"",NA,NA,NA,NA,"NA0NA"
"",NA,"",NA,NA,NA,NA,"NA0NA"
"",NA,"",NA,NA,NA,NA,"NA0NA"
"",NA,"",NA,NA,NA,NA,"NA0NA"
"",NA,"",NA,NA,NA,NA,"NA0NA"
"",NA,"",NA,NA,NA,NA,"NA0NA"
"",NA,"",NA,NA,NA,NA,"NA0NA"
"",NA,"",NA,NA,NA,NA,"NA0NA"
"",NA,"",NA,NA,NA,NA,"NA0NA"
"",NA,"",NA,NA,NA,NA,"NA0NA"
"",NA,"",NA,NA,NA,NA,"NA0NA"
"",NA,"",NA,NA,NA,NA,"NA0NA"
"",NA,"",NA,NA,NA,NA,"NA0NA"
"",NA,"",NA,NA,NA,NA,"NA0NA"
"",NA,"",NA,NA,NA,NA,"NA0NA"
"",NA,"",NA,NA,NA,NA,"NA0NA"
"",NA,"",NA,NA,NA,NA,"NA0NA"
"",NA,"",NA,NA,NA,NA,"NA0NA"
"",NA,"",NA,NA,NA,NA,"NA0NA"
"",NA,"",NA,NA,NA,NA,"NA0NA"
"",NA,"",NA,NA,NA,NA,"NA0NA"
"",NA,"",NA,NA,NA,NA,"NA0NA"
"",NA,"",NA,NA,NA,NA,"NA0NA"
"",NA,"",NA,NA,NA,NA,"NA0NA"
"",NA,"",NA,NA,NA,NA,"NA0NA"
"",NA,"",NA,NA,NA,NA,"NA0NA"
"",NA,"",NA,NA,NA,NA,"NA0NA"
"",NA,"",NA,NA,NA,NA,"NA0NA"
"",NA,"",NA,NA,NA,NA,"NA0NA"
"",NA,"",NA,NA,NA,NA,"NA0NA"
"",NA,"",NA,NA,NA,NA,"NA0NA"
"",NA,"",NA,NA,NA,NA,"NA0NA"
"",NA,"",NA,NA,NA,NA,"NA0NA"
"",NA,"",NA,NA,NA,NA,"NA0NA"
"",NA,"",NA,NA,NA,NA,"NA0NA"
"",NA,"",NA,NA,NA,NA,"NA0NA"
"",NA,"",NA,NA,NA,NA,"NA0NA"
"",NA,"",NA,NA,NA,NA,"NA0NA"
"",NA,"",NA,NA,NA,NA,"NA0NA"
"",NA,"",NA,NA,NA,NA,"NA0NA"
"",NA,"",NA,NA,NA,NA,"NA0NA"
