date,start,visitor,ptsV,home,ptsH,Attend.,LOG,Arena,Notes
Tue Oct 22 2024,7:30p,New York Knicks,109,Boston Celtics,132,19156,2:04,TD Garden,
Tue Oct 22 2024,10:00p,Minnesota Timberwolves,103,Los Angeles Lakers,110,18997,2:26,Crypto.com Arena,
Wed Oct 23 2024,7:00p,Indiana Pacers,115,Detroit Pistons,109,20062,2:23,Little Caesars Arena,
Wed Oct 23 2024,7:30p,Brooklyn Nets,116,Atlanta Hawks,120,17548,2:33,State Farm Arena,
Wed Oct 23 2024,7:30p,Orlando Magic,116,Miami Heat,97,19630,2:31,Kaseya Center,
Wed Oct 23 2024,7:30p,Milwaukee Bucks,124,Philadelphia 76ers,109,19754,2:28,Wells Fargo Center,
Wed Oct 23 2024,7:30p,Cleveland Cavaliers,136,Toronto Raptors,106,19800,2:18,Scotiabank Arena,
Wed Oct 23 2024,8:00p,Charlotte Hornets,110,Houston Rockets,105,18055,2:20,Toyota Center,
Wed Oct 23 2024,8:00p,Chicago Bulls,111,New Orleans Pelicans,123,18581,2:11,Smoothie King Center,
Wed Oct 23 2024,9:00p,Memphis Grizzlies,126,Utah Jazz,124,18175,2:33,Delta Center,
Wed Oct 23 2024,10:00p,Phoenix Suns,116,Los Angeles Clippers,113,18300,2:45,Intuit Dome,
Wed Oct 23 2024,10:00p,Golden State Warriors,140,Portland Trail Blazers,104,19480,2:17,Moda Center,
Thu Oct 24 2024,7:00p,Boston Celtics,122,Washington Wizards,102,18610,2:11,Capital One Arena,
Thu Oct 24 2024,7:30p,San Antonio Spurs,109,Dallas Mavericks,120,20373,2:18,American Airlines Center,
Thu Oct 24 2024,10:00p,Minnesota Timberwolves,117,Sacramento Kings,115,18049,2:22,Golden 1 Center,
Thu Oct 24 2024,10:00p,Oklahoma City Thunder,102,Denver Nuggets,87,19786,2:10,Ball Arena,
Fri Oct 25 2024,7:00p,Brooklyn Nets,101,Orlando Magic,116,19087,2:31,Kia Center,
Fri Oct 25 2024,7:00p,Philadelphia 76ers,107,Toronto Raptors,115,18345,2:47,Scotiabank Arena,
Fri Oct 25 2024,7:30p,Charlotte Hornets,120,Atlanta Hawks,125,14433,2:32,State Farm Arena,
Fri Oct 25 2024,7:30p,Detroit Pistons,101,Cleveland Cavaliers,113,19432,2:10,Rocket Arena,
Fri Oct 25 2024,7:30p,Indiana Pacers,98,New York Knicks,123,19812,2:21,Madison Square Garden (IV),
Fri Oct 25 2024,8:00p,Memphis Grizzlies,108,Houston Rockets,128,18055,2:31,Toyota Center,
Fri Oct 25 2024,8:00p,Chicago Bulls,133,Milwaukee Bucks,122,17790,2:13,Fiserv Forum,
Fri Oct 25 2024,9:30p,Golden State Warriors,127,Utah Jazz,86,18175,2:07,Delta Center,
Fri Oct 25 2024,10:00p,Phoenix Suns,116,Los Angeles Lakers,123,18997,2:17,Crypto.com Arena,
Fri Oct 25 2024,10:00p,New Orleans Pelicans,105,Portland Trail Blazers,103,16190,2:23,Moda Center,
Sat Oct 26 2024,5:00p,Los Angeles Clippers,109,Denver Nuggets,104,19691,2:23,Ball Arena,
Sat Oct 26 2024,7:00p,Cleveland Cavaliers,135,Washington Wizards,116,15156,2:23,Capital One Arena,
Sat Oct 26 2024,7:00p,Boston Celtics,124,Detroit Pistons,118,19311,2:18,Little Caesars Arena,
Sat Oct 26 2024,7:00p,Miami Heat,114,Charlotte Hornets,106,19102,2:23,Spectrum Center,
Sat Oct 26 2024,8:00p,Orlando Magic,111,Memphis Grizzlies,124,17809,2:16,FedEx Forum,
Sat Oct 26 2024,8:00p,Toronto Raptors,101,Minnesota Timberwolves,112,18978,2:12,Target Center,
Sat Oct 26 2024,8:00p,Oklahoma City Thunder,114,Chicago Bulls,95,20923,2:09,United Center,
Sat Oct 26 2024,8:30p,Houston Rockets,106,San Antonio Spurs,109,18715,2:26,Frost Bank Center,
Sat Oct 26 2024,10:00p,Dallas Mavericks,102,Phoenix Suns,114,17071,2:22,Footprint Center,
Sat Oct 26 2024,10:30p,Sacramento Kings,127,Los Angeles Lakers,131,18997,2:18,Crypto.com Arena,
Sun Oct 27 2024,3:30p,Philadelphia 76ers,118,Indiana Pacers,114,17274,2:52,Gainbridge Fieldhouse,
Sun Oct 27 2024,6:00p,New Orleans Pelicans,103,Portland Trail Blazers,125,16138,2:09,Moda Center,
Sun Oct 27 2024,6:00p,Milwaukee Bucks,102,Brooklyn Nets,115,17926,2:19,Barclays Center,
Sun Oct 27 2024,7:00p,Atlanta Hawks,104,Oklahoma City Thunder,128,18203,2:23,Paycom Center,
Sun Oct 27 2024,8:30p,Los Angeles Clippers,112,Golden State Warriors,104,18064,2:22,Chase Center,
Mon Oct 28 2024,7:00p,Indiana Pacers,115,Orlando Magic,119,18846,2:31,Kia Center,
Mon Oct 28 2024,7:30p,Washington Wizards,121,Atlanta Hawks,119,14566,2:26,State Farm Arena,
Mon Oct 28 2024,7:30p,Milwaukee Bucks,108,Boston Celtics,119,19156,2:18,TD Garden,
Mon Oct 28 2024,7:30p,Denver Nuggets,127,Toronto Raptors,125,19082,2:35,Scotiabank Arena,
Mon Oct 28 2024,7:30p,Detroit Pistons,98,Miami Heat,106,19626,2:18,Kaseya Center,
Mon Oct 28 2024,7:30p,Cleveland Cavaliers,110,New York Knicks,104,19812,2:23,Madison Square Garden (IV),
Mon Oct 28 2024,8:00p,Houston Rockets,106,San Antonio Spurs,101,17519,2:23,Frost Bank Center,
Mon Oct 28 2024,8:00p,Chicago Bulls,126,Memphis Grizzlies,123,15906,2:09,FedEx Forum,
Mon Oct 28 2024,8:30p,Utah Jazz,102,Dallas Mavericks,110,19811,2:16,American Airlines Center,
Mon Oct 28 2024,10:00p,Portland Trail Blazers,98,Sacramento Kings,111,16426,2:26,Golden 1 Center,
Mon Oct 28 2024,10:00p,Los Angeles Lakers,105,Phoenix Suns,109,17071,2:17,Footprint Center,
Tue Oct 29 2024,7:30p,Denver Nuggets,144,Brooklyn Nets,139,17926,2:46,Barclays Center,
Tue Oct 29 2024,7:30p,Dallas Mavericks,120,Minnesota Timberwolves,114,18978,2:24,Target Center,
Tue Oct 29 2024,9:00p,Sacramento Kings,113,Utah Jazz,96,18175,1:59,Delta Center,
Tue Oct 29 2024,10:00p,New Orleans Pelicans,106,Golden State Warriors,124,18064,2:20,Chase Center,
Wed Oct 30 2024,7:00p,Detroit Pistons,105,Philadelphia 76ers,95,19759,2:15,Wells Fargo Center,
Wed Oct 30 2024,7:00p,Atlanta Hawks,120,Washington Wizards,133,14255,2:25,Capital One Arena,
Wed Oct 30 2024,7:00p,Boston Celtics,132,Indiana Pacers,135,17274,2:37,Gainbridge Fieldhouse,
Wed Oct 30 2024,7:00p,Los Angeles Lakers,110,Cleveland Cavaliers,134,19432,2:07,Rocket Arena,
Wed Oct 30 2024,7:00p,Toronto Raptors,133,Charlotte Hornets,138,13113,2:18,Spectrum Center,
Wed Oct 30 2024,7:30p,New York Knicks,116,Miami Heat,107,19620,2:10,Kaseya Center,
Wed Oct 30 2024,8:00p,Orlando Magic,99,Chicago Bulls,102,19015,2:19,United Center,
Wed Oct 30 2024,8:00p,Brooklyn Nets,119,Memphis Grizzlies,106,14745,2:26,FedEx Forum,
Wed Oct 30 2024,9:30p,San Antonio Spurs,93,Oklahoma City Thunder,105,17136,2:01,Paycom Center,
Wed Oct 30 2024,10:00p,New Orleans Pelicans,89,Golden State Warriors,104,18064,2:19,Chase Center,
Wed Oct 30 2024,10:30p,Portland Trail Blazers,106,Los Angeles Clippers,105,16727,2:11,Intuit Dome,
Thu Oct 31 2024,8:00p,Milwaukee Bucks,99,Memphis Grizzlies,122,15377,2:12,FedEx Forum,
Thu Oct 31 2024,8:30p,Houston Rockets,108,Dallas Mavericks,102,20011,2:21,American Airlines Center,
Thu Oct 31 2024,9:00p,San Antonio Spurs,106,Utah Jazz,88,18175,2:10,Delta Center,
Thu Oct 31 2024,10:30p,Phoenix Suns,125,Los Angeles Clippers,119,16827,2:15,Intuit Dome,
Fri Nov 1 2024,7:00p,Boston Celtics,124,Charlotte Hornets,109,18557,2:17,Spectrum Center,
Fri Nov 1 2024,7:00p,Orlando Magic,109,Cleveland Cavaliers,120,19432,2:20,Rocket Arena,
Fri Nov 1 2024,7:00p,New York Knicks,128,Detroit Pistons,98,17022,1:55,Little Caesars Arena,
Fri Nov 1 2024,7:30p,Sacramento Kings,123,Atlanta Hawks,115,15156,2:16,State Farm Arena,
Fri Nov 1 2024,7:30p,Chicago Bulls,112,Brooklyn Nets,120,17977,2:07,Barclays Center,
Fri Nov 1 2024,7:30p,Los Angeles Lakers,131,Toronto Raptors,125,19800,2:25,Scotiabank Arena,
Fri Nov 1 2024,8:00p,Indiana Pacers,118,New Orleans Pelicans,125,15133,2:10,Smoothie King Center,
Fri Nov 1 2024,9:30p,Denver Nuggets,116,Minnesota Timberwolves,119,18978,2:25,Target Center,
Fri Nov 1 2024,10:00p,Oklahoma City Thunder,137,Portland Trail Blazers,114,17815,2:11,Moda Center,
Sat Nov 2 2024,6:00p,Boston Celtics,113,Charlotte Hornets,103,19253,2:09,Spectrum Center,
Sat Nov 2 2024,7:30p,Memphis Grizzlies,124,Philadelphia 76ers,107,20066,2:12,Wells Fargo Center,
Sat Nov 2 2024,7:30p,Sacramento Kings,128,Toronto Raptors,131,19815,2:58,Scotiabank Arena,
Sat Nov 2 2024,8:00p,Golden State Warriors,127,Houston Rockets,121,18055,2:43,Toyota Center,
Sat Nov 2 2024,8:00p,Cleveland Cavaliers,114,Milwaukee Bucks,113,17341,2:15,Fiserv Forum,
Sat Nov 2 2024,8:00p,Minnesota Timberwolves,103,San Antonio Spurs,113,18257,2:12,Frost Bank Center,
Sat Nov 2 2024,9:30p,Miami Heat,118,Washington Wizards,98,20328,2:16,Mexico City Arena,
Sat Nov 2 2024,10:00p,Utah Jazz,103,Denver Nuggets,129,19702,2:28,Ball Arena,
Sat Nov 2 2024,10:00p,Portland Trail Blazers,97,Phoenix Suns,103,17071,2:08,Footprint Center,
Sat Nov 2 2024,10:30p,Oklahoma City Thunder,105,Los Angeles Clippers,92,16827,2:11,Intuit Dome,
Sun Nov 3 2024,3:30p,Detroit Pistons,106,Brooklyn Nets,92,17086,2:22,Barclays Center,
Sun Nov 3 2024,7:00p,Atlanta Hawks,126,New Orleans Pelicans,111,15505,2:07,Smoothie King Center,
Sun Nov 3 2024,7:30p,Orlando Magic,85,Dallas Mavericks,108,19977,2:19,American Airlines Center,
Mon Nov 4 2024,7:00p,Milwaukee Bucks,114,Cleveland Cavaliers,116,19432,2:02,Rocket Arena,
Mon Nov 4 2024,7:15p,Golden State Warriors,125,Washington Wizards,112,15674,2:20,Capital One Arena,
Mon Nov 4 2024,7:30p,Los Angeles Lakers,103,Detroit Pistons,115,20062,2:15,Little Caesars Arena,
Mon Nov 4 2024,7:45p,Boston Celtics,123,Atlanta Hawks,93,15031,1:56,State Farm Arena,
Mon Nov 4 2024,8:00p,Memphis Grizzlies,104,Brooklyn Nets,106,18088,2:14,Barclays Center,
Mon Nov 4 2024,8:15p,Sacramento Kings,111,Miami Heat,110,19604,2:20,Kaseya Center,
Mon Nov 4 2024,8:30p,Utah Jazz,135,Chicago Bulls,126,19621,2:22,United Center,
Mon Nov 4 2024,8:45p,New York Knicks,97,Houston Rockets,109,16417,2:08,Toyota Center,
Mon Nov 4 2024,9:00p,Charlotte Hornets,93,Minnesota Timberwolves,114,18978,2:15,Target Center,
Mon Nov 4 2024,9:15p,Orlando Magic,86,Oklahoma City Thunder,102,17044,2:15,Paycom Center,
Mon Nov 4 2024,9:30p,Portland Trail Blazers,118,New Orleans Pelicans,100,14932,2:07,Smoothie King Center,
Mon Nov 4 2024,9:45p,Indiana Pacers,134,Dallas Mavericks,127,19613,2:12,American Airlines Center,
Mon Nov 4 2024,10:00p,Toronto Raptors,119,Denver Nuggets,121,19525,2:19,Ball Arena,
Mon Nov 4 2024,10:15p,Philadelphia 76ers,116,Phoenix Suns,118,17071,2:18,Footprint Center,
Mon Nov 4 2024,10:30p,San Antonio Spurs,104,Los Angeles Clippers,113,15927,2:05,Intuit Dome,
Wed Nov 6 2024,7:00p,Detroit Pistons,107,Charlotte Hornets,108,13247,2:11,Spectrum Center,
Wed Nov 6 2024,7:00p,Orlando Magic,111,Indiana Pacers,118,16218,2:20,Gainbridge Fieldhouse,
Wed Nov 6 2024,7:30p,New York Knicks,116,Atlanta Hawks,121,16072,2:16,State Farm Arena,
Wed Nov 6 2024,7:30p,Golden State Warriors,118,Boston Celtics,112,19156,2:21,TD Garden,
Wed Nov 6 2024,8:00p,San Antonio Spurs,100,Houston Rockets,127,16208,1:59,Toyota Center,
Wed Nov 6 2024,8:00p,Los Angeles Lakers,114,Memphis Grizzlies,131,17794,2:11,FedEx Forum,
Wed Nov 6 2024,8:00p,Cleveland Cavaliers,131,New Orleans Pelicans,122,15694,2:11,Smoothie King Center,
Wed Nov 6 2024,8:30p,Chicago Bulls,99,Dallas Mavericks,119,20011,2:09,American Airlines Center,
Wed Nov 6 2024,9:00p,Oklahoma City Thunder,122,Denver Nuggets,124,19522,2:19,Ball Arena,
Wed Nov 6 2024,9:00p,Miami Heat,112,Phoenix Suns,115,17071,2:20,Footprint Center,
Wed Nov 6 2024,10:00p,Philadelphia 76ers,98,Los Angeles Clippers,110,15627,2:21,Intuit Dome,
Wed Nov 6 2024,10:00p,Toronto Raptors,107,Sacramento Kings,122,16026,2:11,Golden 1 Center,
Thu Nov 7 2024,8:00p,Minnesota Timberwolves,135,Chicago Bulls,119,19621,2:03,United Center,
Thu Nov 7 2024,8:00p,Utah Jazz,100,Milwaukee Bucks,123,17341,2:14,Fiserv Forum,
Thu Nov 7 2024,8:00p,Portland Trail Blazers,105,San Antonio Spurs,118,17120,2:09,Frost Bank Center,
Fri Nov 8 2024,7:00p,Indiana Pacers,83,Charlotte Hornets,103,17024,2:13,Spectrum Center,
Fri Nov 8 2024,7:00p,Atlanta Hawks,121,Detroit Pistons,122,17913,2:19,Little Caesars Arena,
Fri Nov 8 2024,7:00p,New Orleans Pelicans,88,Orlando Magic,115,18565,2:07,Kia Center,
Fri Nov 8 2024,7:30p,Brooklyn Nets,104,Boston Celtics,108,19156,2:26,TD Garden,
Fri Nov 8 2024,7:30p,Golden State Warriors,117,Cleveland Cavaliers,136,19432,2:10,Rocket Arena,
Fri Nov 8 2024,7:30p,Phoenix Suns,114,Dallas Mavericks,113,20277,2:21,American Airlines Center,
Fri Nov 8 2024,7:30p,Milwaukee Bucks,94,New York Knicks,116,19812,2:07,Madison Square Garden (IV),
Fri Nov 8 2024,8:00p,Washington Wizards,104,Memphis Grizzlies,128,16216,2:23,FedEx Forum,
Fri Nov 8 2024,8:00p,Houston Rockets,107,Oklahoma City Thunder,126,18203,2:14,Paycom Center,
Fri Nov 8 2024,9:00p,Miami Heat,122,Denver Nuggets,135,19621,2:11,Ball Arena,
Fri Nov 8 2024,9:00p,Portland Trail Blazers,102,Minnesota Timberwolves,127,18978,2:08,Target Center,
Fri Nov 8 2024,10:00p,Philadelphia 76ers,106,Los Angeles Lakers,116,18485,2:15,Crypto.com Arena,
Fri Nov 8 2024,10:00p,Los Angeles Clippers,107,Sacramento Kings,98,17832,2:26,Golden 1 Center,
Sat Nov 9 2024,5:00p,Utah Jazz,111,San Antonio Spurs,110,18354,2:22,Frost Bank Center,
Sat Nov 9 2024,7:30p,Chicago Bulls,125,Atlanta Hawks,113,17826,2:17,State Farm Arena,
Sat Nov 9 2024,7:30p,Brooklyn Nets,100,Cleveland Cavaliers,105,19432,2:17,Rocket Arena,
Sat Nov 9 2024,10:30p,Toronto Raptors,103,Los Angeles Clippers,105,17927,2:23,Intuit Dome,
Sun Nov 10 2024,3:00p,Houston Rockets,101,Detroit Pistons,99,18744,2:21,Little Caesars Arena,
Sun Nov 10 2024,3:30p,Boston Celtics,113,Milwaukee Bucks,107,17341,2:16,Fiserv Forum,
Sun Nov 10 2024,5:00p,New York Knicks,121,Indiana Pacers,132,17274,2:22,Gainbridge Fieldhouse,
Sun Nov 10 2024,6:00p,Washington Wizards,94,Orlando Magic,121,18352,2:20,Kia Center,
Sun Nov 10 2024,7:00p,Miami Heat,95,Minnesota Timberwolves,94,18978,2:28,Target Center,
Sun Nov 10 2024,7:00p,Golden State Warriors,127,Oklahoma City Thunder,116,18203,2:20,Paycom Center,
Sun Nov 10 2024,7:00p,Charlotte Hornets,105,Philadelphia 76ers,107,19764,2:47,Wells Fargo Center,
Sun Nov 10 2024,8:00p,Dallas Mavericks,120,Denver Nuggets,122,19908,2:11,Ball Arena,
Sun Nov 10 2024,8:00p,Sacramento Kings,127,Phoenix Suns,118,17071,2:31,Footprint Center,
Sun Nov 10 2024,9:00p,Memphis Grizzlies,134,Portland Trail Blazers,89,18477,2:05,Moda Center,
Sun Nov 10 2024,9:30p,Toronto Raptors,103,Los Angeles Lakers,123,18997,2:25,Crypto.com Arena,
Mon Nov 11 2024,8:00p,Cleveland Cavaliers,119,Chicago Bulls,113,20560,2:06,United Center,
Mon Nov 11 2024,8:00p,Washington Wizards,92,Houston Rockets,107,15998,2:16,Toyota Center,
Mon Nov 11 2024,8:00p,Brooklyn Nets,107,New Orleans Pelicans,105,16895,2:18,Smoothie King Center,
Mon Nov 11 2024,8:00p,Los Angeles Clippers,128,Oklahoma City Thunder,134,17430,2:25,Paycom Center,
Mon Nov 11 2024,8:00p,Sacramento Kings,96,San Antonio Spurs,116,17163,2:03,Frost Bank Center,
Tue Nov 12 2024,7:00p,Atlanta Hawks,117,Boston Celtics,116,19156,2:13,TD Garden,NBA Cup
Tue Nov 12 2024,7:00p,Miami Heat,121,Detroit Pistons,123,17806,2:36,Little Caesars Arena,NBA Cup
Tue Nov 12 2024,7:00p,Charlotte Hornets,89,Orlando Magic,114,17541,2:12,Kia Center,NBA Cup
Tue Nov 12 2024,7:30p,New York Knicks,111,Philadelphia 76ers,99,19758,2:24,Wells Fargo Center,NBA Cup
Tue Nov 12 2024,8:00p,Toronto Raptors,85,Milwaukee Bucks,99,17341,2:14,Fiserv Forum,NBA Cup
Tue Nov 12 2024,9:00p,Phoenix Suns,120,Utah Jazz,112,18175,2:05,Delta Center,NBA Cup
Tue Nov 12 2024,10:00p,Dallas Mavericks,117,Golden State Warriors,120,18064,2:25,Chase Center,NBA Cup
Tue Nov 12 2024,10:00p,Minnesota Timberwolves,108,Portland Trail Blazers,122,16880,2:14,Moda Center,NBA Cup
Wed Nov 13 2024,7:00p,Indiana Pacers,90,Orlando Magic,94,17087,2:10,Kia Center,
Wed Nov 13 2024,7:30p,Boston Celtics,139,Brooklyn Nets,114,18112,2:10,Barclays Center,
Wed Nov 13 2024,7:30p,Chicago Bulls,124,New York Knicks,123,19812,2:16,Madison Square Garden (IV),
Wed Nov 13 2024,7:30p,New Orleans Pelicans,88,Oklahoma City Thunder,106,17180,2:12,Paycom Center,
Wed Nov 13 2024,7:30p,Cleveland Cavaliers,114,Philadelphia 76ers,106,19777,1:59,Wells Fargo Center,
Wed Nov 13 2024,8:00p,Los Angeles Clippers,103,Houston Rockets,111,16493,2:06,Toyota Center,
Wed Nov 13 2024,8:00p,Detroit Pistons,120,Milwaukee Bucks,127,17341,2:43,Fiserv Forum,
Wed Nov 13 2024,8:00p,Washington Wizards,130,San Antonio Spurs,139,16602,2:22,Frost Bank Center,
Wed Nov 13 2024,10:00p,Memphis Grizzlies,123,Los Angeles Lakers,128,18997,2:31,Crypto.com Arena,
Wed Nov 13 2024,10:00p,Minnesota Timberwolves,98,Portland Trail Blazers,106,17353,2:13,Moda Center,
Wed Nov 13 2024,10:00p,Phoenix Suns,104,Sacramento Kings,127,16204,2:02,Golden 1 Center,
Thu Nov 14 2024,9:00p,Dallas Mavericks,113,Utah Jazz,115,18175,2:10,Delta Center,
Fri Nov 15 2024,7:00p,Miami Heat,124,Indiana Pacers,111,17274,2:10,Gainbridge Fieldhouse,NBA Cup
Fri Nov 15 2024,7:00p,Philadelphia 76ers,86,Orlando Magic,98,17843,2:25,Kia Center,NBA Cup
Fri Nov 15 2024,7:00p,Detroit Pistons,99,Toronto Raptors,95,19245,2:20,Scotiabank Arena,NBA Cup
Fri Nov 15 2024,7:30p,Washington Wizards,117,Atlanta Hawks,129,16038,2:15,State Farm Arena,NBA Cup
Fri Nov 15 2024,7:30p,Chicago Bulls,126,Cleveland Cavaliers,144,19432,2:11,Rocket Arena,NBA Cup
Fri Nov 15 2024,7:30p,Brooklyn Nets,122,New York Knicks,124,19812,2:43,Madison Square Garden (IV),NBA Cup
Fri Nov 15 2024,7:30p,Los Angeles Lakers,120,San Antonio Spurs,115,18916,2:18,Frost Bank Center,NBA Cup
Fri Nov 15 2024,8:00p,Los Angeles Clippers,104,Houston Rockets,125,18055,2:13,Toyota Center,NBA Cup
Fri Nov 15 2024,8:00p,Denver Nuggets,94,New Orleans Pelicans,101,16137,2:04,Smoothie King Center,NBA Cup
Fri Nov 15 2024,8:00p,Phoenix Suns,83,Oklahoma City Thunder,99,18203,2:17,Paycom Center,NBA Cup
Fri Nov 15 2024,10:00p,Memphis Grizzlies,118,Golden State Warriors,123,18064,2:35,Chase Center,NBA Cup
Fri Nov 15 2024,10:00p,Minnesota Timberwolves,130,Sacramento Kings,126,16478,2:25,Golden 1 Center,NBA Cup
Sat Nov 16 2024,3:00p,Milwaukee Bucks,114,Charlotte Hornets,115,19145,2:15,Spectrum Center,
Sat Nov 16 2024,8:00p,Toronto Raptors,123,Boston Celtics,126,19156,2:27,TD Garden,
Sat Nov 16 2024,8:00p,Los Angeles Lakers,104,New Orleans Pelicans,99,18761,2:12,Smoothie King Center,
Sat Nov 16 2024,8:30p,San Antonio Spurs,93,Dallas Mavericks,110,20311,2:10,American Airlines Center,
Sat Nov 16 2024,10:00p,Utah Jazz,117,Sacramento Kings,121,16568,2:35,Golden 1 Center,
Sun Nov 17 2024,3:30p,Phoenix Suns,117,Minnesota Timberwolves,120,18978,2:16,Target Center,
Sun Nov 17 2024,5:00p,Miami Heat,110,Indiana Pacers,119,16184,2:15,Gainbridge Fieldhouse,
Sun Nov 17 2024,6:00p,Charlotte Hornets,114,Cleveland Cavaliers,128,19432,2:16,Rocket Arena,
Sun Nov 17 2024,6:00p,Denver Nuggets,90,Memphis Grizzlies,105,16351,2:12,FedEx Forum,
Sun Nov 17 2024,6:00p,Atlanta Hawks,110,Portland Trail Blazers,114,17384,2:25,Moda Center,
Sun Nov 17 2024,6:00p,Detroit Pistons,124,Washington Wizards,104,14789,2:08,Capital One Arena,
Sun Nov 17 2024,7:00p,Houston Rockets,143,Chicago Bulls,107,20667,2:08,United Center,
Sun Nov 17 2024,7:00p,Brooklyn Nets,104,New York Knicks,114,19812,2:20,Madison Square Garden (IV),
Sun Nov 17 2024,7:00p,Dallas Mavericks,121,Oklahoma City Thunder,119,18203,2:33,Paycom Center,
Sun Nov 17 2024,9:00p,Utah Jazz,105,Los Angeles Clippers,116,15500,2:02,Intuit Dome,
Mon Nov 18 2024,7:00p,Chicago Bulls,122,Detroit Pistons,112,18022,2:09,Little Caesars Arena,
Mon Nov 18 2024,7:30p,Philadelphia 76ers,89,Miami Heat,106,19608,2:10,Kaseya Center,
Mon Nov 18 2024,7:30p,Washington Wizards,106,New York Knicks,134,19812,2:00,Madison Square Garden (IV),
Mon Nov 18 2024,7:30p,Indiana Pacers,119,Toronto Raptors,130,19025,2:16,Scotiabank Arena,
Mon Nov 18 2024,8:00p,Houston Rockets,100,Milwaukee Bucks,101,17341,2:12,Fiserv Forum,
Mon Nov 18 2024,9:00p,Orlando Magic,109,Phoenix Suns,99,17071,2:21,Footprint Center,
Mon Nov 18 2024,10:00p,Atlanta Hawks,109,Sacramento Kings,108,16333,2:10,Golden 1 Center,
Mon Nov 18 2024,10:30p,Golden State Warriors,99,Los Angeles Clippers,102,17927,2:11,Intuit Dome,
Tue Nov 19 2024,7:00p,Cleveland Cavaliers,117,Boston Celtics,120,19156,2:16,TD Garden,NBA Cup
Tue Nov 19 2024,7:30p,Charlotte Hornets,115,Brooklyn Nets,116,18117,2:32,Barclays Center,NBA Cup
Tue Nov 19 2024,8:00p,Denver Nuggets,122,Memphis Grizzlies,110,15377,2:25,FedEx Forum,NBA Cup
Tue Nov 19 2024,8:30p,New Orleans Pelicans,91,Dallas Mavericks,132,20077,2:08,American Airlines Center,NBA Cup
Tue Nov 19 2024,9:30p,Oklahoma City Thunder,104,San Antonio Spurs,110,16667,2:16,Frost Bank Center,NBA Cup
Tue Nov 19 2024,10:30p,Utah Jazz,118,Los Angeles Lakers,124,18997,2:16,Crypto.com Arena,NBA Cup
Wed Nov 20 2024,7:30p,New Orleans Pelicans,100,Cleveland Cavaliers,128,19432,1:59,Rocket Arena,
Wed Nov 20 2024,7:30p,Chicago Bulls,106,Milwaukee Bucks,122,17341,2:18,Fiserv Forum,
Wed Nov 20 2024,8:00p,Indiana Pacers,113,Houston Rockets,130,16087,2:18,Toyota Center,
Wed Nov 20 2024,8:00p,Philadelphia 76ers,111,Memphis Grizzlies,117,15533,2:19,FedEx Forum,
Wed Nov 20 2024,8:00p,Portland Trail Blazers,99,Oklahoma City Thunder,109,17752,2:17,Paycom Center,
Wed Nov 20 2024,10:00p,Atlanta Hawks,97,Golden State Warriors,120,18064,2:08,Chase Center,
Wed Nov 20 2024,10:00p,New York Knicks,138,Phoenix Suns,122,17071,2:16,Footprint Center,
Wed Nov 20 2024,10:30p,Orlando Magic,93,Los Angeles Clippers,104,16563,2:16,Intuit Dome,
Thu Nov 21 2024,7:00p,Detroit Pistons,121,Charlotte Hornets,123,14671,2:39,Spectrum Center,
Thu Nov 21 2024,7:30p,Minnesota Timberwolves,105,Toronto Raptors,110,19296,2:24,Scotiabank Arena,
Thu Nov 21 2024,8:00p,Utah Jazz,118,San Antonio Spurs,126,17087,2:22,Frost Bank Center,
Thu Nov 21 2024,10:30p,Orlando Magic,119,Los Angeles Lakers,118,18997,2:21,Crypto.com Arena,
Fri Nov 22 2024,7:00p,Brooklyn Nets,98,Philadelphia 76ers,113,19817,2:06,Wells Fargo Center,NBA Cup
Fri Nov 22 2024,7:00p,Boston Celtics,108,Washington Wizards,96,20385,2:24,Capital One Arena,NBA Cup
Fri Nov 22 2024,7:30p,Golden State Warriors,112,New Orleans Pelicans,108,16820,2:28,Smoothie King Center,NBA Cup
Fri Nov 22 2024,8:00p,Atlanta Hawks,122,Chicago Bulls,136,19979,2:08,United Center,NBA Cup
Fri Nov 22 2024,8:00p,Portland Trail Blazers,88,Houston Rockets,116,15546,2:10,Toyota Center,NBA Cup
Fri Nov 22 2024,8:00p,Indiana Pacers,117,Milwaukee Bucks,129,17341,2:16,Fiserv Forum,NBA Cup
Fri Nov 22 2024,10:00p,Dallas Mavericks,123,Denver Nuggets,120,19923,2:29,Ball Arena,NBA Cup
Fri Nov 22 2024,10:30p,Sacramento Kings,88,Los Angeles Clippers,104,16228,,Intuit Dome,NBA Cup
Sat Nov 23 2024,5:00p,New York Knicks,106,Utah Jazz,121,18175,2:07,Delta Center,
Sat Nov 23 2024,7:00p,Detroit Pistons,100,Orlando Magic,111,19094,2:13,Kia Center,
Sat Nov 23 2024,8:00p,Memphis Grizzlies,142,Chicago Bulls,131,19449,2:07,United Center,
Sat Nov 23 2024,8:00p,Portland Trail Blazers,104,Houston Rockets,98,16102,2:28,Toyota Center,
Sat Nov 23 2024,8:00p,Charlotte Hornets,119,Milwaukee Bucks,125,17341,2:21,Fiserv Forum,
Sat Nov 23 2024,8:30p,Golden State Warriors,94,San Antonio Spurs,104,18847,2:10,Frost Bank Center,
Sat Nov 23 2024,10:30p,Denver Nuggets,127,Los Angeles Lakers,102,18997,2:05,Crypto.com Arena,
Sun Nov 24 2024,3:30p,Minnesota Timberwolves,105,Boston Celtics,107,19156,2:03,TD Garden,
Sun Nov 24 2024,5:00p,Washington Wizards,103,Indiana Pacers,115,17274,2:11,Gainbridge Fieldhouse,
Sun Nov 24 2024,6:00p,Dallas Mavericks,118,Miami Heat,123,19714,2:30,Kaseya Center,
Sun Nov 24 2024,6:00p,Los Angeles Clippers,125,Philadelphia 76ers,99,19780,2:13,Wells Fargo Center,
Sun Nov 24 2024,7:30p,Toronto Raptors,108,Cleveland Cavaliers,122,19432,2:17,Rocket Arena,
Sun Nov 24 2024,9:00p,Brooklyn Nets,108,Sacramento Kings,103,16750,2:24,Golden 1 Center,
Mon Nov 25 2024,7:00p,Orlando Magic,95,Charlotte Hornets,84,14898,2:20,Spectrum Center,
Mon Nov 25 2024,7:00p,Toronto Raptors,100,Detroit Pistons,102,18421,2:24,Little Caesars Arena,
Mon Nov 25 2024,7:00p,New Orleans Pelicans,110,Indiana Pacers,114,16059,2:10,Gainbridge Fieldhouse,
Mon Nov 25 2024,7:30p,Dallas Mavericks,129,Atlanta Hawks,119,17186,2:07,State Farm Arena,
Mon Nov 25 2024,7:30p,Los Angeles Clippers,94,Boston Celtics,126,19156,1:58,TD Garden,
Mon Nov 25 2024,8:00p,Portland Trail Blazers,98,Memphis Grizzlies,123,15796,2:16,FedEx Forum,
Mon Nov 25 2024,9:00p,New York Knicks,145,Denver Nuggets,118,19842,,Ball Arena,
Mon Nov 25 2024,10:00p,Brooklyn Nets,128,Golden State Warriors,120,18064,2:22,Chase Center,
Mon Nov 25 2024,10:00p,Oklahoma City Thunder,130,Sacramento Kings,109,17832,2:11,Golden 1 Center,
Tue Nov 26 2024,7:00p,Chicago Bulls,127,Washington Wizards,108,15921,2:13,Capital One Arena,NBA Cup
Tue Nov 26 2024,7:30p,Milwaukee Bucks,106,Miami Heat,103,19622,2:21,Kaseya Center,NBA Cup
Tue Nov 26 2024,8:00p,Houston Rockets,117,Minnesota Timberwolves,111,18978,2:18,Target Center,NBA Cup
Tue Nov 26 2024,9:00p,San Antonio Spurs,128,Utah Jazz,115,18175,2:19,Delta Center,NBA Cup
Tue Nov 26 2024,10:00p,Los Angeles Lakers,100,Phoenix Suns,127,17071,2:18,Footprint Center,NBA Cup
Wed Nov 27 2024,7:00p,Miami Heat,98,Charlotte Hornets,94,17710,2:14,Spectrum Center,
Wed Nov 27 2024,7:00p,Atlanta Hawks,135,Cleveland Cavaliers,124,19432,2:18,Rocket Arena,
Wed Nov 27 2024,7:00p,Portland Trail Blazers,114,Indiana Pacers,121,17274,2:15,Gainbridge Fieldhouse,
Wed Nov 27 2024,7:00p,Chicago Bulls,119,Orlando Magic,133,18309,2:12,Kia Center,
Wed Nov 27 2024,7:00p,Houston Rockets,122,Philadelphia 76ers,115,19765,2:40,Wells Fargo Center,
Wed Nov 27 2024,7:00p,Los Angeles Clippers,121,Washington Wizards,96,15066,2:12,Capital One Arena,
Wed Nov 27 2024,7:30p,New York Knicks,114,Dallas Mavericks,129,20413,2:17,American Airlines Center,
Wed Nov 27 2024,8:00p,Detroit Pistons,111,Memphis Grizzlies,131,16261,2:11,FedEx Forum,
Wed Nov 27 2024,8:00p,Sacramento Kings,115,Minnesota Timberwolves,104,18978,2:17,Target Center,
Wed Nov 27 2024,8:00p,Toronto Raptors,119,New Orleans Pelicans,93,17307,2:00,Smoothie King Center,
Wed Nov 27 2024,8:30p,Los Angeles Lakers,119,San Antonio Spurs,101,19120,2:05,Frost Bank Center,
Wed Nov 27 2024,9:00p,Brooklyn Nets,127,Phoenix Suns,117,17071,2:23,Footprint Center,
Wed Nov 27 2024,9:00p,Denver Nuggets,122,Utah Jazz,103,18175,2:05,Delta Center,
Wed Nov 27 2024,10:00p,Oklahoma City Thunder,105,Golden State Warriors,101,18064,2:24,Chase Center,
Fri Nov 29 2024,12:00p,New York Knicks,99,Charlotte Hornets,98,19313,2:17,Spectrum Center,NBA Cup
Fri Nov 29 2024,2:30p,Cleveland Cavaliers,101,Atlanta Hawks,117,17881,2:12,State Farm Arena,NBA Cup
Fri Nov 29 2024,5:00p,New Orleans Pelicans,109,Memphis Grizzlies,120,17014,2:09,FedEx Forum,NBA Cup
Fri Nov 29 2024,7:30p,Orlando Magic,123,Brooklyn Nets,100,18143,2:13,Barclays Center,NBA Cup
Fri Nov 29 2024,7:30p,Los Angeles Clippers,92,Minnesota Timberwolves,93,18978,2:10,Target Center,NBA Cup
Fri Nov 29 2024,8:00p,Boston Celtics,138,Chicago Bulls,129,19798,2:08,United Center,NBA Cup
Fri Nov 29 2024,8:00p,Detroit Pistons,130,Indiana Pacers,106,17274,2:11,Gainbridge Fieldhouse,NBA Cup
Fri Nov 29 2024,8:00p,Toronto Raptors,111,Miami Heat,121,19607,2:13,Kaseya Center,NBA Cup
Fri Nov 29 2024,10:00p,Oklahoma City Thunder,101,Los Angeles Lakers,93,18997,2:16,Crypto.com Arena,NBA Cup
Fri Nov 29 2024,10:00p,Sacramento Kings,106,Portland Trail Blazers,115,17565,2:12,Moda Center,NBA Cup
Sat Nov 30 2024,6:00p,Atlanta Hawks,107,Charlotte Hornets,104,17969,2:20,Spectrum Center,
Sat Nov 30 2024,7:00p,Philadelphia 76ers,111,Detroit Pistons,96,22062,2:12,Little Caesars Arena,
Sat Nov 30 2024,8:00p,Washington Wizards,114,Milwaukee Bucks,124,17341,2:20,Fiserv Forum,
Sat Nov 30 2024,9:00p,Golden State Warriors,105,Phoenix Suns,113,17071,2:11,Footprint Center,
Sat Nov 30 2024,9:30p,Dallas Mavericks,106,Utah Jazz,94,18175,2:04,Delta Center,
Sun Dec 1 2024,3:30p,Orlando Magic,100,Brooklyn Nets,92,16505,2:36,Barclays Center,
Sun Dec 1 2024,3:30p,Indiana Pacers,121,Memphis Grizzlies,136,15901,2:18,FedEx Forum,
Sun Dec 1 2024,6:00p,Boston Celtics,111,Cleveland Cavaliers,115,19432,2:16,Rocket Arena,
Sun Dec 1 2024,6:00p,New Orleans Pelicans,85,New York Knicks,118,19812,2:03,Madison Square Garden (IV),
Sun Dec 1 2024,6:00p,Miami Heat,116,Toronto Raptors,119,18153,2:16,Scotiabank Arena,
Sun Dec 1 2024,7:00p,Oklahoma City Thunder,116,Houston Rockets,119,18055,2:35,Toyota Center,
Sun Dec 1 2024,8:00p,Los Angeles Lakers,105,Utah Jazz,104,18175,2:09,Delta Center,
Sun Dec 1 2024,9:00p,Dallas Mavericks,137,Portland Trail Blazers,131,16205,2:11,Moda Center,
Sun Dec 1 2024,9:00p,San Antonio Spurs,127,Sacramento Kings,125,16014,2:18,Golden 1 Center,
Sun Dec 1 2024,10:00p,Denver Nuggets,122,Los Angeles Clippers,126,16182,2:16,Intuit Dome,
Mon Dec 2 2024,7:30p,New Orleans Pelicans,112,Atlanta Hawks,124,15034,2:12,State Farm Arena,
Mon Dec 2 2024,7:30p,Miami Heat,89,Boston Celtics,108,19156,2:02,TD Garden,
Mon Dec 2 2024,8:00p,Brooklyn Nets,102,Chicago Bulls,128,19131,2:09,United Center,
Mon Dec 2 2024,8:00p,Los Angeles Lakers,80,Minnesota Timberwolves,109,18978,2:03,Target Center,
Tue Dec 3 2024,7:00p,Philadelphia 76ers,110,Charlotte Hornets,104,14956,2:18,Spectrum Center,NBA Cup
Tue Dec 3 2024,7:00p,Washington Wizards,87,Cleveland Cavaliers,118,19432,2:09,Rocket Arena,NBA Cup
Tue Dec 3 2024,7:00p,Milwaukee Bucks,128,Detroit Pistons,107,17988,2:10,Little Caesars Arena,NBA Cup
Tue Dec 3 2024,7:30p,Orlando Magic,106,New York Knicks,121,19812,2:26,Madison Square Garden (IV),NBA Cup
Tue Dec 3 2024,7:30p,Indiana Pacers,111,Toronto Raptors,122,17741,2:17,Scotiabank Arena,NBA Cup
Tue Dec 3 2024,8:00p,Utah Jazz,106,Oklahoma City Thunder,133,17711,2:13,Paycom Center,NBA Cup
Tue Dec 3 2024,8:30p,Memphis Grizzlies,116,Dallas Mavericks,121,20277,2:35,American Airlines Center,NBA Cup
Tue Dec 3 2024,9:00p,San Antonio Spurs,93,Phoenix Suns,104,17071,2:15,Footprint Center,NBA Cup
Tue Dec 3 2024,10:00p,Golden State Warriors,115,Denver Nuggets,119,19912,2:26,Ball Arena,NBA Cup
Tue Dec 3 2024,10:00p,Houston Rockets,111,Sacramento Kings,120,15019,2:21,Golden 1 Center,NBA Cup
Tue Dec 3 2024,10:30p,Portland Trail Blazers,105,Los Angeles Clippers,127,15583,2:06,Intuit Dome,NBA Cup
Wed Dec 4 2024,7:30p,Detroit Pistons,120,Boston Celtics,130,19156,2:12,TD Garden,
Wed Dec 4 2024,7:30p,Indiana Pacers,90,Brooklyn Nets,99,16748,2:16,Barclays Center,
Wed Dec 4 2024,7:30p,Los Angeles Lakers,93,Miami Heat,134,19657,1:59,Kaseya Center,
Wed Dec 4 2024,7:30p,Orlando Magic,106,Philadelphia 76ers,102,19851,2:21,Wells Fargo Center,
Wed Dec 4 2024,8:00p,Atlanta Hawks,119,Milwaukee Bucks,104,17341,2:21,Fiserv Forum,
Wed Dec 4 2024,10:30p,Minnesota Timberwolves,108,Los Angeles Clippers,80,15111,2:02,Intuit Dome,
Thu Dec 5 2024,7:00p,Denver Nuggets,114,Cleveland Cavaliers,126,19432,2:05,Rocket Arena,
Thu Dec 5 2024,7:00p,Dallas Mavericks,137,Washington Wizards,101,15921,2:08,Capital One Arena,
Thu Dec 5 2024,7:30p,Charlotte Hornets,101,New York Knicks,125,19812,2:08,Madison Square Garden (IV),
Thu Dec 5 2024,7:30p,Oklahoma City Thunder,129,Toronto Raptors,92,18356,2:02,Scotiabank Arena,
Thu Dec 5 2024,8:00p,Sacramento Kings,110,Memphis Grizzlies,115,15776,2:28,FedEx Forum,
Thu Dec 5 2024,8:00p,Phoenix Suns,124,New Orleans Pelicans,126,16365,2:21,Smoothie King Center,
Thu Dec 5 2024,8:00p,Chicago Bulls,139,San Antonio Spurs,124,17720,2:22,Frost Bank Center,
Thu Dec 5 2024,10:00p,Houston Rockets,93,Golden State Warriors,99,18064,2:19,Chase Center,
Fri Dec 6 2024,7:00p,Orlando Magic,94,Philadelphia 76ers,102,19802,2:24,Wells Fargo Center,
Fri Dec 6 2024,7:30p,Los Angeles Lakers,132,Atlanta Hawks,134,18040,2:42,State Farm Arena,
Fri Dec 6 2024,7:30p,Milwaukee Bucks,105,Boston Celtics,111,19156,2:16,TD Garden,
Fri Dec 6 2024,8:00p,Indiana Pacers,132,Chicago Bulls,123,19544,2:00,United Center,
Fri Dec 6 2024,8:00p,Sacramento Kings,140,San Antonio Spurs,113,16796,2:13,Frost Bank Center,
Fri Dec 6 2024,10:00p,Minnesota Timberwolves,107,Golden State Warriors,90,18064,2:18,Chase Center,
Fri Dec 6 2024,10:00p,Utah Jazz,141,Portland Trail Blazers,99,16446,2:07,Moda Center,
Sat Dec 7 2024,1:00p,Cleveland Cavaliers,116,Charlotte Hornets,102,18832,2:14,Spectrum Center,
Sat Dec 7 2024,7:00p,Oklahoma City Thunder,119,New Orleans Pelicans,109,15718,2:17,Smoothie King Center,
Sat Dec 7 2024,7:00p,Denver Nuggets,113,Washington Wizards,122,16182,2:22,Capital One Arena,
Sat Dec 7 2024,7:30p,Detroit Pistons,120,New York Knicks,111,19812,2:15,Madison Square Garden (IV),
Sat Dec 7 2024,7:30p,Dallas Mavericks,125,Toronto Raptors,118,19625,2:11,Scotiabank Arena,
Sat Dec 7 2024,8:00p,Memphis Grizzlies,127,Boston Celtics,121,19156,2:20,TD Garden,
Sat Dec 7 2024,8:00p,Phoenix Suns,111,Miami Heat,121,19600,2:13,Kaseya Center,
Sun Dec 8 2024,1:00p,Philadelphia 76ers,108,Chicago Bulls,100,18837,2:10,United Center,
Sun Dec 8 2024,3:30p,Milwaukee Bucks,118,Brooklyn Nets,113,17926,2:19,Barclays Center,
Sun Dec 8 2024,5:00p,Charlotte Hornets,113,Indiana Pacers,109,17274,2:22,Gainbridge Fieldhouse,
Sun Dec 8 2024,6:00p,Denver Nuggets,141,Atlanta Hawks,111,16137,2:14,State Farm Arena,
Sun Dec 8 2024,6:00p,Cleveland Cavaliers,113,Miami Heat,122,19600,,Kaseya Center,
Sun Dec 8 2024,6:30p,Phoenix Suns,110,Orlando Magic,115,18311,2:23,Kia Center,
Sun Dec 8 2024,7:00p,New Orleans Pelicans,116,San Antonio Spurs,121,16840,2:20,Frost Bank Center,
Sun Dec 8 2024,7:00p,Memphis Grizzlies,140,Washington Wizards,112,15012,2:18,Capital One Arena,
Sun Dec 8 2024,8:30p,Minnesota Timberwolves,106,Golden State Warriors,114,18064,2:18,Chase Center,
Sun Dec 8 2024,9:00p,Houston Rockets,117,Los Angeles Clippers,106,14782,2:13,Intuit Dome,
Sun Dec 8 2024,9:00p,Utah Jazz,97,Sacramento Kings,141,15706,2:09,Golden 1 Center,
Sun Dec 8 2024,9:30p,Portland Trail Blazers,98,Los Angeles Lakers,107,18997,2:07,Crypto.com Arena,
Mon Dec 9 2024,7:30p,New York Knicks,113,Toronto Raptors,108,18284,2:17,Scotiabank Arena,
Tue Dec 10 2024,7:00p,Orlando Magic,109,Milwaukee Bucks,114,17341,2:35,Fiserv Forum,NBA Cup
Tue Dec 10 2024,9:30p,Dallas Mavericks,104,Oklahoma City Thunder,118,17724,2:08,Paycom Center,NBA Cup
Wed Dec 11 2024,7:00p,Atlanta Hawks,108,New York Knicks,100,19812,2:13,Madison Square Garden (IV),NBA Cup
Wed Dec 11 2024,9:30p,Golden State Warriors,90,Houston Rockets,91,18055,2:17,Toyota Center,NBA Cup
Thu Dec 12 2024,7:30p,Detroit Pistons,99,Boston Celtics,123,19156,1:57,TD Garden,
Thu Dec 12 2024,7:30p,Toronto Raptors,104,Miami Heat,114,19600,2:14,Kaseya Center,
Thu Dec 12 2024,8:00p,Sacramento Kings,111,New Orleans Pelicans,109,15488,2:12,Smoothie King Center,
Fri Dec 13 2024,7:00p,Washington Wizards,105,Cleveland Cavaliers,115,19432,2:15,Rocket Arena,
Fri Dec 13 2024,7:00p,Indiana Pacers,121,Philadelphia 76ers,107,19771,2:17,Wells Fargo Center,
Fri Dec 13 2024,8:00p,Charlotte Hornets,95,Chicago Bulls,109,19543,2:08,United Center,
Fri Dec 13 2024,8:00p,Brooklyn Nets,119,Memphis Grizzlies,135,15983,2:26,FedEx Forum,
Fri Dec 13 2024,8:00p,Los Angeles Lakers,87,Minnesota Timberwolves,97,18978,2:08,Target Center,
Fri Dec 13 2024,9:00p,Los Angeles Clippers,98,Denver Nuggets,120,19779,2:13,Ball Arena,
Fri Dec 13 2024,9:30p,Phoenix Suns,134,Utah Jazz,126,18175,2:11,Delta Center,
Fri Dec 13 2024,10:00p,San Antonio Spurs,118,Portland Trail Blazers,116,17025,2:16,Moda Center,
Sat Dec 14 2024,4:30p,Atlanta Hawks,102,Milwaukee Bucks,110,17113,2:30,T-Mobile Arena,NBA Cup
Sat Dec 14 2024,8:30p,Houston Rockets,96,Oklahoma City Thunder,111,17937,2:24,T-Mobile Arena,NBA Cup
Sun Dec 15 2024,5:00p,New Orleans Pelicans,104,Indiana Pacers,119,16792,2:08,Gainbridge Fieldhouse,
Sun Dec 15 2024,6:00p,New York Knicks,100,Orlando Magic,91,17029,2:22,Kia Center,
Sun Dec 15 2024,6:00p,Boston Celtics,112,Washington Wizards,98,16227,2:05,Capital One Arena,
Sun Dec 15 2024,7:00p,Minnesota Timberwolves,106,San Antonio Spurs,92,16816,2:03,Frost Bank Center,
Sun Dec 15 2024,8:00p,Portland Trail Blazers,109,Phoenix Suns,116,17071,2:06,Footprint Center,
Sun Dec 15 2024,8:30p,Dallas Mavericks,143,Golden State Warriors,133,18064,2:14,Chase Center,
Sun Dec 15 2024,9:30p,Memphis Grizzlies,110,Los Angeles Lakers,116,15106,2:34,Crypto.com Arena,
Mon Dec 16 2024,7:00p,Philadelphia 76ers,121,Charlotte Hornets,108,14677,2:22,Spectrum Center,
Mon Dec 16 2024,7:00p,Miami Heat,124,Detroit Pistons,125,17810,2:35,Little Caesars Arena,
Mon Dec 16 2024,7:30p,Cleveland Cavaliers,130,Brooklyn Nets,101,16588,2:18,Barclays Center,
Mon Dec 16 2024,7:30p,Chicago Bulls,122,Toronto Raptors,121,16324,2:25,Scotiabank Arena,
Mon Dec 16 2024,10:00p,Denver Nuggets,130,Sacramento Kings,129,16936,2:19,Golden 1 Center,
Mon Dec 16 2024,10:30p,Utah Jazz,107,Los Angeles Clippers,144,14651,2:16,Intuit Dome,
Tue Dec 17 2024,8:30p,Milwaukee Bucks,97,Oklahoma City Thunder,81,18519,2:19,T-Mobile Arena,NBA Cup
Thu Dec 19 2024,7:00p,Utah Jazz,126,Detroit Pistons,119,18022,2:32,Little Caesars Arena,
Thu Dec 19 2024,7:00p,Oklahoma City Thunder,105,Orlando Magic,99,18896,2:26,Kia Center,
Thu Dec 19 2024,7:00p,Charlotte Hornets,114,Washington Wizards,123,15256,2:24,Capital One Arena,
Thu Dec 19 2024,7:30p,Chicago Bulls,117,Boston Celtics,108,19156,2:06,TD Garden,
Thu Dec 19 2024,7:30p,Brooklyn Nets,101,Toronto Raptors,94,19214,2:20,Scotiabank Arena,
Thu Dec 19 2024,8:00p,New Orleans Pelicans,113,Houston Rockets,133,18055,2:13,Toyota Center,
Thu Dec 19 2024,8:00p,Golden State Warriors,93,Memphis Grizzlies,144,17729,2:06,FedEx Forum,
Thu Dec 19 2024,8:00p,Atlanta Hawks,126,San Antonio Spurs,133,17852,2:36,Frost Bank Center,
Thu Dec 19 2024,8:30p,Los Angeles Clippers,118,Dallas Mavericks,95,20044,2:14,American Airlines Center,
Thu Dec 19 2024,9:00p,Indiana Pacers,120,Phoenix Suns,111,17071,2:17,Footprint Center,
Thu Dec 19 2024,9:30p,New York Knicks,133,Minnesota Timberwolves,107,18978,2:13,Target Center,
Thu Dec 19 2024,10:00p,Denver Nuggets,124,Portland Trail Blazers,126,16753,2:14,Moda Center,
Thu Dec 19 2024,10:00p,Los Angeles Lakers,113,Sacramento Kings,100,17832,2:18,Golden 1 Center,
Fri Dec 20 2024,7:00p,Charlotte Hornets,98,Philadelphia 76ers,108,20291,2:16,Wells Fargo Center,
Fri Dec 20 2024,7:30p,Milwaukee Bucks,101,Cleveland Cavaliers,124,19432,2:03,Rocket Arena,
Fri Dec 20 2024,8:00p,Oklahoma City Thunder,104,Miami Heat,97,19801,2:17,Kaseya Center,
Sat Dec 21 2024,6:00p,Los Angeles Lakers,103,Sacramento Kings,99,17832,2:13,Golden 1 Center,
Sat Dec 21 2024,7:00p,Miami Heat,114,Orlando Magic,121,18080,2:32,Kia Center,
Sat Dec 21 2024,7:30p,Memphis Grizzlies,128,Atlanta Hawks,112,16909,2:04,State Farm Arena,
Sat Dec 21 2024,7:30p,Utah Jazz,105,Brooklyn Nets,94,17926,2:06,Barclays Center,
Sat Dec 21 2024,8:00p,Boston Celtics,123,Chicago Bulls,98,19803,1:57,United Center,
Sat Dec 21 2024,8:00p,Philadelphia 76ers,99,Cleveland Cavaliers,126,19432,2:06,Rocket Arena,
Sat Dec 21 2024,8:00p,Washington Wizards,101,Milwaukee Bucks,112,17341,1:54,Fiserv Forum,
Sat Dec 21 2024,8:00p,Golden State Warriors,113,Minnesota Timberwolves,103,18978,2:47,Target Center,
Sat Dec 21 2024,8:00p,New York Knicks,104,New Orleans Pelicans,93,16696,2:07,Smoothie King Center,
Sat Dec 21 2024,8:30p,Los Angeles Clippers,97,Dallas Mavericks,113,20102,2:10,American Airlines Center,
Sat Dec 21 2024,8:30p,Portland Trail Blazers,94,San Antonio Spurs,114,18354,2:06,Frost Bank Center,
Sat Dec 21 2024,9:00p,Detroit Pistons,133,Phoenix Suns,125,17071,2:22,Footprint Center,
Sun Dec 22 2024,6:00p,Indiana Pacers,122,Sacramento Kings,95,17832,2:00,Golden 1 Center,
Sun Dec 22 2024,6:00p,Houston Rockets,114,Toronto Raptors,110,19305,2:14,Scotiabank Arena,
Sun Dec 22 2024,7:00p,Denver Nuggets,132,New Orleans Pelicans,129,17474,2:39,Smoothie King Center,
Mon Dec 23 2024,7:00p,Houston Rockets,114,Charlotte Hornets,101,19134,2:03,Spectrum Center,
Mon Dec 23 2024,7:00p,Utah Jazz,113,Cleveland Cavaliers,124,19432,2:09,Rocket Arena,
Mon Dec 23 2024,7:00p,Boston Celtics,104,Orlando Magic,108,18846,2:26,Kia Center,
Mon Dec 23 2024,7:00p,San Antonio Spurs,106,Philadelphia 76ers,111,19986,2:20,Wells Fargo Center,
Mon Dec 23 2024,7:30p,Minnesota Timberwolves,104,Atlanta Hawks,117,17051,2:12,State Farm Arena,
Mon Dec 23 2024,7:30p,Brooklyn Nets,95,Miami Heat,110,19832,2:10,Kaseya Center,
Mon Dec 23 2024,7:30p,Toronto Raptors,125,New York Knicks,139,19812,2:19,Madison Square Garden (IV),
Mon Dec 23 2024,8:00p,Milwaukee Bucks,112,Chicago Bulls,91,21234,2:02,United Center,
Mon Dec 23 2024,8:00p,Los Angeles Clippers,114,Memphis Grizzlies,110,17265,2:26,FedEx Forum,
Mon Dec 23 2024,8:00p,Washington Wizards,105,Oklahoma City Thunder,123,18203,2:17,Paycom Center,
Mon Dec 23 2024,8:30p,Portland Trail Blazers,108,Dallas Mavericks,132,20225,2:15,American Airlines Center,
Mon Dec 23 2024,10:00p,Phoenix Suns,90,Denver Nuggets,117,19910,2:05,Ball Arena,
Mon Dec 23 2024,10:00p,Indiana Pacers,111,Golden State Warriors,105,18064,2:13,Chase Center,
Mon Dec 23 2024,10:30p,Detroit Pistons,117,Los Angeles Lakers,114,18997,2:11,Crypto.com Arena,
Wed Dec 25 2024,12:00p,San Antonio Spurs,114,New York Knicks,117,19812,2:19,Madison Square Garden (IV),
Wed Dec 25 2024,2:30p,Minnesota Timberwolves,105,Dallas Mavericks,99,20341,2:20,American Airlines Center,
Wed Dec 25 2024,5:00p,Philadelphia 76ers,118,Boston Celtics,114,19156,2:23,TD Garden,
Wed Dec 25 2024,8:00p,Los Angeles Lakers,115,Golden State Warriors,113,18064,2:25,Chase Center,
Wed Dec 25 2024,10:30p,Denver Nuggets,100,Phoenix Suns,110,17071,2:15,Footprint Center,
Thu Dec 26 2024,7:00p,Oklahoma City Thunder,120,Indiana Pacers,114,17274,2:11,Gainbridge Fieldhouse,
Thu Dec 26 2024,7:00p,Miami Heat,89,Orlando Magic,88,18846,2:11,Kia Center,
Thu Dec 26 2024,7:00p,Charlotte Hornets,110,Washington Wizards,113,17193,2:25,Capital One Arena,
Thu Dec 26 2024,7:30p,Chicago Bulls,133,Atlanta Hawks,141,17760,2:14,State Farm Arena,
Thu Dec 26 2024,8:00p,Toronto Raptors,126,Memphis Grizzlies,155,17196,2:12,FedEx Forum,
Thu Dec 26 2024,8:00p,Brooklyn Nets,111,Milwaukee Bucks,105,17957,2:16,Fiserv Forum,
Thu Dec 26 2024,8:00p,Houston Rockets,128,New Orleans Pelicans,111,16052,2:03,Smoothie King Center,
Thu Dec 26 2024,10:00p,Utah Jazz,120,Portland Trail Blazers,122,16934,2:07,Moda Center,
Thu Dec 26 2024,10:00p,Detroit Pistons,114,Sacramento Kings,113,17832,2:22,Golden 1 Center,
Fri Dec 27 2024,7:00p,New York Knicks,108,Orlando Magic,85,18961,2:23,Kia Center,
Fri Dec 27 2024,7:30p,Indiana Pacers,105,Boston Celtics,142,19156,2:08,TD Garden,
Fri Dec 27 2024,7:30p,San Antonio Spurs,96,Brooklyn Nets,87,17990,2:20,Barclays Center,
Fri Dec 27 2024,8:00p,Minnesota Timberwolves,113,Houston Rockets,112,18055,2:12,Toyota Center,
Fri Dec 27 2024,8:00p,Memphis Grizzlies,132,New Orleans Pelicans,124,17328,2:24,Smoothie King Center,
Fri Dec 27 2024,9:00p,Cleveland Cavaliers,149,Denver Nuggets,135,19952,2:14,Ball Arena,
Fri Dec 27 2024,9:00p,Dallas Mavericks,98,Phoenix Suns,89,17071,2:20,Footprint Center,
Fri Dec 27 2024,10:00p,Golden State Warriors,92,Los Angeles Clippers,102,17927,2:17,Intuit Dome,
Sat Dec 28 2024,3:00p,Miami Heat,110,Atlanta Hawks,120,17856,2:09,State Farm Arena,
Sat Dec 28 2024,6:00p,Oklahoma City Thunder,106,Charlotte Hornets,94,19325,2:09,Spectrum Center,
Sat Dec 28 2024,7:00p,New York Knicks,136,Washington Wizards,132,20385,2:28,Capital One Arena,
Sat Dec 28 2024,8:00p,Milwaukee Bucks,111,Chicago Bulls,116,21511,2:10,United Center,
Sat Dec 28 2024,8:30p,Phoenix Suns,105,Golden State Warriors,109,18064,2:18,Chase Center,
Sat Dec 28 2024,9:00p,Detroit Pistons,121,Denver Nuggets,134,19876,2:19,Ball Arena,
Sat Dec 28 2024,9:30p,Philadelphia 76ers,114,Utah Jazz,111,18175,2:31,Delta Center,
Sat Dec 28 2024,10:00p,Dallas Mavericks,122,Portland Trail Blazers,126,19335,2:17,Moda Center,
Sat Dec 28 2024,10:30p,Sacramento Kings,122,Los Angeles Lakers,132,18997,2:15,Crypto.com Arena,
Sun Dec 29 2024,3:30p,Brooklyn Nets,101,Orlando Magic,102,19397,2:26,Kia Center,
Sun Dec 29 2024,6:00p,Indiana Pacers,123,Boston Celtics,114,19156,2:13,TD Garden,
Sun Dec 29 2024,6:00p,Atlanta Hawks,136,Toronto Raptors,107,19359,2:18,Scotiabank Arena,
Sun Dec 29 2024,7:00p,Miami Heat,104,Houston Rockets,100,18055,2:19,Toyota Center,
Sun Dec 29 2024,7:00p,Memphis Grizzlies,106,Oklahoma City Thunder,130,18203,2:08,Paycom Center,
Sun Dec 29 2024,9:00p,San Antonio Spurs,110,Minnesota Timberwolves,112,18978,2:20,Target Center,
Mon Dec 30 2024,7:00p,Chicago Bulls,115,Charlotte Hornets,108,19197,2:24,Spectrum Center,
Mon Dec 30 2024,7:00p,New York Knicks,126,Washington Wizards,106,20385,2:10,Capital One Arena,
Mon Dec 30 2024,8:00p,Los Angeles Clippers,116,New Orleans Pelicans,113,17303,2:27,Smoothie King Center,
Mon Dec 30 2024,9:00p,Denver Nuggets,132,Utah Jazz,121,18175,2:06,Delta Center,
Mon Dec 30 2024,10:00p,Cleveland Cavaliers,113,Golden State Warriors,95,18064,2:10,Chase Center,
Mon Dec 30 2024,10:00p,Philadelphia 76ers,125,Portland Trail Blazers,103,16721,2:27,Moda Center,
Mon Dec 30 2024,10:00p,Dallas Mavericks,100,Sacramento Kings,110,16844,2:19,Golden 1 Center,
Tue Dec 31 2024,3:00p,Toronto Raptors,71,Boston Celtics,125,19156,1:59,TD Garden,
Tue Dec 31 2024,3:00p,Milwaukee Bucks,120,Indiana Pacers,112,17274,2:24,Gainbridge Fieldhouse,
Tue Dec 31 2024,7:00p,Los Angeles Clippers,86,San Antonio Spurs,122,18690,2:03,Frost Bank Center,
Tue Dec 31 2024,8:00p,Minnesota Timberwolves,105,Oklahoma City Thunder,113,18203,2:09,Paycom Center,
Tue Dec 31 2024,9:00p,Cleveland Cavaliers,122,Los Angeles Lakers,110,18997,2:03,Crypto.com Arena,
Tue Dec 31 2024,9:00p,Memphis Grizzlies,117,Phoenix Suns,112,17071,2:27,Footprint Center,
Wed Jan 1 2025,7:00p,Orlando Magic,96,Detroit Pistons,105,19399,2:17,Little Caesars Arena,
Wed Jan 1 2025,7:00p,Chicago Bulls,107,Washington Wizards,125,16298,2:12,Capital One Arena,
Wed Jan 1 2025,7:30p,New Orleans Pelicans,108,Miami Heat,119,20013,2:10,Kaseya Center,
Wed Jan 1 2025,7:30p,Utah Jazz,103,New York Knicks,119,19812,2:06,Madison Square Garden (IV),
Wed Jan 1 2025,7:30p,Brooklyn Nets,113,Toronto Raptors,130,19104,2:10,Scotiabank Arena,
Wed Jan 1 2025,8:00p,Dallas Mavericks,99,Houston Rockets,110,18055,2:17,Toyota Center,
Wed Jan 1 2025,9:00p,Atlanta Hawks,120,Denver Nuggets,139,19902,2:08,Ball Arena,
Wed Jan 1 2025,10:00p,Philadelphia 76ers,107,Sacramento Kings,113,16024,2:18,Golden 1 Center,
Thu Jan 2 2025,7:30p,Indiana Pacers,128,Miami Heat,115,19959,2:05,Kaseya Center,
Thu Jan 2 2025,7:30p,Boston Celtics,118,Minnesota Timberwolves,115,18978,2:11,Target Center,
Thu Jan 2 2025,8:00p,Brooklyn Nets,113,Milwaukee Bucks,110,17341,2:27,Fiserv Forum,
Thu Jan 2 2025,8:00p,Los Angeles Clippers,98,Oklahoma City Thunder,116,18203,2:04,Paycom Center,
Thu Jan 2 2025,10:00p,Philadelphia 76ers,105,Golden State Warriors,139,18064,2:16,Chase Center,
Thu Jan 2 2025,10:30p,Portland Trail Blazers,106,Los Angeles Lakers,114,17812,2:09,Crypto.com Arena,
Fri Jan 3 2025,7:00p,Charlotte Hornets,94,Detroit Pistons,98,18866,2:22,Little Caesars Arena,
Fri Jan 3 2025,7:30p,Orlando Magic,106,Toronto Raptors,97,19278,2:07,Scotiabank Arena,
Fri Jan 3 2025,8:00p,Boston Celtics,109,Houston Rockets,86,18055,2:01,Toyota Center,
Fri Jan 3 2025,8:00p,Washington Wizards,120,New Orleans Pelicans,132,17307,2:17,Smoothie King Center,
Fri Jan 3 2025,8:00p,New York Knicks,107,Oklahoma City Thunder,117,18203,2:13,Paycom Center,
Fri Jan 3 2025,8:30p,Cleveland Cavaliers,134,Dallas Mavericks,122,20231,2:10,American Airlines Center,
Fri Jan 3 2025,9:00p,San Antonio Spurs,113,Denver Nuggets,110,19922,2:02,Ball Arena,
Fri Jan 3 2025,10:00p,Memphis Grizzlies,133,Sacramento Kings,138,16601,2:25,Golden 1 Center,
Fri Jan 3 2025,10:30p,Atlanta Hawks,102,Los Angeles Lakers,119,18997,2:10,Crypto.com Arena,
Sat Jan 4 2025,6:00p,Philadelphia 76ers,123,Brooklyn Nets,94,17926,2:16,Barclays Center,
Sat Jan 4 2025,7:00p,Minnesota Timberwolves,105,Detroit Pistons,119,20062,2:14,Little Caesars Arena,
Sat Jan 4 2025,7:00p,Phoenix Suns,108,Indiana Pacers,126,17274,2:07,Gainbridge Fieldhouse,
Sat Jan 4 2025,8:00p,New York Knicks,126,Chicago Bulls,139,22491,2:23,United Center,
Sat Jan 4 2025,8:00p,Utah Jazz,136,Miami Heat,100,19934,2:07,Kaseya Center,
Sat Jan 4 2025,8:00p,Portland Trail Blazers,105,Milwaukee Bucks,102,17595,2:01,Fiserv Forum,
Sat Jan 4 2025,8:00p,Denver Nuggets,122,San Antonio Spurs,111,19038,2:31,Frost Bank Center,
Sat Jan 4 2025,8:30p,Memphis Grizzlies,113,Golden State Warriors,121,18064,2:18,Chase Center,
Sat Jan 4 2025,10:30p,Atlanta Hawks,105,Los Angeles Clippers,131,17927,2:02,Intuit Dome,
Sun Jan 5 2025,3:30p,Boston Celtics,92,Oklahoma City Thunder,105,18203,2:08,Paycom Center,
Sun Jan 5 2025,6:00p,Charlotte Hornets,105,Cleveland Cavaliers,115,19432,2:06,Rocket Arena,
Sun Jan 5 2025,6:00p,New Orleans Pelicans,110,Washington Wizards,98,15451,2:08,Capital One Arena,
Sun Jan 5 2025,6:30p,Utah Jazz,105,Orlando Magic,92,19198,2:03,Kia Center,
Sun Jan 5 2025,7:00p,Los Angeles Lakers,115,Houston Rockets,119,18055,2:16,Toyota Center,
Sun Jan 5 2025,8:30p,Sacramento Kings,129,Golden State Warriors,99,18064,2:08,Chase Center,
Mon Jan 6 2025,7:00p,Portland Trail Blazers,115,Detroit Pistons,118,16002,2:09,Little Caesars Arena,
Mon Jan 6 2025,7:00p,Phoenix Suns,109,Philadelphia 76ers,99,19791,2:16,Wells Fargo Center,
Mon Jan 6 2025,7:30p,Indiana Pacers,113,Brooklyn Nets,99,16088,2:12,Barclays Center,
Mon Jan 6 2025,7:30p,Orlando Magic,103,New York Knicks,94,19812,2:16,Madison Square Garden (IV),
Mon Jan 6 2025,7:30p,Milwaukee Bucks,128,Toronto Raptors,104,17829,2:05,Scotiabank Arena,
Mon Jan 6 2025,8:00p,San Antonio Spurs,110,Chicago Bulls,114,18886,2:13,United Center,
Mon Jan 6 2025,8:00p,Dallas Mavericks,104,Memphis Grizzlies,119,16412,2:12,FedEx Forum,
Mon Jan 6 2025,8:00p,Los Angeles Clippers,106,Minnesota Timberwolves,108,18978,2:17,Target Center,
Mon Jan 6 2025,10:00p,Miami Heat,118,Sacramento Kings,123,17832,2:43,Golden 1 Center,
Tue Jan 7 2025,7:00p,Phoenix Suns,104,Charlotte Hornets,115,16647,2:16,Spectrum Center,
Tue Jan 7 2025,7:00p,Houston Rockets,135,Washington Wizards,112,12930,2:05,Capital One Arena,
Tue Jan 7 2025,7:30p,Los Angeles Lakers,97,Dallas Mavericks,118,20126,2:09,American Airlines Center,
Tue Jan 7 2025,8:00p,Minnesota Timberwolves,104,New Orleans Pelicans,97,16282,2:18,Smoothie King Center,
Tue Jan 7 2025,9:00p,Atlanta Hawks,124,Utah Jazz,121,18175,2:18,Delta Center,
Tue Jan 7 2025,10:00p,Boston Celtics,118,Denver Nuggets,106,19904,2:16,Ball Arena,
Tue Jan 7 2025,10:00p,Miami Heat,114,Golden State Warriors,98,18064,2:01,Chase Center,
Wed Jan 8 2025,7:00p,Oklahoma City Thunder,122,Cleveland Cavaliers,129,19432,2:19,Rocket Arena,
Wed Jan 8 2025,7:00p,Chicago Bulls,113,Indiana Pacers,129,16758,2:15,Gainbridge Fieldhouse,
Wed Jan 8 2025,7:00p,Washington Wizards,103,Philadelphia 76ers,109,19762,2:18,Wells Fargo Center,
Wed Jan 8 2025,7:30p,Detroit Pistons,113,Brooklyn Nets,98,16098,2:07,Barclays Center,
Wed Jan 8 2025,7:30p,Toronto Raptors,98,New York Knicks,112,19812,2:11,Madison Square Garden (IV),
Wed Jan 8 2025,8:00p,Portland Trail Blazers,119,New Orleans Pelicans,100,16425,1:58,Smoothie King Center,
Wed Jan 8 2025,9:00p,Los Angeles Clippers,103,Denver Nuggets,126,19711,2:11,Ball Arena,
Wed Jan 8 2025,9:30p,San Antonio Spurs,105,Milwaukee Bucks,121,17341,2:10,Fiserv Forum,
Thu Jan 9 2025,7:00p,Toronto Raptors,126,Cleveland Cavaliers,132,19432,2:08,Rocket Arena,
Thu Jan 9 2025,7:00p,Golden State Warriors,107,Detroit Pistons,104,20062,2:25,Little Caesars Arena,
Thu Jan 9 2025,7:00p,Minnesota Timberwolves,104,Orlando Magic,89,18846,2:16,Kia Center,
Thu Jan 9 2025,7:30p,Portland Trail Blazers,111,Dallas Mavericks,117,19241,2:15,American Airlines Center,
Thu Jan 9 2025,8:00p,Houston Rockets,119,Memphis Grizzlies,115,16298,2:33,FedEx Forum,
Thu Jan 9 2025,9:00p,Atlanta Hawks,115,Phoenix Suns,123,17071,2:12,Footprint Center,
Thu Jan 9 2025,9:00p,Miami Heat,97,Utah Jazz,92,18175,2:11,Delta Center,
Fri Jan 10 2025,7:00p,Golden State Warriors,96,Indiana Pacers,108,17274,2:03,Gainbridge Fieldhouse,
Fri Jan 10 2025,7:00p,Milwaukee Bucks,109,Orlando Magic,106,18846,2:24,Kia Center,
Fri Jan 10 2025,7:00p,New Orleans Pelicans,123,Philadelphia 76ers,115,19779,2:12,Wells Fargo Center,
Fri Jan 10 2025,7:30p,Sacramento Kings,114,Boston Celtics,97,19156,2:00,TD Garden,
Fri Jan 10 2025,7:30p,Oklahoma City Thunder,126,New York Knicks,101,19812,2:06,Madison Square Garden (IV),
Fri Jan 10 2025,8:00p,Washington Wizards,105,Chicago Bulls,138,21391,2:03,United Center,
Fri Jan 10 2025,9:00p,Brooklyn Nets,105,Denver Nuggets,124,19959,2:20,Ball Arena,
Sat Jan 11 2025,5:00p,Utah Jazz,106,Phoenix Suns,114,17071,2:10,Footprint Center,
Sat Jan 11 2025,7:00p,Toronto Raptors,114,Detroit Pistons,123,19011,2:15,Little Caesars Arena,
Sat Jan 11 2025,8:00p,Memphis Grizzlies,127,Minnesota Timberwolves,125,18978,2:17,Target Center,
Sat Jan 11 2025,10:00p,Miami Heat,119,Portland Trail Blazers,98,17505,2:08,Moda Center,
Sun Jan 12 2025,3:00p,Denver Nuggets,112,Dallas Mavericks,101,20031,2:12,American Airlines Center,
Sun Jan 12 2025,3:00p,Milwaukee Bucks,106,New York Knicks,140,19812,2:14,Madison Square Garden (IV),
Sun Jan 12 2025,3:30p,Sacramento Kings,124,Chicago Bulls,119,18233,2:06,United Center,
Sun Jan 12 2025,6:00p,New Orleans Pelicans,119,Boston Celtics,120,19156,2:15,TD Garden,
Sun Jan 12 2025,6:00p,Indiana Pacers,108,Cleveland Cavaliers,93,19432,2:08,Rocket Arena,
Sun Jan 12 2025,6:00p,Philadelphia 76ers,99,Orlando Magic,104,17723,2:35,Kia Center,
Sun Jan 12 2025,6:00p,Oklahoma City Thunder,136,Washington Wizards,95,15711,2:18,Capital One Arena,
Sun Jan 12 2025,8:00p,Brooklyn Nets,111,Utah Jazz,112,18175,2:44,Delta Center,
Sun Jan 12 2025,9:00p,Charlotte Hornets,113,Phoenix Suns,120,17071,2:16,Footprint Center,
Mon Jan 13 2025,7:00p,Minnesota Timberwolves,120,Washington Wizards,106,14386,2:12,Capital One Arena,
Mon Jan 13 2025,7:30p,Detroit Pistons,124,New York Knicks,119,19812,2:17,Madison Square Garden (IV),
Mon Jan 13 2025,7:30p,Golden State Warriors,101,Toronto Raptors,104,19165,2:12,Scotiabank Arena,
Mon Jan 13 2025,8:00p,Memphis Grizzlies,118,Houston Rockets,120,18055,2:20,Toyota Center,
Mon Jan 13 2025,10:30p,Miami Heat,98,Los Angeles Clippers,109,13119,2:02,Intuit Dome,
Mon Jan 13 2025,10:30p,San Antonio Spurs,126,Los Angeles Lakers,102,18737,2:14,Crypto.com Arena,
Tue Jan 14 2025,7:00p,Cleveland Cavaliers,127,Indiana Pacers,117,16035,2:26,Gainbridge Fieldhouse,
Tue Jan 14 2025,7:00p,Oklahoma City Thunder,118,Philadelphia 76ers,102,19771,2:05,Wells Fargo Center,
Tue Jan 14 2025,7:30p,Phoenix Suns,117,Atlanta Hawks,122,16221,2:11,State Farm Arena,
Tue Jan 14 2025,8:00p,New Orleans Pelicans,119,Chicago Bulls,113,17210,2:11,United Center,
Tue Jan 14 2025,8:00p,Sacramento Kings,115,Milwaukee Bucks,130,17341,2:08,Fiserv Forum,
Tue Jan 14 2025,9:30p,Denver Nuggets,118,Dallas Mavericks,99,19798,2:17,American Airlines Center,
Tue Jan 14 2025,10:00p,Brooklyn Nets,132,Portland Trail Blazers,114,16127,2:13,Moda Center,
Wed Jan 15 2025,7:00p,New York Knicks,125,Philadelphia 76ers,119,20088,2:34,Wells Fargo Center,
Wed Jan 15 2025,7:30p,Boston Celtics,97,Toronto Raptors,110,18566,2:09,Scotiabank Arena,
Wed Jan 15 2025,8:00p,Atlanta Hawks,110,Chicago Bulls,94,17692,2:06,United Center,
Wed Jan 15 2025,8:00p,Orlando Magic,93,Milwaukee Bucks,122,17341,2:13,Fiserv Forum,
Wed Jan 15 2025,8:00p,Dallas Mavericks,116,New Orleans Pelicans,119,16488,2:13,Smoothie King Center,
Wed Jan 15 2025,8:00p,Memphis Grizzlies,129,San Antonio Spurs,115,18354,2:08,Frost Bank Center,
Wed Jan 15 2025,9:00p,Houston Rockets,128,Denver Nuggets,108,19837,2:07,Ball Arena,
Wed Jan 15 2025,9:00p,Charlotte Hornets,117,Utah Jazz,112,18175,2:09,Delta Center,
Wed Jan 15 2025,9:30p,Golden State Warriors,116,Minnesota Timberwolves,115,18978,2:34,Target Center,
Wed Jan 15 2025,10:00p,Miami Heat,108,Los Angeles Lakers,117,17005,2:03,Crypto.com Arena,
Wed Jan 15 2025,10:30p,Brooklyn Nets,67,Los Angeles Clippers,126,13091,2:17,Intuit Dome,
Thu Jan 16 2025,7:00p,Indiana Pacers,111,Detroit Pistons,100,16366,2:16,Little Caesars Arena,
Thu Jan 16 2025,7:00p,Phoenix Suns,130,Washington Wizards,123,15792,2:19,Capital One Arena,
Thu Jan 16 2025,7:30p,Cleveland Cavaliers,114,Oklahoma City Thunder,134,18203,2:12,Paycom Center,
Thu Jan 16 2025,10:00p,Los Angeles Clippers,118,Portland Trail Blazers,89,16374,2:09,Moda Center,
Thu Jan 16 2025,10:00p,Houston Rockets,127,Sacramento Kings,132,18227,2:21,Golden 1 Center,
Fri Jan 17 2025,7:00p,Orlando Magic,94,Boston Celtics,121,19156,2:23,TD Garden,
Fri Jan 17 2025,7:30p,Minnesota Timberwolves,116,New York Knicks,99,19812,2:07,Madison Square Garden (IV),
Fri Jan 17 2025,8:00p,Charlotte Hornets,125,Chicago Bulls,123,20598,2:11,United Center,
Fri Jan 17 2025,8:00p,Denver Nuggets,133,Miami Heat,113,19828,2:01,Kaseya Center,
Fri Jan 17 2025,8:00p,Toronto Raptors,112,Milwaukee Bucks,130,17341,2:17,Fiserv Forum,
Fri Jan 17 2025,8:00p,Utah Jazz,123,New Orleans Pelicans,136,18321,2:23,Smoothie King Center,
Fri Jan 17 2025,8:30p,Oklahoma City Thunder,98,Dallas Mavericks,106,20311,2:31,American Airlines Center,
Fri Jan 17 2025,9:30p,Memphis Grizzlies,140,San Antonio Spurs,112,18354,2:19,Frost Bank Center,
Fri Jan 17 2025,10:30p,Brooklyn Nets,101,Los Angeles Lakers,102,18473,2:03,Crypto.com Arena,
Sat Jan 18 2025,4:00p,Phoenix Suns,125,Detroit Pistons,121,20062,2:27,Little Caesars Arena,
Sat Jan 18 2025,7:00p,Atlanta Hawks,119,Boston Celtics,115,19156,2:40,TD Garden,
Sat Jan 18 2025,7:00p,Philadelphia 76ers,102,Indiana Pacers,115,17274,2:20,Gainbridge Fieldhouse,
Sat Jan 18 2025,8:30p,Washington Wizards,114,Golden State Warriors,122,18064,2:21,Chase Center,
Sat Jan 18 2025,9:00p,Cleveland Cavaliers,124,Minnesota Timberwolves,117,18978,2:16,Target Center,
Sat Jan 18 2025,10:00p,Houston Rockets,125,Portland Trail Blazers,103,17077,2:05,Moda Center,
Sun Jan 19 2025,3:00p,San Antonio Spurs,107,Miami Heat,128,19828,2:00,Kaseya Center,
Sun Jan 19 2025,6:00p,Denver Nuggets,113,Orlando Magic,100,18846,2:13,Kia Center,
Sun Jan 19 2025,7:00p,Philadelphia 76ers,109,Milwaukee Bucks,123,17345,2:09,Fiserv Forum,
Sun Jan 19 2025,7:00p,Brooklyn Nets,101,Oklahoma City Thunder,127,18203,2:03,Paycom Center,
Sun Jan 19 2025,9:00p,Los Angeles Lakers,102,Los Angeles Clippers,116,17927,2:07,Intuit Dome,
Sun Jan 19 2025,9:00p,Chicago Bulls,102,Portland Trail Blazers,113,16976,2:18,Moda Center,
Sun Jan 19 2025,9:00p,Washington Wizards,100,Sacramento Kings,123,17832,2:15,Golden 1 Center,
Mon Jan 20 2025,12:00p,Dallas Mavericks,105,Charlotte Hornets,110,19314,2:21,Spectrum Center,
Mon Jan 20 2025,2:00p,Detroit Pistons,107,Houston Rockets,96,18055,2:04,Toyota Center,
Mon Jan 20 2025,2:30p,Minnesota Timberwolves,106,Memphis Grizzlies,108,17794,2:30,FedEx Forum,
Mon Jan 20 2025,3:00p,Atlanta Hawks,110,New York Knicks,119,19812,2:24,Madison Square Garden (IV),
Mon Jan 20 2025,3:30p,Phoenix Suns,92,Cleveland Cavaliers,118,19432,2:14,Rocket Arena,
Mon Jan 20 2025,5:00p,Boston Celtics,125,Golden State Warriors,85,18064,2:06,Chase Center,
Mon Jan 20 2025,8:00p,Utah Jazz,119,New Orleans Pelicans,123,14830,2:30,Smoothie King Center,
Mon Jan 20 2025,10:30p,Chicago Bulls,112,Los Angeles Clippers,99,15293,2:15,Intuit Dome,
Tue Jan 21 2025,7:30p,New York Knicks,99,Brooklyn Nets,95,17926,2:26,Barclays Center,
Tue Jan 21 2025,7:30p,Portland Trail Blazers,116,Miami Heat,107,19600,2:08,Kaseya Center,
Tue Jan 21 2025,7:30p,Orlando Magic,93,Toronto Raptors,109,18284,2:13,Scotiabank Arena,
Tue Jan 21 2025,10:00p,Philadelphia 76ers,109,Denver Nuggets,144,19521,2:12,Ball Arena,
Tue Jan 21 2025,10:30p,Washington Wizards,88,Los Angeles Lakers,111,18672,2:08,Crypto.com Arena,
Wed Jan 22 2025,7:30p,Detroit Pistons,114,Atlanta Hawks,104,13983,2:07,State Farm Arena,
Wed Jan 22 2025,7:30p,Phoenix Suns,108,Brooklyn Nets,84,17077,2:03,Barclays Center,
Wed Jan 22 2025,7:30p,Minnesota Timberwolves,115,Dallas Mavericks,114,20025,2:30,American Airlines Center,
Wed Jan 22 2025,8:00p,Cleveland Cavaliers,108,Houston Rockets,109,16719,2:16,Toyota Center,
Wed Jan 22 2025,8:00p,Charlotte Hornets,120,Memphis Grizzlies,132,15971,2:14,FedEx Forum,
Wed Jan 22 2025,8:00p,Utah Jazz,114,Oklahoma City Thunder,123,17509,2:18,Paycom Center,
Wed Jan 22 2025,10:00p,Golden State Warriors,117,Sacramento Kings,123,17832,2:22,Golden 1 Center,
Wed Jan 22 2025,10:30p,Boston Celtics,117,Los Angeles Clippers,113,15342,2:40,Intuit Dome,
Thu Jan 23 2025,2:00p,San Antonio Spurs,140,Indiana Pacers,110,15935,2:02,AccorHotels Arena,
Thu Jan 23 2025,7:00p,Portland Trail Blazers,101,Orlando Magic,79,19422,2:13,Kia Center,
Thu Jan 23 2025,7:30p,Toronto Raptors,122,Atlanta Hawks,119,14662,2:15,State Farm Arena,
Thu Jan 23 2025,8:00p,Dallas Mavericks,121,Oklahoma City Thunder,115,18203,2:31,Paycom Center,
Thu Jan 23 2025,8:30p,Miami Heat,96,Milwaukee Bucks,125,17341,2:16,Fiserv Forum,
Thu Jan 23 2025,9:00p,Sacramento Kings,123,Denver Nuggets,132,19676,2:12,Ball Arena,
Thu Jan 23 2025,10:00p,Chicago Bulls,106,Golden State Warriors,131,18064,2:10,Chase Center,
Thu Jan 23 2025,10:00p,Boston Celtics,96,Los Angeles Lakers,117,18997,2:08,Crypto.com Arena,
Thu Jan 23 2025,10:30p,Washington Wizards,93,Los Angeles Clippers,110,13771,2:11,Intuit Dome,
Fri Jan 24 2025,7:00p,Portland Trail Blazers,102,Charlotte Hornets,97,16228,2:20,Spectrum Center,
Fri Jan 24 2025,7:00p,Cleveland Cavaliers,129,Philadelphia 76ers,132,19760,2:25,Wells Fargo Center,
Fri Jan 24 2025,8:00p,New Orleans Pelicans,126,Memphis Grizzlies,139,16495,2:06,FedEx Forum,
Sat Jan 25 2025,12:00p,Indiana Pacers,136,San Antonio Spurs,98,15979,2:22,AccorHotels Arena,
Sat Jan 25 2025,3:00p,Denver Nuggets,104,Minnesota Timberwolves,133,18978,2:10,Target Center,
Sat Jan 25 2025,5:30p,Boston Celtics,122,Dallas Mavericks,107,20421,2:27,American Airlines Center,
Sat Jan 25 2025,6:00p,Miami Heat,106,Brooklyn Nets,97,17962,2:49,Barclays Center,
Sat Jan 25 2025,7:00p,New Orleans Pelicans,92,Charlotte Hornets,123,18461,2:07,Spectrum Center,
Sat Jan 25 2025,7:00p,Detroit Pistons,113,Orlando Magic,121,19489,2:45,Kia Center,
Sat Jan 25 2025,7:30p,Toronto Raptors,117,Atlanta Hawks,94,17868,2:21,State Farm Arena,
Sat Jan 25 2025,7:30p,Houston Rockets,135,Cleveland Cavaliers,131,19432,2:24,Rocket Arena,
Sat Jan 25 2025,7:30p,Sacramento Kings,120,New York Knicks,143,19812,2:22,Madison Square Garden (IV),
Sat Jan 25 2025,8:00p,Philadelphia 76ers,109,Chicago Bulls,97,20153,2:07,United Center,
Sat Jan 25 2025,8:00p,Utah Jazz,103,Memphis Grizzlies,125,17011,2:20,FedEx Forum,
Sat Jan 25 2025,8:30p,Los Angeles Lakers,118,Golden State Warriors,108,18064,2:16,Chase Center,
Sat Jan 25 2025,9:00p,Washington Wizards,109,Phoenix Suns,119,17071,2:07,Footprint Center,
Sat Jan 25 2025,10:30p,Milwaukee Bucks,117,Los Angeles Clippers,127,17927,2:22,Intuit Dome,
Sun Jan 26 2025,6:00p,Oklahoma City Thunder,118,Portland Trail Blazers,108,17619,2:19,Moda Center,
Mon Jan 27 2025,7:00p,Los Angeles Lakers,112,Charlotte Hornets,107,19483,2:16,Spectrum Center,
Mon Jan 27 2025,7:00p,Detroit Pistons,91,Cleveland Cavaliers,110,19432,2:07,Rocket Arena,
Mon Jan 27 2025,7:30p,Houston Rockets,114,Boston Celtics,112,19156,2:19,TD Garden,
Mon Jan 27 2025,7:30p,Sacramento Kings,110,Brooklyn Nets,96,16093,2:18,Barclays Center,
Mon Jan 27 2025,7:30p,Orlando Magic,119,Miami Heat,125,19600,2:41,Kaseya Center,
Mon Jan 27 2025,7:30p,Memphis Grizzlies,106,New York Knicks,143,19812,2:04,Madison Square Garden (IV),
Mon Jan 27 2025,7:30p,New Orleans Pelicans,104,Toronto Raptors,113,18054,2:17,Scotiabank Arena,
Mon Jan 27 2025,8:00p,Denver Nuggets,121,Chicago Bulls,129,19661,1:59,United Center,
Mon Jan 27 2025,8:00p,Atlanta Hawks,92,Minnesota Timberwolves,100,18978,2:20,Target Center,
Mon Jan 27 2025,8:30p,Washington Wizards,108,Dallas Mavericks,130,20031,1:59,American Airlines Center,
Mon Jan 27 2025,9:00p,Milwaukee Bucks,125,Utah Jazz,110,18175,2:13,Delta Center,
Mon Jan 27 2025,9:30p,Los Angeles Clippers,109,Phoenix Suns,111,17071,2:12,Footprint Center,
Tue Jan 28 2025,7:30p,Houston Rockets,100,Atlanta Hawks,96,15553,2:15,State Farm Arena,
Tue Jan 28 2025,7:30p,Los Angeles Lakers,104,Philadelphia 76ers,118,19775,2:18,Wells Fargo Center,
Tue Jan 28 2025,10:00p,Utah Jazz,103,Golden State Warriors,114,18064,2:19,Chase Center,
Tue Jan 28 2025,10:00p,Milwaukee Bucks,112,Portland Trail Blazers,125,17030,2:20,Moda Center,
Wed Jan 29 2025,7:00p,Brooklyn Nets,104,Charlotte Hornets,83,14307,2:09,Spectrum Center,
Wed Jan 29 2025,7:00p,Detroit Pistons,119,Indiana Pacers,133,16275,2:23,Gainbridge Fieldhouse,
Wed Jan 29 2025,7:00p,Toronto Raptors,106,Washington Wizards,82,13713,2:19,Capital One Arena,
Wed Jan 29 2025,7:30p,Chicago Bulls,100,Boston Celtics,122,19156,2:07,TD Garden,
Wed Jan 29 2025,7:30p,Cleveland Cavaliers,126,Miami Heat,106,19600,2:00,Kaseya Center,
Wed Jan 29 2025,7:30p,Denver Nuggets,112,New York Knicks,122,19812,2:20,Madison Square Garden (IV),
Wed Jan 29 2025,7:30p,Sacramento Kings,104,Philadelphia 76ers,117,19770,2:08,Wells Fargo Center,
Wed Jan 29 2025,8:00p,Dallas Mavericks,137,New Orleans Pelicans,136,15656,2:14,Smoothie King Center,
Wed Jan 29 2025,8:00p,Los Angeles Clippers,128,San Antonio Spurs,116,18354,2:09,Frost Bank Center,
Wed Jan 29 2025,9:00p,Minnesota Timberwolves,121,Phoenix Suns,113,17071,2:25,Footprint Center,
Wed Jan 29 2025,10:00p,Oklahoma City Thunder,109,Golden State Warriors,116,18064,2:30,Chase Center,
Thu Jan 30 2025,7:00p,Atlanta Hawks,115,Cleveland Cavaliers,137,19432,2:11,Rocket Arena,
Thu Jan 30 2025,7:00p,Los Angeles Lakers,134,Washington Wizards,96,17491,2:14,Capital One Arena,
Thu Jan 30 2025,9:00p,Minnesota Timberwolves,138,Utah Jazz,113,18175,2:12,Delta Center,
Thu Jan 30 2025,9:30p,Houston Rockets,119,Memphis Grizzlies,120,16257,2:29,FedEx Forum,
Thu Jan 30 2025,10:00p,Orlando Magic,90,Portland Trail Blazers,119,16217,2:19,Moda Center,
Fri Jan 31 2025,7:00p,Los Angeles Clippers,112,Charlotte Hornets,104,15342,2:14,Spectrum Center,
Fri Jan 31 2025,7:00p,Dallas Mavericks,102,Detroit Pistons,117,20062,2:06,Little Caesars Arena,
Fri Jan 31 2025,7:30p,Denver Nuggets,137,Philadelphia 76ers,134,19764,2:19,Wells Fargo Center,
Fri Jan 31 2025,7:30p,Chicago Bulls,122,Toronto Raptors,106,19365,2:06,Scotiabank Arena,
Fri Jan 31 2025,8:00p,Boston Celtics,118,New Orleans Pelicans,116,16432,2:16,Smoothie King Center,
Fri Jan 31 2025,8:00p,Milwaukee Bucks,118,San Antonio Spurs,144,17804,2:21,Frost Bank Center,
Fri Jan 31 2025,10:00p,Phoenix Suns,130,Golden State Warriors,105,18064,,Chase Center,
Sat Feb 1 2025,5:00p,Atlanta Hawks,127,Indiana Pacers,132,17274,2:28,Gainbridge Fieldhouse,
Sat Feb 1 2025,5:00p,Orlando Magic,99,Utah Jazz,113,18175,2:16,Delta Center,
Sat Feb 1 2025,7:00p,Denver Nuggets,107,Charlotte Hornets,104,19106,2:10,Spectrum Center,
Sat Feb 1 2025,8:00p,Brooklyn Nets,110,Houston Rockets,98,18055,2:12,Toyota Center,
Sat Feb 1 2025,8:00p,Washington Wizards,105,Minnesota Timberwolves,103,18978,2:16,Target Center,
Sat Feb 1 2025,8:00p,Sacramento Kings,110,Oklahoma City Thunder,144,18203,2:02,Paycom Center,
Sat Feb 1 2025,8:30p,Los Angeles Lakers,128,New York Knicks,112,19812,2:18,Madison Square Garden (IV),
Sat Feb 1 2025,8:30p,Miami Heat,105,San Antonio Spurs,103,18354,2:09,Frost Bank Center,
Sat Feb 1 2025,10:00p,Phoenix Suns,108,Portland Trail Blazers,127,17421,2:11,Moda Center,
Sun Feb 2 2025,3:00p,Chicago Bulls,119,Detroit Pistons,127,20062,2:08,Little Caesars Arena,
Sun Feb 2 2025,3:30p,Dallas Mavericks,101,Cleveland Cavaliers,144,19432,1:59,Rocket Arena,
Sun Feb 2 2025,3:30p,Los Angeles Clippers,108,Toronto Raptors,115,18874,2:04,Scotiabank Arena,
Sun Feb 2 2025,6:00p,Boston Celtics,118,Philadelphia 76ers,110,19766,2:22,Wells Fargo Center,
Sun Feb 2 2025,8:30p,Memphis Grizzlies,132,Milwaukee Bucks,119,17341,2:18,Fiserv Forum,
Mon Feb 3 2025,7:00p,Washington Wizards,124,Charlotte Hornets,114,14129,2:13,Spectrum Center,
Mon Feb 3 2025,7:00p,Atlanta Hawks,132,Detroit Pistons,130,15988,2:28,Little Caesars Arena,
Mon Feb 3 2025,7:30p,Houston Rockets,118,New York Knicks,124,19812,2:29,Madison Square Garden (IV),
Mon Feb 3 2025,8:00p,San Antonio Spurs,109,Memphis Grizzlies,128,16575,2:48,FedEx Forum,
Mon Feb 3 2025,8:00p,Sacramento Kings,116,Minnesota Timberwolves,114,18978,2:16,Target Center,
Mon Feb 3 2025,8:00p,Milwaukee Bucks,96,Oklahoma City Thunder,125,17677,2:00,Paycom Center,
Mon Feb 3 2025,9:00p,New Orleans Pelicans,113,Denver Nuggets,125,19587,2:09,Ball Arena,
Mon Feb 3 2025,9:00p,Indiana Pacers,112,Utah Jazz,111,18175,2:23,Delta Center,
Mon Feb 3 2025,10:00p,Orlando Magic,99,Golden State Warriors,104,18064,2:19,Chase Center,
Mon Feb 3 2025,10:00p,Phoenix Suns,119,Portland Trail Blazers,121,16205,2:34,Moda Center,
Tue Feb 4 2025,7:00p,Dallas Mavericks,116,Philadelphia 76ers,118,19756,2:17,Wells Fargo Center,
Tue Feb 4 2025,7:30p,Houston Rockets,97,Brooklyn Nets,99,16564,2:22,Barclays Center,
Tue Feb 4 2025,7:30p,Boston Celtics,112,Cleveland Cavaliers,105,19432,2:26,Rocket Arena,
Tue Feb 4 2025,7:30p,New York Knicks,121,Toronto Raptors,115,17398,2:15,Scotiabank Arena,
Tue Feb 4 2025,8:00p,Miami Heat,124,Chicago Bulls,133,19389,2:11,United Center,
Tue Feb 4 2025,10:00p,Los Angeles Lakers,122,Los Angeles Clippers,97,17927,2:13,Intuit Dome,
Tue Feb 4 2025,10:00p,Indiana Pacers,89,Portland Trail Blazers,112,16005,2:10,Moda Center,
Wed Feb 5 2025,7:00p,San Antonio Spurs,126,Atlanta Hawks,125,17191,2:19,State Farm Arena,
Wed Feb 5 2025,7:00p,Milwaukee Bucks,112,Charlotte Hornets,102,14385,2:00,Spectrum Center,
Wed Feb 5 2025,7:00p,Cleveland Cavaliers,118,Detroit Pistons,115,18734,2:34,Little Caesars Arena,
Wed Feb 5 2025,7:30p,Washington Wizards,119,Brooklyn Nets,102,16035,2:11,Barclays Center,
Wed Feb 5 2025,7:30p,Miami Heat,108,Philadelphia 76ers,101,19770,2:18,Wells Fargo Center,
Wed Feb 5 2025,7:30p,Memphis Grizzlies,138,Toronto Raptors,107,18337,2:13,Scotiabank Arena,
Wed Feb 5 2025,8:00p,Chicago Bulls,108,Minnesota Timberwolves,127,18978,2:17,Target Center,
Wed Feb 5 2025,9:00p,New Orleans Pelicans,119,Denver Nuggets,144,19526,2:06,Ball Arena,
Wed Feb 5 2025,9:00p,Golden State Warriors,128,Utah Jazz,131,18175,2:27,Delta Center,
Wed Feb 5 2025,9:30p,Phoenix Suns,109,Oklahoma City Thunder,140,17451,2:19,Paycom Center,
Wed Feb 5 2025,10:00p,Orlando Magic,130,Sacramento Kings,111,18074,2:13,Golden 1 Center,
Thu Feb 6 2025,7:30p,Dallas Mavericks,127,Boston Celtics,120,19156,2:09,TD Garden,
Thu Feb 6 2025,8:00p,Houston Rockets,114,Minnesota Timberwolves,127,18978,2:18,Target Center,
Thu Feb 6 2025,9:00p,Orlando Magic,90,Denver Nuggets,112,19616,2:09,Ball Arena,
Thu Feb 6 2025,10:00p,Golden State Warriors,112,Los Angeles Lakers,120,18997,2:30,Crypto.com Arena,
Thu Feb 6 2025,10:00p,Sacramento Kings,102,Portland Trail Blazers,108,16953,2:08,Moda Center,
Thu Feb 6 2025,10:30p,Indiana Pacers,119,Los Angeles Clippers,112,13458,2:14,Intuit Dome,
Fri Feb 7 2025,7:00p,San Antonio Spurs,116,Charlotte Hornets,117,19290,2:20,Spectrum Center,
Fri Feb 7 2025,7:00p,Cleveland Cavaliers,134,Washington Wizards,124,20385,2:19,Capital One Arena,
Fri Feb 7 2025,7:30p,Milwaukee Bucks,110,Atlanta Hawks,115,16378,2:11,State Farm Arena,
Fri Feb 7 2025,7:30p,Miami Heat,86,Brooklyn Nets,102,17926,2:11,Barclays Center,
Fri Feb 7 2025,7:30p,Philadelphia 76ers,112,Detroit Pistons,125,19241,2:29,Little Caesars Arena,
Fri Feb 7 2025,8:00p,Toronto Raptors,109,Oklahoma City Thunder,121,18203,2:18,Paycom Center,
Fri Feb 7 2025,10:00p,Utah Jazz,127,Phoenix Suns,135,17071,2:24,Footprint Center,
Sat Feb 8 2025,3:00p,Houston Rockets,105,Dallas Mavericks,116,20303,2:25,American Airlines Center,
Sat Feb 8 2025,4:00p,Indiana Pacers,117,Los Angeles Lakers,124,18997,2:37,Crypto.com Arena,
Sat Feb 8 2025,7:00p,San Antonio Spurs,111,Orlando Magic,112,19354,2:11,Kia Center,
Sat Feb 8 2025,7:00p,Atlanta Hawks,125,Washington Wizards,111,16835,2:08,Capital One Arena,
Sat Feb 8 2025,8:00p,Golden State Warriors,132,Chicago Bulls,111,21297,2:22,United Center,
Sat Feb 8 2025,8:00p,Oklahoma City Thunder,125,Memphis Grizzlies,112,17794,2:20,FedEx Forum,
Sat Feb 8 2025,8:00p,Portland Trail Blazers,98,Minnesota Timberwolves,114,18978,2:16,Target Center,
Sat Feb 8 2025,8:30p,Boston Celtics,131,New York Knicks,104,19812,2:13,Madison Square Garden (IV),
Sat Feb 8 2025,9:00p,Denver Nuggets,122,Phoenix Suns,105,17071,2:04,Footprint Center,
Sat Feb 8 2025,10:00p,New Orleans Pelicans,118,Sacramento Kings,123,17832,2:25,Golden 1 Center,
Sat Feb 8 2025,10:30p,Utah Jazz,110,Los Angeles Clippers,130,15892,2:09,Intuit Dome,
Sun Feb 9 2025,1:00p,Charlotte Hornets,102,Detroit Pistons,112,18740,2:15,Little Caesars Arena,
Sun Feb 9 2025,2:00p,Toronto Raptors,87,Houston Rockets,94,16829,2:18,Toyota Center,
Sun Feb 9 2025,2:00p,Philadelphia 76ers,127,Milwaukee Bucks,135,17341,2:20,Fiserv Forum,
Mon Feb 10 2025,7:00p,Minnesota Timberwolves,107,Cleveland Cavaliers,128,19432,2:13,Rocket Arena,
Mon Feb 10 2025,7:00p,Atlanta Hawks,112,Orlando Magic,106,18055,2:21,Kia Center,
Mon Feb 10 2025,7:00p,San Antonio Spurs,131,Washington Wizards,121,17446,2:18,Capital One Arena,
Mon Feb 10 2025,7:30p,Charlotte Hornets,89,Brooklyn Nets,97,16013,2:14,Barclays Center,
Mon Feb 10 2025,7:30p,Boston Celtics,103,Miami Heat,85,19961,1:53,Kaseya Center,
Mon Feb 10 2025,8:00p,Golden State Warriors,125,Milwaukee Bucks,111,17341,2:23,Fiserv Forum,
Mon Feb 10 2025,8:00p,New Orleans Pelicans,101,Oklahoma City Thunder,137,17340,2:09,Paycom Center,
Mon Feb 10 2025,8:30p,Sacramento Kings,129,Dallas Mavericks,128,19726,2:33,American Airlines Center,
Mon Feb 10 2025,9:00p,Portland Trail Blazers,117,Denver Nuggets,146,19535,2:10,Ball Arena,
Mon Feb 10 2025,10:30p,Utah Jazz,113,Los Angeles Lakers,132,18997,2:14,Crypto.com Arena,
Tue Feb 11 2025,7:00p,Toronto Raptors,106,Philadelphia 76ers,103,19767,2:08,Wells Fargo Center,
Tue Feb 11 2025,7:30p,New York Knicks,128,Indiana Pacers,115,16685,2:26,Gainbridge Fieldhouse,
Tue Feb 11 2025,8:00p,Detroit Pistons,132,Chicago Bulls,92,18321,2:01,United Center,
Tue Feb 11 2025,10:00p,Memphis Grizzlies,119,Phoenix Suns,112,17071,2:30,Footprint Center,
Wed Feb 12 2025,7:00p,San Antonio Spurs,103,Boston Celtics,116,19156,2:06,TD Garden,
Wed Feb 12 2025,7:00p,Charlotte Hornets,86,Orlando Magic,102,18947,2:04,Kia Center,
Wed Feb 12 2025,7:00p,Indiana Pacers,134,Washington Wizards,130,11457,2:35,Capital One Arena,
Wed Feb 12 2025,7:30p,Philadelphia 76ers,96,Brooklyn Nets,100,16133,2:16,Barclays Center,
Wed Feb 12 2025,7:30p,Atlanta Hawks,148,New York Knicks,149,19812,2:54,Madison Square Garden (IV),
Wed Feb 12 2025,7:30p,Cleveland Cavaliers,131,Toronto Raptors,108,16549,2:05,Scotiabank Arena,
Wed Feb 12 2025,8:00p,Detroit Pistons,128,Chicago Bulls,110,18916,2:20,United Center,
Wed Feb 12 2025,8:00p,Milwaukee Bucks,103,Minnesota Timberwolves,101,18978,2:06,Target Center,
Wed Feb 12 2025,8:00p,Sacramento Kings,119,New Orleans Pelicans,111,17444,2:14,Smoothie King Center,
Wed Feb 12 2025,8:00p,Miami Heat,101,Oklahoma City Thunder,115,17835,2:10,Paycom Center,
Wed Feb 12 2025,8:30p,Phoenix Suns,111,Houston Rockets,119,16227,2:06,Toyota Center,
Wed Feb 12 2025,9:00p,Portland Trail Blazers,121,Denver Nuggets,132,19901,2:13,Ball Arena,
Wed Feb 12 2025,9:00p,Los Angeles Lakers,119,Utah Jazz,131,18175,2:11,Delta Center,
Wed Feb 12 2025,9:30p,Golden State Warriors,107,Dallas Mavericks,111,20311,2:29,American Airlines Center,
Wed Feb 12 2025,10:30p,Memphis Grizzlies,114,Los Angeles Clippers,128,14997,2:13,Intuit Dome,
Thu Feb 13 2025,8:00p,Golden State Warriors,105,Houston Rockets,98,18055,2:17,Toyota Center,
Thu Feb 13 2025,8:00p,Sacramento Kings,133,New Orleans Pelicans,140,16686,2:39,Smoothie King Center,
Thu Feb 13 2025,8:30p,Miami Heat,113,Dallas Mavericks,118,19935,2:11,American Airlines Center,
Thu Feb 13 2025,8:30p,Oklahoma City Thunder,101,Minnesota Timberwolves,116,18978,2:20,Target Center,
Thu Feb 13 2025,9:00p,Los Angeles Clippers,120,Utah Jazz,116,18175,2:40,Delta Center,
Wed Feb 19 2025,10:00p,Charlotte Hornets,100,Los Angeles Lakers,97,18997,2:15,Crypto.com Arena,
Thu Feb 20 2025,7:00p,Memphis Grizzlies,113,Indiana Pacers,127,17274,2:13,Gainbridge Fieldhouse,
Thu Feb 20 2025,7:00p,Boston Celtics,124,Philadelphia 76ers,104,19752,2:09,Wells Fargo Center,
Thu Feb 20 2025,7:30p,Orlando Magic,114,Atlanta Hawks,108,16436,2:28,State Farm Arena,
Thu Feb 20 2025,7:30p,Cleveland Cavaliers,110,Brooklyn Nets,97,17926,2:19,Barclays Center,
Thu Feb 20 2025,7:30p,Chicago Bulls,111,New York Knicks,113,19812,2:22,Madison Square Garden (IV),
Thu Feb 20 2025,8:00p,Los Angeles Clippers,110,Milwaukee Bucks,116,17341,2:20,Fiserv Forum,
Thu Feb 20 2025,9:00p,Charlotte Hornets,115,Denver Nuggets,129,19870,1:58,Ball Arena,
Thu Feb 20 2025,9:30p,Phoenix Suns,109,San Antonio Spurs,120,16246,2:25,Moody Center,
Thu Feb 20 2025,10:00p,Los Angeles Lakers,110,Portland Trail Blazers,102,19399,2:21,Moda Center,
Fri Feb 21 2025,7:00p,New York Knicks,105,Cleveland Cavaliers,142,19432,2:09,Rocket Arena,
Fri Feb 21 2025,7:00p,Memphis Grizzlies,105,Orlando Magic,104,18945,2:26,Kia Center,
Fri Feb 21 2025,7:00p,Milwaukee Bucks,104,Washington Wizards,101,18865,2:23,Capital One Arena,
Fri Feb 21 2025,7:30p,Miami Heat,120,Toronto Raptors,111,19584,2:19,Scotiabank Arena,
Fri Feb 21 2025,8:30p,New Orleans Pelicans,103,Dallas Mavericks,111,20125,2:15,American Airlines Center,
Fri Feb 21 2025,8:30p,Detroit Pistons,125,San Antonio Spurs,110,16143,2:11,Moody Center,
Fri Feb 21 2025,9:30p,Minnesota Timberwolves,115,Houston Rockets,121,18055,2:33,Toyota Center,
Fri Feb 21 2025,9:30p,Oklahoma City Thunder,130,Utah Jazz,107,18175,2:03,Delta Center,
Fri Feb 21 2025,10:00p,Golden State Warriors,132,Sacramento Kings,108,18098,2:08,Golden 1 Center,
Sat Feb 22 2025,5:00p,Phoenix Suns,121,Chicago Bulls,117,21116,2:06,United Center,
Sat Feb 22 2025,7:30p,Brooklyn Nets,105,Philadelphia 76ers,103,20431,2:14,Wells Fargo Center,
Sat Feb 22 2025,8:30p,Los Angeles Lakers,123,Denver Nuggets,100,19998,2:24,Ball Arena,
Sat Feb 22 2025,9:30p,Houston Rockets,115,Utah Jazz,124,18175,2:08,Delta Center,
Sat Feb 22 2025,10:00p,Charlotte Hornets,88,Portland Trail Blazers,141,18501,2:04,Moda Center,
Sun Feb 23 2025,1:00p,New York Knicks,105,Boston Celtics,118,19156,2:06,TD Garden,
Sun Feb 23 2025,3:30p,Dallas Mavericks,102,Golden State Warriors,126,18064,2:15,Chase Center,
Sun Feb 23 2025,5:00p,Los Angeles Clippers,111,Indiana Pacers,129,16950,2:19,Gainbridge Fieldhouse,
Sun Feb 23 2025,6:00p,Detroit Pistons,148,Atlanta Hawks,143,17051,2:30,State Farm Arena,
Sun Feb 23 2025,6:00p,Miami Heat,113,Milwaukee Bucks,120,17442,2:18,Fiserv Forum,
Sun Feb 23 2025,6:00p,Washington Wizards,90,Orlando Magic,110,18712,2:20,Kia Center,
Sun Feb 23 2025,6:00p,Phoenix Suns,109,Toronto Raptors,127,18989,2:15,Scotiabank Arena,
Sun Feb 23 2025,7:00p,Memphis Grizzlies,123,Cleveland Cavaliers,129,19432,2:41,Rocket Arena,
Sun Feb 23 2025,7:00p,San Antonio Spurs,96,New Orleans Pelicans,114,17399,2:16,Smoothie King Center,
Sun Feb 23 2025,9:30p,Oklahoma City Thunder,130,Minnesota Timberwolves,123,18978,2:25,Target Center,
Mon Feb 24 2025,7:00p,Los Angeles Clippers,97,Detroit Pistons,106,18989,2:25,Little Caesars Arena,
Mon Feb 24 2025,7:00p,Denver Nuggets,125,Indiana Pacers,116,16549,2:09,Gainbridge Fieldhouse,
Mon Feb 24 2025,7:00p,Chicago Bulls,142,Philadelphia 76ers,110,19765,2:20,Wells Fargo Center,
Mon Feb 24 2025,7:00p,Brooklyn Nets,99,Washington Wizards,107,13785,2:34,Capital One Arena,
Mon Feb 24 2025,7:30p,Miami Heat,86,Atlanta Hawks,98,16189,2:14,State Farm Arena,
Mon Feb 24 2025,8:00p,Minnesota Timberwolves,131,Oklahoma City Thunder,128,18203,2:35,Paycom Center,
Mon Feb 24 2025,9:00p,Portland Trail Blazers,114,Utah Jazz,112,18175,2:25,Delta Center,
Mon Feb 24 2025,10:00p,Charlotte Hornets,88,Sacramento Kings,130,17832,2:13,Golden 1 Center,
Tue Feb 25 2025,7:00p,Boston Celtics,111,Toronto Raptors,101,18134,2:02,Scotiabank Arena,
Tue Feb 25 2025,7:30p,Cleveland Cavaliers,122,Orlando Magic,82,18846,2:07,Kia Center,
Tue Feb 25 2025,8:00p,Milwaukee Bucks,97,Houston Rockets,100,18055,2:14,Toyota Center,
Tue Feb 25 2025,8:00p,Phoenix Suns,148,Memphis Grizzlies,151,16202,2:38,FedEx Forum,
Tue Feb 25 2025,8:00p,San Antonio Spurs,103,New Orleans Pelicans,109,16767,2:20,Smoothie King Center,
Tue Feb 25 2025,10:00p,Charlotte Hornets,92,Golden State Warriors,128,18064,2:05,Chase Center,
Tue Feb 25 2025,10:00p,Dallas Mavericks,99,Los Angeles Lakers,107,18997,2:16,Crypto.com Arena,
Wed Feb 26 2025,7:00p,Boston Celtics,97,Detroit Pistons,117,20062,2:01,Little Caesars Arena,
Wed Feb 26 2025,7:00p,Toronto Raptors,91,Indiana Pacers,111,16596,2:05,Gainbridge Fieldhouse,
Wed Feb 26 2025,7:00p,Philadelphia 76ers,105,New York Knicks,110,19812,2:25,Madison Square Garden (IV),
Wed Feb 26 2025,7:00p,Portland Trail Blazers,129,Washington Wizards,121,12943,2:29,Capital One Arena,
Wed Feb 26 2025,7:30p,Oklahoma City Thunder,129,Brooklyn Nets,121,17926,2:30,Barclays Center,
Wed Feb 26 2025,7:30p,Atlanta Hawks,109,Miami Heat,131,19600,2:02,Kaseya Center,
Wed Feb 26 2025,8:00p,Los Angeles Clippers,122,Chicago Bulls,117,20356,2:04,United Center,
Wed Feb 26 2025,9:00p,Sacramento Kings,118,Utah Jazz,101,18175,2:03,Delta Center,
Wed Feb 26 2025,9:30p,San Antonio Spurs,106,Houston Rockets,118,18055,2:11,Toyota Center,
Thu Feb 27 2025,7:00p,Golden State Warriors,121,Orlando Magic,115,18846,2:22,Kia Center,
Thu Feb 27 2025,8:00p,Denver Nuggets,112,Milwaukee Bucks,121,17566,2:15,Fiserv Forum,
Thu Feb 27 2025,8:30p,Charlotte Hornets,96,Dallas Mavericks,103,20009,2:08,American Airlines Center,
Thu Feb 27 2025,9:00p,New Orleans Pelicans,124,Phoenix Suns,116,17071,1:58,Footprint Center,
Thu Feb 27 2025,10:30p,Minnesota Timberwolves,102,Los Angeles Lakers,111,18997,2:28,Crypto.com Arena,
Fri Feb 28 2025,7:00p,Denver Nuggets,134,Detroit Pistons,119,20062,2:14,Little Caesars Arena,
Fri Feb 28 2025,7:30p,Oklahoma City Thunder,135,Atlanta Hawks,119,17712,2:04,State Farm Arena,
Fri Feb 28 2025,7:30p,Cleveland Cavaliers,123,Boston Celtics,116,19156,2:15,TD Garden,
Fri Feb 28 2025,7:30p,Portland Trail Blazers,121,Brooklyn Nets,102,18018,2:20,Barclays Center,
Fri Feb 28 2025,8:00p,Toronto Raptors,115,Chicago Bulls,125,20938,2:34,United Center,
Fri Feb 28 2025,8:00p,New York Knicks,114,Memphis Grizzlies,113,17794,2:18,FedEx Forum,
Fri Feb 28 2025,8:00p,Indiana Pacers,120,Miami Heat,125,19850,2:07,Kaseya Center,
Fri Feb 28 2025,9:00p,New Orleans Pelicans,108,Phoenix Suns,125,17071,2:03,Footprint Center,
Fri Feb 28 2025,9:30p,Minnesota Timberwolves,116,Utah Jazz,117,18175,2:02,Delta Center,
Fri Feb 28 2025,10:00p,Los Angeles Clippers,102,Los Angeles Lakers,106,18997,2:25,Crypto.com Arena,
Sat Mar 1 2025,6:00p,Washington Wizards,113,Charlotte Hornets,100,17904,1:59,Spectrum Center,
Sat Mar 1 2025,7:00p,Brooklyn Nets,94,Detroit Pistons,115,20062,2:23,Little Caesars Arena,
Sat Mar 1 2025,8:00p,Sacramento Kings,113,Houston Rockets,103,18055,2:10,Toyota Center,
Sat Mar 1 2025,8:00p,San Antonio Spurs,130,Memphis Grizzlies,128,16822,2:18,FedEx Forum,
Sat Mar 1 2025,8:30p,Milwaukee Bucks,132,Dallas Mavericks,117,20272,2:16,American Airlines Center,
Sat Mar 1 2025,8:30p,Golden State Warriors,119,Philadelphia 76ers,126,20159,2:30,Wells Fargo Center,
Sun Mar 2 2025,1:00p,Denver Nuggets,103,Boston Celtics,110,19156,2:18,TD Garden,
Sun Mar 2 2025,3:30p,Portland Trail Blazers,129,Cleveland Cavaliers,133,19432,2:51,Rocket Arena,
Sun Mar 2 2025,5:00p,Chicago Bulls,112,Indiana Pacers,127,17028,2:05,Gainbridge Fieldhouse,
Sun Mar 2 2025,6:00p,New York Knicks,116,Miami Heat,112,19725,2:32,Kaseya Center,
Sun Mar 2 2025,6:00p,Toronto Raptors,104,Orlando Magic,102,19015,2:38,Kia Center,
Sun Mar 2 2025,7:00p,Oklahoma City Thunder,146,San Antonio Spurs,132,17745,2:21,Frost Bank Center,
Sun Mar 2 2025,8:00p,New Orleans Pelicans,128,Utah Jazz,121,18175,2:10,Delta Center,
Sun Mar 2 2025,9:30p,Los Angeles Clippers,102,Los Angeles Lakers,108,18997,2:14,Crypto.com Arena,
Sun Mar 2 2025,9:30p,Minnesota Timberwolves,116,Phoenix Suns,98,17071,2:18,Footprint Center,
Mon Mar 3 2025,7:00p,Golden State Warriors,119,Charlotte Hornets,101,19223,2:24,Spectrum Center,
Mon Mar 3 2025,7:00p,Portland Trail Blazers,119,Philadelphia 76ers,102,19776,2:01,Wells Fargo Center,
Mon Mar 3 2025,7:30p,Washington Wizards,90,Miami Heat,106,19600,2:09,Kaseya Center,
Mon Mar 3 2025,8:00p,Atlanta Hawks,132,Memphis Grizzlies,130,15719,2:13,FedEx Forum,
Mon Mar 3 2025,8:00p,Houston Rockets,128,Oklahoma City Thunder,137,17714,2:06,Paycom Center,
Mon Mar 3 2025,8:30p,Sacramento Kings,122,Dallas Mavericks,98,19711,2:05,American Airlines Center,
Mon Mar 3 2025,9:00p,Detroit Pistons,134,Utah Jazz,106,18175,2:19,Delta Center,
Tue Mar 4 2025,7:00p,Houston Rockets,102,Indiana Pacers,115,15513,2:09,Gainbridge Fieldhouse,
Tue Mar 4 2025,7:00p,Toronto Raptors,114,Orlando Magic,113,17406,2:42,Kia Center,
Tue Mar 4 2025,7:30p,Milwaukee Bucks,127,Atlanta Hawks,121,16008,2:12,State Farm Arena,
Tue Mar 4 2025,7:30p,Golden State Warriors,114,New York Knicks,102,19812,2:22,Madison Square Garden (IV),
Tue Mar 4 2025,8:00p,Cleveland Cavaliers,139,Chicago Bulls,117,20943,2:21,United Center,
Tue Mar 4 2025,8:00p,Philadelphia 76ers,112,Minnesota Timberwolves,126,17297,2:11,Target Center,
Tue Mar 4 2025,8:30p,Brooklyn Nets,113,San Antonio Spurs,127,16703,2:05,Frost Bank Center,
Tue Mar 4 2025,10:00p,Los Angeles Clippers,117,Phoenix Suns,119,17071,2:26,Footprint Center,
Tue Mar 4 2025,10:30p,New Orleans Pelicans,115,Los Angeles Lakers,136,18997,2:10,Crypto.com Arena,
Wed Mar 5 2025,7:00p,Portland Trail Blazers,118,Boston Celtics,128,19156,2:05,TD Garden,
Wed Mar 5 2025,7:00p,Minnesota Timberwolves,125,Charlotte Hornets,110,17578,2:10,Spectrum Center,
Wed Mar 5 2025,7:00p,Miami Heat,107,Cleveland Cavaliers,112,19432,2:19,Rocket Arena,
Wed Mar 5 2025,7:00p,Utah Jazz,122,Washington Wizards,125,14761,2:20,Capital One Arena,
Wed Mar 5 2025,8:00p,Dallas Mavericks,107,Milwaukee Bucks,137,17341,1:55,Fiserv Forum,
Wed Mar 5 2025,9:00p,Sacramento Kings,110,Denver Nuggets,116,19618,2:18,Ball Arena,
Wed Mar 5 2025,9:30p,Oklahoma City Thunder,120,Memphis Grizzlies,103,16723,2:26,FedEx Forum,
Wed Mar 5 2025,10:30p,Detroit Pistons,115,Los Angeles Clippers,123,17927,2:14,Intuit Dome,
Thu Mar 6 2025,7:00p,Chicago Bulls,125,Orlando Magic,123,17717,2:37,Kia Center,
Thu Mar 6 2025,7:30p,Indiana Pacers,118,Atlanta Hawks,124,15656,2:14,State Farm Arena,
Thu Mar 6 2025,7:30p,Philadelphia 76ers,105,Boston Celtics,123,19156,2:12,TD Garden,
Thu Mar 6 2025,7:30p,Golden State Warriors,121,Brooklyn Nets,119,18413,2:30,Barclays Center,
Thu Mar 6 2025,8:00p,Houston Rockets,109,New Orleans Pelicans,97,17636,2:21,Smoothie King Center,
Thu Mar 6 2025,10:00p,New York Knicks,109,Los Angeles Lakers,113,18997,2:52,Crypto.com Arena,
Fri Mar 7 2025,7:00p,Cleveland Cavaliers,118,Charlotte Hornets,117,19296,2:34,Spectrum Center,
Fri Mar 7 2025,7:30p,Memphis Grizzlies,122,Dallas Mavericks,111,20010,2:12,American Airlines Center,
Fri Mar 7 2025,7:30p,Utah Jazz,109,Toronto Raptors,118,18258,2:19,Scotiabank Arena,
Fri Mar 7 2025,8:00p,Minnesota Timberwolves,106,Miami Heat,104,19700,2:11,Kaseya Center,
Fri Mar 7 2025,8:00p,Portland Trail Blazers,89,Oklahoma City Thunder,107,17911,2:07,Paycom Center,
Fri Mar 7 2025,10:00p,Phoenix Suns,141,Denver Nuggets,149,19808,2:34,Ball Arena,
Fri Mar 7 2025,10:00p,San Antonio Spurs,109,Sacramento Kings,127,18332,2:12,Golden 1 Center,
Fri Mar 7 2025,10:30p,New York Knicks,95,Los Angeles Clippers,105,17927,2:12,Intuit Dome,
Sat Mar 8 2025,6:00p,Brooklyn Nets,102,Charlotte Hornets,105,18652,2:11,Spectrum Center,
Sat Mar 8 2025,7:00p,New Orleans Pelicans,117,Houston Rockets,146,18055,2:06,Toyota Center,
Sat Mar 8 2025,7:30p,Indiana Pacers,118,Atlanta Hawks,120,17057,2:32,State Farm Arena,
Sat Mar 8 2025,7:30p,Washington Wizards,118,Toronto Raptors,117,19042,2:19,Scotiabank Arena,
Sat Mar 8 2025,8:00p,Chicago Bulls,114,Miami Heat,109,19700,2:13,Kaseya Center,
Sat Mar 8 2025,8:00p,Orlando Magic,111,Milwaukee Bucks,109,17815,2:27,Fiserv Forum,
Sat Mar 8 2025,8:30p,Los Angeles Lakers,101,Boston Celtics,111,19156,2:18,TD Garden,
Sat Mar 8 2025,8:30p,Detroit Pistons,110,Golden State Warriors,115,18064,2:44,Chase Center,
Sun Mar 9 2025,1:00p,Denver Nuggets,103,Oklahoma City Thunder,127,18203,2:17,Paycom Center,
Sun Mar 9 2025,3:30p,Phoenix Suns,125,Dallas Mavericks,116,20013,2:05,American Airlines Center,
Sun Mar 9 2025,7:00p,Memphis Grizzlies,107,New Orleans Pelicans,104,17435,2:20,Smoothie King Center,
Sun Mar 9 2025,7:30p,Utah Jazz,122,Philadelphia 76ers,126,19757,2:20,Wells Fargo Center,
Sun Mar 9 2025,8:00p,Cleveland Cavaliers,112,Milwaukee Bucks,100,17355,2:12,Fiserv Forum,
Sun Mar 9 2025,8:00p,San Antonio Spurs,124,Minnesota Timberwolves,141,17875,2:07,Target Center,
Sun Mar 9 2025,9:00p,Detroit Pistons,119,Portland Trail Blazers,112,19661,2:22,Moda Center,
Sun Mar 9 2025,9:30p,Sacramento Kings,110,Los Angeles Clippers,111,17927,2:37,Intuit Dome,
Mon Mar 10 2025,7:30p,Philadelphia 76ers,123,Atlanta Hawks,132,15269,2:12,State Farm Arena,
Mon Mar 10 2025,7:30p,Utah Jazz,108,Boston Celtics,114,19156,2:07,TD Garden,
Mon Mar 10 2025,7:30p,Los Angeles Lakers,108,Brooklyn Nets,111,18215,2:18,Barclays Center,
Mon Mar 10 2025,7:30p,Charlotte Hornets,105,Miami Heat,102,19600,2:15,Kaseya Center,
Mon Mar 10 2025,7:30p,Washington Wizards,104,Toronto Raptors,119,18739,2:06,Scotiabank Arena,
Mon Mar 10 2025,8:00p,Indiana Pacers,103,Chicago Bulls,121,20697,2:09,United Center,
Mon Mar 10 2025,8:00p,Orlando Magic,84,Houston Rockets,97,16665,2:14,Toyota Center,
Mon Mar 10 2025,8:00p,Phoenix Suns,118,Memphis Grizzlies,120,16545,2:33,FedEx Forum,
Mon Mar 10 2025,8:00p,Denver Nuggets,140,Oklahoma City Thunder,127,18203,2:09,Paycom Center,
Mon Mar 10 2025,8:30p,Dallas Mavericks,133,San Antonio Spurs,129,17735,2:16,Frost Bank Center,
Mon Mar 10 2025,10:00p,Portland Trail Blazers,120,Golden State Warriors,130,18064,2:12,Chase Center,
Mon Mar 10 2025,10:30p,New York Knicks,133,Sacramento Kings,104,16539,2:22,Golden 1 Center,
Tue Mar 11 2025,7:00p,Brooklyn Nets,104,Cleveland Cavaliers,109,19432,2:13,Rocket Arena,
Tue Mar 11 2025,7:00p,Washington Wizards,103,Detroit Pistons,123,17699,2:14,Little Caesars Arena,
Tue Mar 11 2025,7:30p,Milwaukee Bucks,114,Indiana Pacers,115,15008,2:30,Gainbridge Fieldhouse,
Tue Mar 11 2025,8:00p,Los Angeles Clippers,120,New Orleans Pelicans,127,17363,2:17,Smoothie King Center,
Wed Mar 12 2025,7:30p,Charlotte Hornets,110,Atlanta Hawks,123,15901,2:18,State Farm Arena,
Wed Mar 12 2025,7:30p,Oklahoma City Thunder,118,Boston Celtics,112,19156,2:17,TD Garden,
Wed Mar 12 2025,7:30p,Philadelphia 76ers,105,Toronto Raptors,118,18864,2:10,Scotiabank Arena,
Wed Mar 12 2025,8:00p,Phoenix Suns,104,Houston Rockets,111,18055,2:12,Toyota Center,
Wed Mar 12 2025,8:00p,Utah Jazz,115,Memphis Grizzlies,122,16232,2:13,FedEx Forum,
Wed Mar 12 2025,8:00p,Los Angeles Clippers,119,Miami Heat,104,19700,2:10,Kaseya Center,
Wed Mar 12 2025,8:00p,Dallas Mavericks,116,San Antonio Spurs,126,18354,2:07,Frost Bank Center,
Wed Mar 12 2025,10:00p,Minnesota Timberwolves,115,Denver Nuggets,95,19832,2:12,Ball Arena,
Wed Mar 12 2025,10:00p,New York Knicks,114,Portland Trail Blazers,113,17510,2:41,Moda Center,
Thu Mar 13 2025,7:00p,Washington Wizards,129,Detroit Pistons,125,20062,2:32,Little Caesars Arena,
Thu Mar 13 2025,7:30p,Los Angeles Lakers,106,Milwaukee Bucks,126,18017,2:25,Fiserv Forum,
Thu Mar 13 2025,8:00p,Brooklyn Nets,110,Chicago Bulls,116,21647,2:14,United Center,
Thu Mar 13 2025,8:00p,Orlando Magic,113,New Orleans Pelicans,93,16323,2:10,Smoothie King Center,
Thu Mar 13 2025,10:00p,Sacramento Kings,104,Golden State Warriors,130,18064,2:18,Chase Center,
Fri Mar 14 2025,7:00p,Boston Celtics,103,Miami Heat,91,19719,2:03,Kaseya Center,
Fri Mar 14 2025,7:00p,Indiana Pacers,112,Philadelphia 76ers,100,19758,2:10,Wells Fargo Center,
Fri Mar 14 2025,7:30p,Los Angeles Clippers,121,Atlanta Hawks,98,16561,2:13,State Farm Arena,
Fri Mar 14 2025,8:00p,Dallas Mavericks,96,Houston Rockets,133,16612,1:54,Toyota Center,
Fri Mar 14 2025,8:00p,Cleveland Cavaliers,133,Memphis Grizzlies,124,17051,2:19,FedEx Forum,
Fri Mar 14 2025,8:00p,Orlando Magic,111,Minnesota Timberwolves,118,18978,2:21,Target Center,
Fri Mar 14 2025,8:00p,Charlotte Hornets,145,San Antonio Spurs,134,18510,2:09,Frost Bank Center,
Fri Mar 14 2025,9:30p,Los Angeles Lakers,126,Denver Nuggets,131,19946,2:18,Ball Arena,
Fri Mar 14 2025,9:30p,Toronto Raptors,126,Utah Jazz,118,18175,2:22,Delta Center,
Fri Mar 14 2025,10:00p,Sacramento Kings,106,Phoenix Suns,122,17071,2:12,Footprint Center,
Sat Mar 15 2025,6:00p,Boston Celtics,115,Brooklyn Nets,113,18016,2:10,Barclays Center,
Sat Mar 15 2025,7:00p,Oklahoma City Thunder,113,Detroit Pistons,107,20062,2:34,Little Caesars Arena,
Sat Mar 15 2025,8:00p,Chicago Bulls,114,Houston Rockets,117,18055,2:17,Toyota Center,
Sat Mar 15 2025,8:00p,Miami Heat,91,Memphis Grizzlies,125,17794,2:03,FedEx Forum,
Sat Mar 15 2025,8:00p,Indiana Pacers,119,Milwaukee Bucks,126,17729,2:19,Fiserv Forum,
Sat Mar 15 2025,8:30p,New York Knicks,94,Golden State Warriors,97,18064,2:17,Chase Center,
Sat Mar 15 2025,8:30p,New Orleans Pelicans,115,San Antonio Spurs,119,18549,2:20,Frost Bank Center,
Sat Mar 15 2025,9:00p,Washington Wizards,126,Denver Nuggets,123,19833,2:12,Ball Arena,
Sun Mar 16 2025,1:00p,Orlando Magic,108,Cleveland Cavaliers,103,19432,2:22,Rocket Arena,
Sun Mar 16 2025,1:00p,Philadelphia 76ers,130,Dallas Mavericks,125,19825,2:11,American Airlines Center,
Sun Mar 16 2025,3:30p,Phoenix Suns,96,Los Angeles Lakers,107,18997,2:24,Crypto.com Arena,
Sun Mar 16 2025,6:00p,Atlanta Hawks,114,Brooklyn Nets,122,17926,2:21,Barclays Center,
Sun Mar 16 2025,6:00p,Toronto Raptors,102,Portland Trail Blazers,105,18154,2:15,Moda Center,
Sun Mar 16 2025,7:00p,Charlotte Hornets,88,Los Angeles Clippers,123,17927,1:57,Intuit Dome,
Sun Mar 16 2025,7:00p,Utah Jazz,102,Minnesota Timberwolves,128,18978,2:03,Target Center,
Sun Mar 16 2025,9:00p,Oklahoma City Thunder,121,Milwaukee Bucks,105,17341,2:30,Fiserv Forum,
Mon Mar 17 2025,7:30p,Miami Heat,95,New York Knicks,116,19812,2:19,Madison Square Garden (IV),
Mon Mar 17 2025,8:00p,Philadelphia 76ers,137,Houston Rockets,144,16648,2:42,Toyota Center,
Mon Mar 17 2025,8:00p,Indiana Pacers,132,Minnesota Timberwolves,130,17955,2:48,Target Center,
Mon Mar 17 2025,8:00p,Detroit Pistons,127,New Orleans Pelicans,81,17398,2:16,Smoothie King Center,
Mon Mar 17 2025,9:00p,Chicago Bulls,111,Utah Jazz,97,18175,2:03,Delta Center,
Mon Mar 17 2025,10:00p,Denver Nuggets,114,Golden State Warriors,105,18064,2:30,Chase Center,
Mon Mar 17 2025,10:00p,Toronto Raptors,89,Phoenix Suns,129,17071,2:03,Footprint Center,
Mon Mar 17 2025,10:00p,Washington Wizards,97,Portland Trail Blazers,112,17919,2:02,Moda Center,
Mon Mar 17 2025,10:00p,Memphis Grizzlies,122,Sacramento Kings,132,16205,2:16,Golden 1 Center,
Mon Mar 17 2025,10:30p,San Antonio Spurs,109,Los Angeles Lakers,125,17723,2:08,Crypto.com Arena,
Tue Mar 18 2025,7:00p,Atlanta Hawks,134,Charlotte Hornets,102,15341,2:05,Spectrum Center,
Tue Mar 18 2025,7:30p,Brooklyn Nets,96,Boston Celtics,104,19156,2:08,TD Garden,
Tue Mar 18 2025,10:00p,Milwaukee Bucks,93,Golden State Warriors,104,18064,2:32,Chase Center,
Tue Mar 18 2025,10:30p,Cleveland Cavaliers,119,Los Angeles Clippers,132,17927,2:22,Intuit Dome,
Wed Mar 19 2025,7:00p,Dallas Mavericks,131,Indiana Pacers,135,15078,2:30,Gainbridge Fieldhouse,
Wed Mar 19 2025,7:00p,Houston Rockets,116,Orlando Magic,108,19609,2:17,Kia Center,
Wed Mar 19 2025,7:30p,Detroit Pistons,116,Miami Heat,113,19600,2:21,Kaseya Center,
Wed Mar 19 2025,8:00p,New Orleans Pelicans,119,Minnesota Timberwolves,115,16936,2:17,Target Center,
Wed Mar 19 2025,8:00p,Philadelphia 76ers,100,Oklahoma City Thunder,133,18203,2:00,Paycom Center,
Wed Mar 19 2025,8:00p,New York Knicks,105,San Antonio Spurs,120,18521,2:10,Frost Bank Center,
Wed Mar 19 2025,9:00p,Washington Wizards,112,Utah Jazz,128,18175,2:01,Delta Center,
Wed Mar 19 2025,10:00p,Denver Nuggets,108,Los Angeles Lakers,120,18997,2:15,Crypto.com Arena,
Wed Mar 19 2025,10:00p,Chicago Bulls,121,Phoenix Suns,127,17071,2:10,Footprint Center,
Wed Mar 19 2025,10:00p,Memphis Grizzlies,99,Portland Trail Blazers,115,18491,2:11,Moda Center,
Wed Mar 19 2025,10:00p,Cleveland Cavaliers,119,Sacramento Kings,123,15919,2:10,Golden 1 Center,
Thu Mar 20 2025,7:00p,New York Knicks,98,Charlotte Hornets,115,18557,2:04,Spectrum Center,
Thu Mar 20 2025,7:00p,Brooklyn Nets,99,Indiana Pacers,105,15008,2:37,Gainbridge Fieldhouse,
Thu Mar 20 2025,10:00p,Toronto Raptors,114,Golden State Warriors,117,18064,2:23,Chase Center,
Thu Mar 20 2025,10:00p,Chicago Bulls,128,Sacramento Kings,116,16960,2:18,Golden 1 Center,
Thu Mar 20 2025,10:30p,Milwaukee Bucks,118,Los Angeles Lakers,89,17709,2:10,Crypto.com Arena,
Fri Mar 21 2025,7:00p,Orlando Magic,120,Washington Wizards,105,18317,2:01,Capital One Arena,
Fri Mar 21 2025,8:00p,Houston Rockets,102,Miami Heat,98,19700,2:11,Kaseya Center,
Fri Mar 21 2025,8:00p,New Orleans Pelicans,93,Minnesota Timberwolves,134,18978,2:09,Target Center,
Fri Mar 21 2025,8:00p,Charlotte Hornets,106,Oklahoma City Thunder,141,18203,2:00,Paycom Center,
Fri Mar 21 2025,8:00p,Philadelphia 76ers,120,San Antonio Spurs,128,17803,2:12,Frost Bank Center,
Fri Mar 21 2025,8:30p,Detroit Pistons,117,Dallas Mavericks,123,20071,2:27,American Airlines Center,
Fri Mar 21 2025,9:30p,Boston Celtics,121,Utah Jazz,99,18175,2:00,Delta Center,
Fri Mar 21 2025,10:00p,Cleveland Cavaliers,112,Phoenix Suns,123,17071,1:57,Footprint Center,
Fri Mar 21 2025,10:00p,Denver Nuggets,109,Portland Trail Blazers,128,17410,2:16,Moda Center,
Fri Mar 21 2025,10:30p,Memphis Grizzlies,108,Los Angeles Clippers,128,17927,2:09,Intuit Dome,
Sat Mar 22 2025,5:00p,Brooklyn Nets,103,Indiana Pacers,108,17274,2:23,Gainbridge Fieldhouse,
Sat Mar 22 2025,7:00p,Golden State Warriors,115,Atlanta Hawks,124,17864,2:10,State Farm Arena,
Sat Mar 22 2025,8:00p,Washington Wizards,103,New York Knicks,122,19812,2:15,Madison Square Garden (IV),
Sat Mar 22 2025,10:00p,Milwaukee Bucks,114,Sacramento Kings,108,16911,2:10,Golden 1 Center,
Sat Mar 22 2025,10:30p,Chicago Bulls,146,Los Angeles Lakers,115,18997,2:10,Crypto.com Arena,
Sun Mar 23 2025,3:00p,New Orleans Pelicans,130,Detroit Pistons,136,20062,2:27,Little Caesars Arena,
Sun Mar 23 2025,3:30p,Cleveland Cavaliers,120,Utah Jazz,91,18175,2:12,Delta Center,
Sun Mar 23 2025,6:00p,Philadelphia 76ers,119,Atlanta Hawks,132,16161,2:11,State Farm Arena,
Sun Mar 23 2025,6:00p,Charlotte Hornets,105,Miami Heat,122,19700,2:09,Kaseya Center,
Sun Mar 23 2025,6:00p,Boston Celtics,129,Portland Trail Blazers,116,18181,1:58,Moda Center,
Sun Mar 23 2025,6:00p,San Antonio Spurs,123,Toronto Raptors,89,18276,2:07,Scotiabank Arena,
Sun Mar 23 2025,7:00p,Denver Nuggets,116,Houston Rockets,111,18055,2:33,Toyota Center,
Sun Mar 23 2025,9:00p,Oklahoma City Thunder,103,Los Angeles Clippers,101,17927,2:25,Intuit Dome,
Mon Mar 24 2025,7:00p,Minnesota Timberwolves,103,Indiana Pacers,119,17274,2:07,Gainbridge Fieldhouse,
Mon Mar 24 2025,7:00p,Los Angeles Lakers,106,Orlando Magic,118,19598,2:16,Kia Center,
Mon Mar 24 2025,7:00p,Toronto Raptors,112,Washington Wizards,104,13532,2:16,Capital One Arena,
Mon Mar 24 2025,7:30p,Dallas Mavericks,120,Brooklyn Nets,101,16434,1:58,Barclays Center,
Mon Mar 24 2025,8:00p,Philadelphia 76ers,99,New Orleans Pelicans,112,16987,2:04,Smoothie King Center,
Mon Mar 24 2025,9:00p,Chicago Bulls,129,Denver Nuggets,119,19816,2:12,Ball Arena,
Mon Mar 24 2025,10:00p,Milwaukee Bucks,106,Phoenix Suns,108,17071,2:24,Footprint Center,
Mon Mar 24 2025,10:00p,Boston Celtics,113,Sacramento Kings,95,15855,2:11,Golden 1 Center,
Tue Mar 25 2025,7:00p,Orlando Magic,111,Charlotte Hornets,104,14639,2:16,Spectrum Center,
Tue Mar 25 2025,7:00p,San Antonio Spurs,96,Detroit Pistons,122,19511,2:06,Little Caesars Arena,
Tue Mar 25 2025,7:30p,Golden State Warriors,86,Miami Heat,112,19897,2:18,Kaseya Center,
Tue Mar 25 2025,7:30p,Dallas Mavericks,113,New York Knicks,128,19812,2:05,Madison Square Garden (IV),
Tue Mar 25 2025,8:00p,Atlanta Hawks,114,Houston Rockets,121,16817,2:21,Toyota Center,
Tue Mar 25 2025,9:00p,Memphis Grizzlies,140,Utah Jazz,103,18175,2:07,Delta Center,
Tue Mar 25 2025,10:00p,Cleveland Cavaliers,122,Portland Trail Blazers,111,19335,2:05,Moda Center,
Tue Mar 25 2025,10:00p,Oklahoma City Thunder,121,Sacramento Kings,105,16060,2:17,Golden 1 Center,
Wed Mar 26 2025,7:00p,Washington Wizards,119,Philadelphia 76ers,114,19770,2:04,Wells Fargo Center,
Wed Mar 26 2025,7:30p,Toronto Raptors,116,Brooklyn Nets,86,16413,2:13,Barclays Center,
Wed Mar 26 2025,7:30p,Los Angeles Lakers,120,Indiana Pacers,119,17274,2:18,Gainbridge Fieldhouse,
Wed Mar 26 2025,7:30p,Los Angeles Clippers,126,New York Knicks,113,19812,2:10,Madison Square Garden (IV),
Wed Mar 26 2025,9:00p,Milwaukee Bucks,117,Denver Nuggets,127,19641,2:04,Ball Arena,
Wed Mar 26 2025,10:00p,Boston Celtics,132,Phoenix Suns,102,17071,2:13,Footprint Center,
Thu Mar 27 2025,7:00p,San Antonio Spurs,116,Cleveland Cavaliers,124,19432,2:18,Rocket Arena,
Thu Mar 27 2025,7:00p,Dallas Mavericks,101,Orlando Magic,92,17269,2:11,Kia Center,
Thu Mar 27 2025,7:00p,Indiana Pacers,162,Washington Wizards,109,15393,2:05,Capital One Arena,
Thu Mar 27 2025,7:30p,Atlanta Hawks,112,Miami Heat,122,19700,2:04,Kaseya Center,
Thu Mar 27 2025,8:00p,Los Angeles Lakers,117,Chicago Bulls,119,21957,2:21,United Center,
Thu Mar 27 2025,8:00p,Memphis Grizzlies,104,Oklahoma City Thunder,125,18203,2:15,Paycom Center,
Thu Mar 27 2025,9:00p,Houston Rockets,121,Utah Jazz,110,18175,2:06,Delta Center,
Thu Mar 27 2025,10:00p,Portland Trail Blazers,107,Sacramento Kings,128,16671,2:11,Golden 1 Center,
Fri Mar 28 2025,7:00p,Cleveland Cavaliers,122,Detroit Pistons,133,20062,2:29,Little Caesars Arena,
Fri Mar 28 2025,7:30p,Los Angeles Clippers,132,Brooklyn Nets,100,17926,2:16,Barclays Center,
Fri Mar 28 2025,7:30p,Charlotte Hornets,97,Toronto Raptors,108,19276,2:03,Scotiabank Arena,
Fri Mar 28 2025,8:00p,New York Knicks,116,Milwaukee Bucks,107,17605,2:09,Fiserv Forum,
Fri Mar 28 2025,8:00p,Phoenix Suns,109,Minnesota Timberwolves,124,18978,2:02,Target Center,
Fri Mar 28 2025,8:00p,Golden State Warriors,111,New Orleans Pelicans,95,18133,2:22,Smoothie King Center,
Fri Mar 28 2025,9:00p,Utah Jazz,93,Denver Nuggets,129,19905,2:11,Ball Arena,
Sat Mar 29 2025,5:00p,Sacramento Kings,91,Orlando Magic,121,18846,2:06,Kia Center,
Sat Mar 29 2025,7:00p,Brooklyn Nets,115,Washington Wizards,112,16316,2:20,Capital One Arena,
Sat Mar 29 2025,7:30p,Miami Heat,118,Philadelphia 76ers,95,20079,1:57,Wells Fargo Center,
Sat Mar 29 2025,8:00p,Dallas Mavericks,120,Chicago Bulls,119,21045,2:14,United Center,
Sat Mar 29 2025,8:00p,Los Angeles Lakers,134,Memphis Grizzlies,127,18087,2:22,FedEx Forum,
Sat Mar 29 2025,8:00p,Indiana Pacers,111,Oklahoma City Thunder,132,18203,2:08,Paycom Center,
Sat Mar 29 2025,8:00p,Boston Celtics,121,San Antonio Spurs,111,18674,2:09,Frost Bank Center,
Sun Mar 30 2025,3:30p,Los Angeles Clippers,122,Cleveland Cavaliers,127,19432,2:14,Rocket Arena,
Sun Mar 30 2025,6:00p,Portland Trail Blazers,93,New York Knicks,110,19812,2:07,Madison Square Garden (IV),
Sun Mar 30 2025,7:00p,Atlanta Hawks,145,Milwaukee Bucks,124,17341,2:26,Fiserv Forum,
Sun Mar 30 2025,7:00p,Detroit Pistons,104,Minnesota Timberwolves,123,18978,2:37,Target Center,
Sun Mar 30 2025,7:00p,Charlotte Hornets,94,New Orleans Pelicans,98,17490,2:10,Smoothie King Center,
Sun Mar 30 2025,7:00p,Golden State Warriors,148,San Antonio Spurs,106,18558,2:04,Frost Bank Center,
Sun Mar 30 2025,7:30p,Toronto Raptors,127,Philadelphia 76ers,109,19785,2:01,Wells Fargo Center,
Sun Mar 30 2025,9:00p,Houston Rockets,148,Phoenix Suns,109,17071,2:09,Footprint Center,
Mon Mar 31 2025,7:00p,Utah Jazz,106,Charlotte Hornets,110,14410,2:02,Spectrum Center,
Mon Mar 31 2025,7:00p,Sacramento Kings,109,Indiana Pacers,111,16341,2:07,Gainbridge Fieldhouse,
Mon Mar 31 2025,7:00p,Los Angeles Clippers,96,Orlando Magic,87,17522,2:09,Kia Center,
Mon Mar 31 2025,7:00p,Miami Heat,120,Washington Wizards,94,16901,2:08,Capital One Arena,
Mon Mar 31 2025,7:30p,Boston Celtics,117,Memphis Grizzlies,103,16867,2:13,FedEx Forum,
Mon Mar 31 2025,8:00p,Chicago Bulls,117,Oklahoma City Thunder,145,18203,2:07,Paycom Center,
Mon Mar 31 2025,8:30p,Brooklyn Nets,113,Dallas Mavericks,109,19790,2:17,American Airlines Center,
Mon Mar 31 2025,10:00p,Houston Rockets,98,Los Angeles Lakers,104,18997,2:23,Crypto.com Arena,
Tue Apr 1 2025,7:30p,Portland Trail Blazers,127,Atlanta Hawks,113,17124,2:23,State Farm Arena,
Tue Apr 1 2025,7:30p,Phoenix Suns,123,Milwaukee Bucks,133,17341,2:28,Fiserv Forum,
Tue Apr 1 2025,7:30p,Philadelphia 76ers,91,New York Knicks,105,19314,2:10,Madison Square Garden (IV),
Tue Apr 1 2025,8:00p,Toronto Raptors,118,Chicago Bulls,137,20005,2:01,United Center,
Tue Apr 1 2025,8:00p,Golden State Warriors,134,Memphis Grizzlies,125,17794,2:21,FedEx Forum,
Tue Apr 1 2025,8:00p,Orlando Magic,116,San Antonio Spurs,105,17770,2:07,Frost Bank Center,
Tue Apr 1 2025,10:00p,Minnesota Timberwolves,140,Denver Nuggets,139,19927,3:09,Ball Arena,
Wed Apr 2 2025,7:00p,New York Knicks,105,Cleveland Cavaliers,124,19432,2:10,Rocket Arena,
Wed Apr 2 2025,7:00p,Charlotte Hornets,105,Indiana Pacers,119,16042,2:04,Gainbridge Fieldhouse,
Wed Apr 2 2025,7:00p,Sacramento Kings,111,Washington Wizards,116,15018,2:16,Capital One Arena,
Wed Apr 2 2025,7:30p,Miami Heat,124,Boston Celtics,103,19156,2:06,TD Garden,
Wed Apr 2 2025,8:00p,Utah Jazz,105,Houston Rockets,143,18055,2:06,Toyota Center,
Wed Apr 2 2025,8:30p,Atlanta Hawks,118,Dallas Mavericks,120,19977,2:14,American Airlines Center,
Wed Apr 2 2025,9:00p,San Antonio Spurs,113,Denver Nuggets,106,19524,2:07,Ball Arena,
Wed Apr 2 2025,9:30p,Detroit Pistons,103,Oklahoma City Thunder,119,18203,2:23,Paycom Center,
Wed Apr 2 2025,10:30p,New Orleans Pelicans,98,Los Angeles Clippers,114,17109,2:05,Intuit Dome,
Thu Apr 3 2025,7:00p,Milwaukee Bucks,126,Philadelphia 76ers,113,19763,2:13,Wells Fargo Center,
Thu Apr 3 2025,7:00p,Orlando Magic,109,Washington Wizards,97,15998,2:15,Capital One Arena,
Thu Apr 3 2025,7:30p,Minnesota Timberwolves,105,Brooklyn Nets,90,17926,2:11,Barclays Center,
Thu Apr 3 2025,7:30p,Memphis Grizzlies,110,Miami Heat,108,19700,2:21,Kaseya Center,
Thu Apr 3 2025,7:30p,Portland Trail Blazers,112,Toronto Raptors,103,18548,2:02,Scotiabank Arena,
Thu Apr 3 2025,10:00p,Golden State Warriors,123,Los Angeles Lakers,116,18997,2:30,Crypto.com Arena,
Fri Apr 4 2025,7:00p,Sacramento Kings,125,Charlotte Hornets,102,15896,2:10,Spectrum Center,
Fri Apr 4 2025,7:00p,Utah Jazz,112,Indiana Pacers,140,17274,2:13,Gainbridge Fieldhouse,
Fri Apr 4 2025,7:30p,Phoenix Suns,103,Boston Celtics,123,19156,2:05,TD Garden,
Fri Apr 4 2025,7:30p,Detroit Pistons,117,Toronto Raptors,105,19491,2:15,Scotiabank Arena,
Fri Apr 4 2025,8:00p,Portland Trail Blazers,113,Chicago Bulls,118,21572,2:09,United Center,
Fri Apr 4 2025,8:00p,Oklahoma City Thunder,111,Houston Rockets,125,18055,2:13,Toyota Center,
Fri Apr 4 2025,8:00p,Cleveland Cavaliers,114,San Antonio Spurs,113,17819,2:04,Frost Bank Center,
Fri Apr 4 2025,10:00p,Denver Nuggets,104,Golden State Warriors,118,18064,2:08,Chase Center,
Fri Apr 4 2025,10:30p,Dallas Mavericks,91,Los Angeles Clippers,114,17927,2:06,Intuit Dome,
Fri Apr 4 2025,10:30p,New Orleans Pelicans,108,Los Angeles Lakers,124,18997,2:13,Crypto.com Arena,
Sat Apr 5 2025,3:00p,New York Knicks,121,Atlanta Hawks,105,16199,2:04,State Farm Arena,
Sat Apr 5 2025,7:00p,Memphis Grizzlies,109,Detroit Pistons,103,20062,2:23,Little Caesars Arena,
Sat Apr 5 2025,7:00p,Minnesota Timberwolves,114,Philadelphia 76ers,109,19755,2:21,Wells Fargo Center,
Sat Apr 5 2025,8:00p,Milwaukee Bucks,121,Miami Heat,115,19734,2:33,Kaseya Center,
Sat Apr 5 2025,10:30p,Dallas Mavericks,104,Los Angeles Clippers,135,17927,2:11,Intuit Dome,
Sun Apr 6 2025,1:00p,Chicago Bulls,131,Charlotte Hornets,117,18499,2:10,Spectrum Center,
Sun Apr 6 2025,3:30p,Toronto Raptors,120,Brooklyn Nets,109,17007,2:12,Barclays Center,
Sun Apr 6 2025,3:30p,Los Angeles Lakers,126,Oklahoma City Thunder,99,18203,2:08,Paycom Center,
Sun Apr 6 2025,6:00p,Utah Jazz,134,Atlanta Hawks,147,16331,2:13,State Farm Arena,
Sun Apr 6 2025,6:00p,Washington Wizards,90,Boston Celtics,124,19156,1:52,TD Garden,
Sun Apr 6 2025,6:00p,Sacramento Kings,120,Cleveland Cavaliers,113,19432,2:16,Rocket Arena,
Sun Apr 6 2025,6:00p,San Antonio Spurs,109,Portland Trail Blazers,120,17928,2:17,Moda Center,
Sun Apr 6 2025,7:00p,Phoenix Suns,98,New York Knicks,112,19812,2:14,Madison Square Garden (IV),
Sun Apr 6 2025,8:00p,Indiana Pacers,125,Denver Nuggets,120,19932,2:16,Ball Arena,
Sun Apr 6 2025,8:30p,Houston Rockets,106,Golden State Warriors,96,18064,2:14,Chase Center,
Sun Apr 6 2025,8:30p,Milwaukee Bucks,111,New Orleans Pelicans,107,17561,2:06,Smoothie King Center,
Mon Apr 7 2025,7:00p,Sacramento Kings,127,Detroit Pistons,117,19208,2:24,Little Caesars Arena,
Mon Apr 7 2025,7:30p,Philadelphia 76ers,105,Miami Heat,117,19700,2:06,Kaseya Center,
Tue Apr 8 2025,7:00p,Memphis Grizzlies,124,Charlotte Hornets,100,17125,2:27,Spectrum Center,
Tue Apr 8 2025,7:00p,Chicago Bulls,113,Cleveland Cavaliers,135,19432,2:01,Rocket Arena,
Tue Apr 8 2025,7:00p,Washington Wizards,98,Indiana Pacers,104,16144,2:07,Gainbridge Fieldhouse,
Tue Apr 8 2025,7:00p,Atlanta Hawks,112,Orlando Magic,119,18846,2:21,Kia Center,
Tue Apr 8 2025,7:30p,New Orleans Pelicans,114,Brooklyn Nets,119,16407,2:11,Barclays Center,
Tue Apr 8 2025,7:30p,Boston Celtics,119,New York Knicks,117,19812,2:42,Madison Square Garden (IV),
Tue Apr 8 2025,8:00p,Minnesota Timberwolves,103,Milwaukee Bucks,110,17341,2:17,Fiserv Forum,
Tue Apr 8 2025,8:00p,Los Angeles Lakers,120,Oklahoma City Thunder,136,18203,2:20,Paycom Center,
Tue Apr 8 2025,10:00p,Golden State Warriors,133,Phoenix Suns,95,17071,2:09,Footprint Center,
Tue Apr 8 2025,10:30p,San Antonio Spurs,117,Los Angeles Clippers,122,17927,2:06,Intuit Dome,
Wed Apr 9 2025,7:00p,Boston Celtics,76,Orlando Magic,96,19128,1:50,Kia Center,
Wed Apr 9 2025,7:00p,Philadelphia 76ers,122,Washington Wizards,103,17222,2:16,Capital One Arena,
Wed Apr 9 2025,7:30p,Los Angeles Lakers,112,Dallas Mavericks,97,20841,2:17,American Airlines Center,
Wed Apr 9 2025,7:30p,Charlotte Hornets,96,Toronto Raptors,126,19800,1:57,Scotiabank Arena,
Wed Apr 9 2025,8:00p,Miami Heat,111,Chicago Bulls,119,20509,2:09,United Center,
Wed Apr 9 2025,9:00p,Portland Trail Blazers,126,Utah Jazz,133,18175,2:28,Delta Center,
Wed Apr 9 2025,10:00p,San Antonio Spurs,114,Golden State Warriors,111,18064,2:17,Chase Center,
Wed Apr 9 2025,10:00p,Oklahoma City Thunder,125,Phoenix Suns,112,17071,2:12,Footprint Center,
Wed Apr 9 2025,10:00p,Denver Nuggets,124,Sacramento Kings,116,16161,2:22,Golden 1 Center,
Wed Apr 9 2025,10:30p,Houston Rockets,117,Los Angeles Clippers,134,17927,1:59,Intuit Dome,
Thu Apr 10 2025,7:00p,New York Knicks,106,Detroit Pistons,115,20062,2:16,Little Caesars Arena,
Thu Apr 10 2025,7:00p,Cleveland Cavaliers,112,Indiana Pacers,114,17020,2:21,Gainbridge Fieldhouse,
Thu Apr 10 2025,7:30p,Atlanta Hawks,133,Brooklyn Nets,109,17926,2:15,Barclays Center,
Thu Apr 10 2025,8:00p,New Orleans Pelicans,111,Milwaukee Bucks,136,17341,2:06,Fiserv Forum,
Thu Apr 10 2025,9:30p,Minnesota Timberwolves,141,Memphis Grizzlies,125,17007,2:27,FedEx Forum,
Fri Apr 11 2025,7:00p,Milwaukee Bucks,125,Detroit Pistons,119,20062,2:21,Little Caesars Arena,
Fri Apr 11 2025,7:00p,Orlando Magic,129,Indiana Pacers,115,17010,2:19,Gainbridge Fieldhouse,
Fri Apr 11 2025,7:00p,Atlanta Hawks,124,Philadelphia 76ers,110,19752,2:09,Wells Fargo Center,
Fri Apr 11 2025,7:30p,Charlotte Hornets,94,Boston Celtics,130,19156,1:52,TD Garden,
Fri Apr 11 2025,7:30p,Cleveland Cavaliers,108,New York Knicks,102,19812,2:18,Madison Square Garden (IV),
Fri Apr 11 2025,8:00p,Washington Wizards,89,Chicago Bulls,119,21400,2:06,United Center,
Fri Apr 11 2025,8:00p,Miami Heat,153,New Orleans Pelicans,104,17087,2:01,Smoothie King Center,
Fri Apr 11 2025,8:30p,Toronto Raptors,102,Dallas Mavericks,124,20177,1:58,American Airlines Center,
Fri Apr 11 2025,9:00p,Memphis Grizzlies,109,Denver Nuggets,117,20015,2:11,Ball Arena,
Fri Apr 11 2025,9:00p,Brooklyn Nets,91,Minnesota Timberwolves,117,18978,2:09,Target Center,
Fri Apr 11 2025,9:30p,Oklahoma City Thunder,145,Utah Jazz,111,18175,1:57,Delta Center,
Fri Apr 11 2025,10:00p,San Antonio Spurs,98,Phoenix Suns,117,17071,1:58,Footprint Center,
Fri Apr 11 2025,10:00p,Golden State Warriors,103,Portland Trail Blazers,86,19335,2:08,Moda Center,
Fri Apr 11 2025,10:00p,Los Angeles Clippers,101,Sacramento Kings,100,16435,2:19,Golden 1 Center,
Fri Apr 11 2025,10:30p,Houston Rockets,109,Los Angeles Lakers,140,18997,2:04,Crypto.com Arena,
Sun Apr 13 2025,1:00p,Orlando Magic,105,Atlanta Hawks,117,17714,1:53,State Farm Arena,
Sun Apr 13 2025,1:00p,Charlotte Hornets,86,Boston Celtics,93,19156,2:00,TD Garden,
Sun Apr 13 2025,1:00p,New York Knicks,113,Brooklyn Nets,105,17926,2:22,Barclays Center,
Sun Apr 13 2025,1:00p,Indiana Pacers,126,Cleveland Cavaliers,118,19432,2:48,Rocket Arena,
Sun Apr 13 2025,1:00p,Washington Wizards,119,Miami Heat,118,19968,1:58,Kaseya Center,
Sun Apr 13 2025,1:00p,Detroit Pistons,133,Milwaukee Bucks,140,17796,2:23,Fiserv Forum,
Sun Apr 13 2025,1:00p,Chicago Bulls,122,Philadelphia 76ers,102,20059,2:00,Wells Fargo Center,
Sun Apr 13 2025,3:30p,Los Angeles Clippers,124,Golden State Warriors,119,18064,2:42,Chase Center,
Sun Apr 13 2025,3:30p,Denver Nuggets,126,Houston Rockets,111,18055,2:06,Toyota Center,
Sun Apr 13 2025,3:30p,Dallas Mavericks,97,Memphis Grizzlies,132,17794,1:59,FedEx Forum,
Sun Apr 13 2025,3:30p,Utah Jazz,105,Minnesota Timberwolves,116,18978,2:04,Target Center,
Sun Apr 13 2025,3:30p,Oklahoma City Thunder,115,New Orleans Pelicans,100,17761,2:09,Smoothie King Center,
Sun Apr 13 2025,3:30p,Los Angeles Lakers,81,Portland Trail Blazers,109,19335,2:03,Moda Center,
Sun Apr 13 2025,3:30p,Phoenix Suns,98,Sacramento Kings,109,17832,1:52,Golden 1 Center,
Sun Apr 13 2025,3:30p,Toronto Raptors,118,San Antonio Spurs,125,18672,2:14,Frost Bank Center,
,,,,,,,,,
,,,,,,,,,
,,,,,,,,,
,,,,,,,,,
,,,,,,,,,
,,,,,,,,,
,,,,,,,,,
,,,,,,,,,
,,,,,,,,,
,,,,,,,,,
,,,,,,,,,
,,,,,,,,,
,,,,,,,,,
,,,,,,,,,
,,,,,,,,,
,,,,,,,,,
,,,,,,,,,
,,,,,,,,,
,,,,,,,,,
,,,,,,,,,
,,,,,,,,,
,,,,,,,,,
,,,,,,,,,
,,,,,,,,,
,,,,,,,,,
,,,,,,,,,
,,,,,,,,,
,,,,,,,,,
,,,,,,,,,
,,,,,,,,,
,,,,,,,,,
,,,,,,,,,
,,,,,,,,,
,,,,,,,,,
,,,,,,,,,
,,,,,,,,,
,,,,,,,,,
,,,,,,,,,
,,,,,,,,,
,,,,,,,,,
,,,,,,,,,
,,,,,,,,,
,,,,,,,,,
,,,,,,,,,