game_id,ATL_basic,ATL_advance,BRK_basic,BRK_advance,BOS_basic,BOS_advance,CHI_basic,CHI_advance,CHO_basic,CHO_advance,CLE_basic,CLE_advance,DAL_basic,DAL_advance,DEN_basic,DEN_advance,DET_basic,DET_advance,GSW_basic,GSW_advance,HOU_basic,HOU_advance,IND_basic,IND_advance,LAC_basic,LAC_advance,LAL_basic,LAL_advance,MEM_basic,MEM_advance,MIA_basic,MIA_advance,MIL_basic,MIL_advance,MIN_basic,MIN_advance,NOP_basic,NOP_advance,NYK_basic,NYK_advance,OKC_basic,OKC_advance,ORL_basic,ORL_advance,PHI_basic,PHI_advance,PHO_basic,PHO_advance,POR_basic,POR_advance,SAC_basic,SAC_advance,SAS_basic,SAS_advance,TOR_basic,TOR_advance,UTA_basic,UTA_advance,WAS_basic,WAS_advance,error
202410230ATL,/users/cooperfoster/desktop/hoops/box_scores/202410230ATL_ATL_basic.csv,/users/cooperfoster/desktop/hoops/box_scores/202410230ATL_ATL_advance.csv,/users/cooperfoster/desktop/hoops/box_scores/202410230ATL_BRK_basic.csv,/users/cooperfoster/desktop/hoops/box_scores/202410230ATL_BRK_advance.csv,,,,,,,,,,,,,,,,,,,,,,,,,,,,,,,,,,,,,,,,,,,,,,,,,,,,,,,,,
202411040ATL,/users/cooperfoster/desktop/hoops/box_scores/202411040ATL_ATL_basic.csv,/users/cooperfoster/desktop/hoops/box_scores/202411040ATL_ATL_advance.csv,,,/users/cooperfoster/desktop/hoops/box_scores/202411040ATL_BOS_basic.csv,/users/cooperfoster/desktop/hoops/box_scores/202411040ATL_BOS_advance.csv,,,,,,,,,,,,,,,,,,,,,,,,,,,,,,,,,,,,,,,,,,,,,,,,,,,,,,,
202411090ATL,/users/cooperfoster/desktop/hoops/box_scores/202411090ATL_ATL_basic.csv,/users/cooperfoster/desktop/hoops/box_scores/202411090ATL_ATL_advance.csv,,,,,/users/cooperfoster/desktop/hoops/box_scores/202411090ATL_CHI_basic.csv,/users/cooperfoster/desktop/hoops/box_scores/202411090ATL_CHI_advance.csv,,,,,,,,,,,,,,,,,,,,,,,,,,,,,,,,,,,,,,,,,,,,,,,,,,,,,
202412260ATL,/users/cooperfoster/desktop/hoops/box_scores/202412260ATL_ATL_basic.csv,/users/cooperfoster/desktop/hoops/box_scores/202412260ATL_ATL_advance.csv,,,,,/users/cooperfoster/desktop/hoops/box_scores/202412260ATL_CHI_basic.csv,/users/cooperfoster/desktop/hoops/box_scores/202412260ATL_CHI_advance.csv,,,,,,,,,,,,,,,,,,,,,,,,,,,,,,,,,,,,,,,,,,,,,,,,,,,,,
202410250ATL,/users/cooperfoster/desktop/hoops/box_scores/202410250ATL_ATL_basic.csv,/users/cooperfoster/desktop/hoops/box_scores/202410250ATL_ATL_advance.csv,,,,,,,/users/cooperfoster/desktop/hoops/box_scores/202410250ATL_CHO_basic.csv,/users/cooperfoster/desktop/hoops/box_scores/202410250ATL_CHO_advance.csv,,,,,,,,,,,,,,,,,,,,,,,,,,,,,,,,,,,,,,,,,,,,,,,,,,,
202503120ATL,/users/cooperfoster/desktop/hoops/box_scores/202503120ATL_ATL_basic.csv,/users/cooperfoster/desktop/hoops/box_scores/202503120ATL_ATL_advance.csv,,,,,,,/users/cooperfoster/desktop/hoops/box_scores/202503120ATL_CHO_basic.csv,/users/cooperfoster/desktop/hoops/box_scores/202503120ATL_CHO_advance.csv,,,,,,,,,,,,,,,,,,,,,,,,,,,,,,,,,,,,,,,,,,,,,,,,,,,
202411290ATL,/users/cooperfoster/desktop/hoops/box_scores/202411290ATL_ATL_basic.csv,/users/cooperfoster/desktop/hoops/box_scores/202411290ATL_ATL_advance.csv,,,,,,,,,/users/cooperfoster/desktop/hoops/box_scores/202411290ATL_CLE_basic.csv,/users/cooperfoster/desktop/hoops/box_scores/202411290ATL_CLE_advance.csv,,,,,,,,,,,,,,,,,,,,,,,,,,,,,,,,,,,,,,,,,,,,,,,,,
202411250ATL,/users/cooperfoster/desktop/hoops/box_scores/202411250ATL_ATL_basic.csv,/users/cooperfoster/desktop/hoops/box_scores/202411250ATL_ATL_advance.csv,,,,,,,,,,,/users/cooperfoster/desktop/hoops/box_scores/202411250ATL_DAL_basic.csv,/users/cooperfoster/desktop/hoops/box_scores/202411250ATL_DAL_advance.csv,,,,,,,,,,,,,,,,,,,,,,,,,,,,,,,,,,,,,,,,,,,,,,,
202412080ATL,/users/cooperfoster/desktop/hoops/box_scores/202412080ATL_ATL_basic.csv,/users/cooperfoster/desktop/hoops/box_scores/202412080ATL_ATL_advance.csv,,,,,,,,,,,,,/users/cooperfoster/desktop/hoops/box_scores/202412080ATL_DEN_basic.csv,/users/cooperfoster/desktop/hoops/box_scores/202412080ATL_DEN_advance.csv,,,,,,,,,,,,,,,,,,,,,,,,,,,,,,,,,,,,,,,,,,,,,
202501220ATL,/users/cooperfoster/desktop/hoops/box_scores/202501220ATL_ATL_basic.csv,/users/cooperfoster/desktop/hoops/box_scores/202501220ATL_ATL_advance.csv,,,,,,,,,,,,,,,/users/cooperfoster/desktop/hoops/box_scores/202501220ATL_DET_basic.csv,/users/cooperfoster/desktop/hoops/box_scores/202501220ATL_DET_advance.csv,,,,,,,,,,,,,,,,,,,,,,,,,,,,,,,,,,,,,,,,,,,
202502230ATL,/users/cooperfoster/desktop/hoops/box_scores/202502230ATL_ATL_basic.csv,/users/cooperfoster/desktop/hoops/box_scores/202502230ATL_ATL_advance.csv,,,,,,,,,,,,,,,/users/cooperfoster/desktop/hoops/box_scores/202502230ATL_DET_basic.csv,/users/cooperfoster/desktop/hoops/box_scores/202502230ATL_DET_advance.csv,,,,,,,,,,,,,,,,,,,,,,,,,,,,,,,,,,,,,,,,,,,
202503220ATL,/users/cooperfoster/desktop/hoops/box_scores/202503220ATL_ATL_basic.csv,/users/cooperfoster/desktop/hoops/box_scores/202503220ATL_ATL_advance.csv,,,,,,,,,,,,,,,,,/users/cooperfoster/desktop/hoops/box_scores/202503220ATL_GSW_basic.csv,/users/cooperfoster/desktop/hoops/box_scores/202503220ATL_GSW_advance.csv,,,,,,,,,,,,,,,,,,,,,,,,,,,,,,,,,,,,,,,,,
202501280ATL,/users/cooperfoster/desktop/hoops/box_scores/202501280ATL_ATL_basic.csv,/users/cooperfoster/desktop/hoops/box_scores/202501280ATL_ATL_advance.csv,,,,,,,,,,,,,,,,,,,/users/cooperfoster/desktop/hoops/box_scores/202501280ATL_HOU_basic.csv,/users/cooperfoster/desktop/hoops/box_scores/202501280ATL_HOU_advance.csv,,,,,,,,,,,,,,,,,,,,,,,,,,,,,,,,,,,,,,,
202503060ATL,/users/cooperfoster/desktop/hoops/box_scores/202503060ATL_ATL_basic.csv,/users/cooperfoster/desktop/hoops/box_scores/202503060ATL_ATL_advance.csv,,,,,,,,,,,,,,,,,,,,,/users/cooperfoster/desktop/hoops/box_scores/202503060ATL_IND_basic.csv,/users/cooperfoster/desktop/hoops/box_scores/202503060ATL_IND_advance.csv,,,,,,,,,,,,,,,,,,,,,,,,,,,,,,,,,,,,,
202503080ATL,/users/cooperfoster/desktop/hoops/box_scores/202503080ATL_ATL_basic.csv,/users/cooperfoster/desktop/hoops/box_scores/202503080ATL_ATL_advance.csv,,,,,,,,,,,,,,,,,,,,,/users/cooperfoster/desktop/hoops/box_scores/202503080ATL_IND_basic.csv,/users/cooperfoster/desktop/hoops/box_scores/202503080ATL_IND_advance.csv,,,,,,,,,,,,,,,,,,,,,,,,,,,,,,,,,,,,,
202503140ATL,/users/cooperfoster/desktop/hoops/box_scores/202503140ATL_ATL_basic.csv,/users/cooperfoster/desktop/hoops/box_scores/202503140ATL_ATL_advance.csv,,,,,,,,,,,,,,,,,,,,,,,/users/cooperfoster/desktop/hoops/box_scores/202503140ATL_LAC_basic.csv,/users/cooperfoster/desktop/hoops/box_scores/202503140ATL_LAC_advance.csv,,,,,,,,,,,,,,,,,,,,,,,,,,,,,,,,,,,
202412060ATL,/users/cooperfoster/desktop/hoops/box_scores/202412060ATL_ATL_basic.csv,/users/cooperfoster/desktop/hoops/box_scores/202412060ATL_ATL_advance.csv,,,,,,,,,,,,,,,,,,,,,,,,,/users/cooperfoster/desktop/hoops/box_scores/202412060ATL_LAL_basic.csv,/users/cooperfoster/desktop/hoops/box_scores/202412060ATL_LAL_advance.csv,,,,,,,,,,,,,,,,,,,,,,,,,,,,,,,,,
202412210ATL,/users/cooperfoster/desktop/hoops/box_scores/202412210ATL_ATL_basic.csv,/users/cooperfoster/desktop/hoops/box_scores/202412210ATL_ATL_advance.csv,,,,,,,,,,,,,,,,,,,,,,,,,,,/users/cooperfoster/desktop/hoops/box_scores/202412210ATL_MEM_basic.csv,/users/cooperfoster/desktop/hoops/box_scores/202412210ATL_MEM_advance.csv,,,,,,,,,,,,,,,,,,,,,,,,,,,,,,,
202412280ATL,/users/cooperfoster/desktop/hoops/box_scores/202412280ATL_ATL_basic.csv,/users/cooperfoster/desktop/hoops/box_scores/202412280ATL_ATL_advance.csv,,,,,,,,,,,,,,,,,,,,,,,,,,,,,/users/cooperfoster/desktop/hoops/box_scores/202412280ATL_MIA_basic.csv,/users/cooperfoster/desktop/hoops/box_scores/202412280ATL_MIA_advance.csv,,,,,,,,,,,,,,,,,,,,,,,,,,,,,
202502240ATL,/users/cooperfoster/desktop/hoops/box_scores/202502240ATL_ATL_basic.csv,/users/cooperfoster/desktop/hoops/box_scores/202502240ATL_ATL_advance.csv,,,,,,,,,,,,,,,,,,,,,,,,,,,,,/users/cooperfoster/desktop/hoops/box_scores/202502240ATL_MIA_basic.csv,/users/cooperfoster/desktop/hoops/box_scores/202502240ATL_MIA_advance.csv,,,,,,,,,,,,,,,,,,,,,,,,,,,,,
202502070ATL,/users/cooperfoster/desktop/hoops/box_scores/202502070ATL_ATL_basic.csv,/users/cooperfoster/desktop/hoops/box_scores/202502070ATL_ATL_advance.csv,,,,,,,,,,,,,,,,,,,,,,,,,,,,,,,/users/cooperfoster/desktop/hoops/box_scores/202502070ATL_MIL_basic.csv,/users/cooperfoster/desktop/hoops/box_scores/202502070ATL_MIL_advance.csv,,,,,,,,,,,,,,,,,,,,,,,,,,,
202503040ATL,/users/cooperfoster/desktop/hoops/box_scores/202503040ATL_ATL_basic.csv,/users/cooperfoster/desktop/hoops/box_scores/202503040ATL_ATL_advance.csv,,,,,,,,,,,,,,,,,,,,,,,,,,,,,,,/users/cooperfoster/desktop/hoops/box_scores/202503040ATL_MIL_basic.csv,/users/cooperfoster/desktop/hoops/box_scores/202503040ATL_MIL_advance.csv,,,,,,,,,,,,,,,,,,,,,,,,,,,
202412230ATL,/users/cooperfoster/desktop/hoops/box_scores/202412230ATL_ATL_basic.csv,/users/cooperfoster/desktop/hoops/box_scores/202412230ATL_ATL_advance.csv,,,,,,,,,,,,,,,,,,,,,,,,,,,,,,,,,/users/cooperfoster/desktop/hoops/box_scores/202412230ATL_MIN_basic.csv,/users/cooperfoster/desktop/hoops/box_scores/202412230ATL_MIN_advance.csv,,,,,,,,,,,,,,,,,,,,,,,,,
202412020ATL,/users/cooperfoster/desktop/hoops/box_scores/202412020ATL_ATL_basic.csv,/users/cooperfoster/desktop/hoops/box_scores/202412020ATL_ATL_advance.csv,,,,,,,,,,,,,,,,,,,,,,,,,,,,,,,,,,,/users/cooperfoster/desktop/hoops/box_scores/202412020ATL_NOP_basic.csv,/users/cooperfoster/desktop/hoops/box_scores/202412020ATL_NOP_advance.csv,,,,,,,,,,,,,,,,,,,,,,,
202411060ATL,/users/cooperfoster/desktop/hoops/box_scores/202411060ATL_ATL_basic.csv,/users/cooperfoster/desktop/hoops/box_scores/202411060ATL_ATL_advance.csv,,,,,,,,,,,,,,,,,,,,,,,,,,,,,,,,,,,,,/users/cooperfoster/desktop/hoops/box_scores/202411060ATL_NYK_basic.csv,/users/cooperfoster/desktop/hoops/box_scores/202411060ATL_NYK_advance.csv,,,,,,,,,,,,,,,,,,,,,
202504050ATL,/users/cooperfoster/desktop/hoops/box_scores/202504050ATL_ATL_basic.csv,/users/cooperfoster/desktop/hoops/box_scores/202504050ATL_ATL_advance.csv,,,,,,,,,,,,,,,,,,,,,,,,,,,,,,,,,,,,,/users/cooperfoster/desktop/hoops/box_scores/202504050ATL_NYK_basic.csv,/users/cooperfoster/desktop/hoops/box_scores/202504050ATL_NYK_advance.csv,,,,,,,,,,,,,,,,,,,,,
202502280ATL,/users/cooperfoster/desktop/hoops/box_scores/202502280ATL_ATL_basic.csv,/users/cooperfoster/desktop/hoops/box_scores/202502280ATL_ATL_advance.csv,,,,,,,,,,,,,,,,,,,,,,,,,,,,,,,,,,,,,,,/users/cooperfoster/desktop/hoops/box_scores/202502280ATL_OKC_basic.csv,/users/cooperfoster/desktop/hoops/box_scores/202502280ATL_OKC_advance.csv,,,,,,,,,,,,,,,,,,,
202502200ATL,/users/cooperfoster/desktop/hoops/box_scores/202502200ATL_ATL_basic.csv,/users/cooperfoster/desktop/hoops/box_scores/202502200ATL_ATL_advance.csv,,,,,,,,,,,,,,,,,,,,,,,,,,,,,,,,,,,,,,,,,/users/cooperfoster/desktop/hoops/box_scores/202502200ATL_ORL_basic.csv,/users/cooperfoster/desktop/hoops/box_scores/202502200ATL_ORL_advance.csv,,,,,,,,,,,,,,,,,
202504130ATL,/users/cooperfoster/desktop/hoops/box_scores/202504130ATL_ATL_basic.csv,/users/cooperfoster/desktop/hoops/box_scores/202504130ATL_ATL_advance.csv,,,,,,,,,,,,,,,,,,,,,,,,,,,,,,,,,,,,,,,,,/users/cooperfoster/desktop/hoops/box_scores/202504130ATL_ORL_basic.csv,/users/cooperfoster/desktop/hoops/box_scores/202504130ATL_ORL_advance.csv,,,,,,,,,,,,,,,,,
202503100ATL,/users/cooperfoster/desktop/hoops/box_scores/202503100ATL_ATL_basic.csv,/users/cooperfoster/desktop/hoops/box_scores/202503100ATL_ATL_advance.csv,,,,,,,,,,,,,,,,,,,,,,,,,,,,,,,,,,,,,,,,,,,/users/cooperfoster/desktop/hoops/box_scores/202503100ATL_PHI_basic.csv,/users/cooperfoster/desktop/hoops/box_scores/202503100ATL_PHI_advance.csv,,,,,,,,,,,,,,,
202503230ATL,/users/cooperfoster/desktop/hoops/box_scores/202503230ATL_ATL_basic.csv,/users/cooperfoster/desktop/hoops/box_scores/202503230ATL_ATL_advance.csv,,,,,,,,,,,,,,,,,,,,,,,,,,,,,,,,,,,,,,,,,,,/users/cooperfoster/desktop/hoops/box_scores/202503230ATL_PHI_basic.csv,/users/cooperfoster/desktop/hoops/box_scores/202503230ATL_PHI_advance.csv,,,,,,,,,,,,,,,
202501140ATL,/users/cooperfoster/desktop/hoops/box_scores/202501140ATL_ATL_basic.csv,/users/cooperfoster/desktop/hoops/box_scores/202501140ATL_ATL_advance.csv,,,,,,,,,,,,,,,,,,,,,,,,,,,,,,,,,,,,,,,,,,,,,/users/cooperfoster/desktop/hoops/box_scores/202501140ATL_PHO_basic.csv,/users/cooperfoster/desktop/hoops/box_scores/202501140ATL_PHO_advance.csv,,,,,,,,,,,,,
202504010ATL,/users/cooperfoster/desktop/hoops/box_scores/202504010ATL_ATL_basic.csv,/users/cooperfoster/desktop/hoops/box_scores/202504010ATL_ATL_advance.csv,,,,,,,,,,,,,,,,,,,,,,,,,,,,,,,,,,,,,,,,,,,,,,,/users/cooperfoster/desktop/hoops/box_scores/202504010ATL_POR_basic.csv,/users/cooperfoster/desktop/hoops/box_scores/202504010ATL_POR_advance.csv,,,,,,,,,,,
202411010ATL,/users/cooperfoster/desktop/hoops/box_scores/202411010ATL_ATL_basic.csv,/users/cooperfoster/desktop/hoops/box_scores/202411010ATL_ATL_advance.csv,,,,,,,,,,,,,,,,,,,,,,,,,,,,,,,,,,,,,,,,,,,,,,,,,/users/cooperfoster/desktop/hoops/box_scores/202411010ATL_SAC_basic.csv,/users/cooperfoster/desktop/hoops/box_scores/202411010ATL_SAC_advance.csv,,,,,,,,,
202502050ATL,/users/cooperfoster/desktop/hoops/box_scores/202502050ATL_ATL_basic.csv,/users/cooperfoster/desktop/hoops/box_scores/202502050ATL_ATL_advance.csv,,,,,,,,,,,,,,,,,,,,,,,,,,,,,,,,,,,,,,,,,,,,,,,,,,,/users/cooperfoster/desktop/hoops/box_scores/202502050ATL_SAS_basic.csv,/users/cooperfoster/desktop/hoops/box_scores/202502050ATL_SAS_advance.csv,,,,,,,
202501230ATL,/users/cooperfoster/desktop/hoops/box_scores/202501230ATL_ATL_basic.csv,/users/cooperfoster/desktop/hoops/box_scores/202501230ATL_ATL_advance.csv,,,,,,,,,,,,,,,,,,,,,,,,,,,,,,,,,,,,,,,,,,,,,,,,,,,,,/users/cooperfoster/desktop/hoops/box_scores/202501230ATL_TOR_basic.csv,/users/cooperfoster/desktop/hoops/box_scores/202501230ATL_TOR_advance.csv,,,,,
202501250ATL,/users/cooperfoster/desktop/hoops/box_scores/202501250ATL_ATL_basic.csv,/users/cooperfoster/desktop/hoops/box_scores/202501250ATL_ATL_advance.csv,,,,,,,,,,,,,,,,,,,,,,,,,,,,,,,,,,,,,,,,,,,,,,,,,,,,,/users/cooperfoster/desktop/hoops/box_scores/202501250ATL_TOR_basic.csv,/users/cooperfoster/desktop/hoops/box_scores/202501250ATL_TOR_advance.csv,,,,,
202504060ATL,/users/cooperfoster/desktop/hoops/box_scores/202504060ATL_ATL_basic.csv,/users/cooperfoster/desktop/hoops/box_scores/202504060ATL_ATL_advance.csv,,,,,,,,,,,,,,,,,,,,,,,,,,,,,,,,,,,,,,,,,,,,,,,,,,,,,,,/users/cooperfoster/desktop/hoops/box_scores/202504060ATL_UTA_basic.csv,/users/cooperfoster/desktop/hoops/box_scores/202504060ATL_UTA_advance.csv,,,
202410280ATL,/users/cooperfoster/desktop/hoops/box_scores/202410280ATL_ATL_basic.csv,/users/cooperfoster/desktop/hoops/box_scores/202410280ATL_ATL_advance.csv,,,,,,,,,,,,,,,,,,,,,,,,,,,,,,,,,,,,,,,,,,,,,,,,,,,,,,,,,/users/cooperfoster/desktop/hoops/box_scores/202410280ATL_WAS_basic.csv,/users/cooperfoster/desktop/hoops/box_scores/202410280ATL_WAS_advance.csv,
202411150ATL,/users/cooperfoster/desktop/hoops/box_scores/202411150ATL_ATL_basic.csv,/users/cooperfoster/desktop/hoops/box_scores/202411150ATL_ATL_advance.csv,,,,,,,,,,,,,,,,,,,,,,,,,,,,,,,,,,,,,,,,,,,,,,,,,,,,,,,,,/users/cooperfoster/desktop/hoops/box_scores/202411150ATL_WAS_basic.csv,/users/cooperfoster/desktop/hoops/box_scores/202411150ATL_WAS_advance.csv,
202503160BKN,,,,,,,,,,,,,,,,,,,,,,,,,,,,,,,,,,,,,,,,,,,,,,,,,,,,,,,,,,,,,404 Client Error: Not Found for url: https://www.basketball-reference.com/boxscores/202503160BKN.html
202504100BKN,,,,,,,,,,,,,,,,,,,,,,,,,,,,,,,,,,,,,,,,,,,,,,,,,,,,,,,,,,,,,404 Client Error: Not Found for url: https://www.basketball-reference.com/boxscores/202504100BKN.html
202411130BKN,,,,,,,,,,,,,,,,,,,,,,,,,,,,,,,,,,,,,,,,,,,,,,,,,,,,,,,,,,,,,404 Client Error: Not Found for url: https://www.basketball-reference.com/boxscores/202411130BKN.html
202503150BKN,,,,,,,,,,,,,,,,,,,,,,,,,,,,,,,,,,,,,,,,,,,,,,,,,,,,,,,,,,,,,404 Client Error: Not Found for url: https://www.basketball-reference.com/boxscores/202503150BKN.html
202411010BKN,,,,,,,,,,,,,,,,,,,,,,,,,,,,,,,,,,,,,,,,,,,,,,,,,,,,,,,,,,,,,404 Client Error: Not Found for url: https://www.basketball-reference.com/boxscores/202411010BKN.html
202411190BKN,,,,,,,,,,,,,,,,,,,,,,,,,,,,,,,,,,,,,,,,,,,,,,,,,,,,,,,,,,,,,404 Client Error: Not Found for url: https://www.basketball-reference.com/boxscores/202411190BKN.html
202502100BKN,,,,,,,,,,,,,,,,,,,,,,,,,,,,,,,,,,,,,,,,,,,,,,,,,,,,,,,,,,,,,404 Client Error: Not Found for url: https://www.basketball-reference.com/boxscores/202502100BKN.html
202412160BKN,,,,,,,,,,,,,,,,,,,,,,,,,,,,,,,,,,,,,,,,,,,,,,,,,,,,,,,,,,,,,404 Client Error: Not Found for url: https://www.basketball-reference.com/boxscores/202412160BKN.html
202502200BKN,,,,,,,,,,,,,,,,,,,,,,,,,,,,,,,,,,,,,,,,,,,,,,,,,,,,,,,,,,,,,404 Client Error: Not Found for url: https://www.basketball-reference.com/boxscores/202502200BKN.html
202503240BKN,,,,,,,,,,,,,,,,,,,,,,,,,,,,,,,,,,,,,,,,,,,,,,,,,,,,,,,,,,,,,404 Client Error: Not Found for url: https://www.basketball-reference.com/boxscores/202503240BKN.html
202410290BKN,,,,,,,,,,,,,,,,,,,,,,,,,,,,,,,,,,,,,,,,,,,,,,,,,,,,,,,,,,,,,404 Client Error: Not Found for url: https://www.basketball-reference.com/boxscores/202410290BKN.html
202411030BKN,,,,,,,,,,,,,,,,,,,,,,,,,,,,,,,,,,,,,,,,,,,,,,,,,,,,,,,,,,,,,404 Client Error: Not Found for url: https://www.basketball-reference.com/boxscores/202411030BKN.html
202501080BKN,,,,,,,,,,,,,,,,,,,,,,,,,,,,,,,,,,,,,,,,,,,,,,,,,,,,,,,,,,,,,404 Client Error: Not Found for url: https://www.basketball-reference.com/boxscores/202501080BKN.html
202503060BKN,,,,,,,,,,,,,,,,,,,,,,,,,,,,,,,,,,,,,,,,,,,,,,,,,,,,,,,,,,,,,404 Client Error: Not Found for url: https://www.basketball-reference.com/boxscores/202503060BKN.html
202502040BKN,,,,,,,,,,,,,,,,,,,,,,,,,,,,,,,,,,,,,,,,,,,,,,,,,,,,,,,,,,,,,404 Client Error: Not Found for url: https://www.basketball-reference.com/boxscores/202502040BKN.html
202412040BKN,,,,,,,,,,,,,,,,,,,,,,,,,,,,,,,,,,,,,,,,,,,,,,,,,,,,,,,,,,,,,404 Client Error: Not Found for url: https://www.basketball-reference.com/boxscores/202412040BKN.html
202501060BKN,,,,,,,,,,,,,,,,,,,,,,,,,,,,,,,,,,,,,,,,,,,,,,,,,,,,,,,,,,,,,404 Client Error: Not Found for url: https://www.basketball-reference.com/boxscores/202501060BKN.html
202503280BKN,,,,,,,,,,,,,,,,,,,,,,,,,,,,,,,,,,,,,,,,,,,,,,,,,,,,,,,,,,,,,404 Client Error: Not Found for url: https://www.basketball-reference.com/boxscores/202503280BKN.html
202503100BKN,,,,,,,,,,,,,,,,,,,,,,,,,,,,,,,,,,,,,,,,,,,,,,,,,,,,,,,,,,,,,404 Client Error: Not Found for url: https://www.basketball-reference.com/boxscores/202503100BKN.html
202411040BKN,,,,,,,,,,,,,,,,,,,,,,,,,,,,,,,,,,,,,,,,,,,,,,,,,,,,,,,,,,,,,404 Client Error: Not Found for url: https://www.basketball-reference.com/boxscores/202411040BKN.html
202501250BKN,,,,,,,,,,,,,,,,,,,,,,,,,,,,,,,,,,,,,,,,,,,,,,,,,,,,,,,,,,,,,404 Client Error: Not Found for url: https://www.basketball-reference.com/boxscores/202501250BKN.html
202502070BKN,,,,,,,,,,,,,,,,,,,,,,,,,,,,,,,,,,,,,,,,,,,,,,,,,,,,,,,,,,,,,404 Client Error: Not Found for url: https://www.basketball-reference.com/boxscores/202502070BKN.html
202410270BKN,,,,,,,,,,,,,,,,,,,,,,,,,,,,,,,,,,,,,,,,,,,,,,,,,,,,,,,,,,,,,404 Client Error: Not Found for url: https://www.basketball-reference.com/boxscores/202410270BKN.html
202412080BKN,,,,,,,,,,,,,,,,,,,,,,,,,,,,,,,,,,,,,,,,,,,,,,,,,,,,,,,,,,,,,404 Client Error: Not Found for url: https://www.basketball-reference.com/boxscores/202412080BKN.html
202504030BKN,,,,,,,,,,,,,,,,,,,,,,,,,,,,,,,,,,,,,,,,,,,,,,,,,,,,,,,,,,,,,404 Client Error: Not Found for url: https://www.basketball-reference.com/boxscores/202504030BKN.html
202504080BKN,,,,,,,,,,,,,,,,,,,,,,,,,,,,,,,,,,,,,,,,,,,,,,,,,,,,,,,,,,,,,404 Client Error: Not Found for url: https://www.basketball-reference.com/boxscores/202504080BKN.html
202501210BKN,,,,,,,,,,,,,,,,,,,,,,,,,,,,,,,,,,,,,,,,,,,,,,,,,,,,,,,,,,,,,Failed after 5 attempts: https://www.basketball-reference.com/boxscores/202501210BKN.html
202504130BKN,,,,,,,,,,,,,,,,,,,,,,,,,,,,,,,,,,,,,,,,,,,,,,,,,,,,,,,,,,,,,Failed after 5 attempts: https://www.basketball-reference.com/boxscores/202504130BKN.html
202502260BKN,,,,,,,,,,,,,,,,,,,,,,,,,,,,,,,,,,,,,,,,,,,,,,,,,,,,,,,,,,,,,Failed after 5 attempts: https://www.basketball-reference.com/boxscores/202502260BKN.html
202411290BKN,,,,,,,,,,,,,,,,,,,,,,,,,,,,,,,,,,,,,,,,,,,,,,,,,,,,,,,,,,,,,Failed after 5 attempts: https://www.basketball-reference.com/boxscores/202411290BKN.html
202412010BKN,,,,,,,,,,,,,,,,,,,,,,,,,,,,,,,,,,,,,,,,,,,,,,,,,,,,,,,,,,,,,Failed after 5 attempts: https://www.basketball-reference.com/boxscores/202412010BKN.html
202501040BKN,,,,,,,,,,,,,,,,,,,,,,,,,,,,,,,,,,,,,,,,,,,,,,,,,,,,,,,,,,,,,Failed after 5 attempts: https://www.basketball-reference.com/boxscores/202501040BKN.html
202502120BKN,,,,,,,,,,,,,,,,,,,,,,,,,,,,,,,,,,,,,,,,,,,,,,,,,,,,,,,,,,,,,Failed after 5 attempts: https://www.basketball-reference.com/boxscores/202502120BKN.html
202501220BKN,,,,,,,,,,,,,,,,,,,,,,,,,,,,,,,,,,,,,,,,,,,,,,,,,,,,,,,,,,,,,Failed after 5 attempts: https://www.basketball-reference.com/boxscores/202501220BKN.html
202502280BKN,,,,,,,,,,,,,,,,,,,,,,,,,,,,,,,,,,,,,,,,,,,,,,,,,,,,,,,,,,,,,Failed after 5 attempts: https://www.basketball-reference.com/boxscores/202502280BKN.html
202501270BKN,,,,,,,,,,,,,,,,,,,,,,,,,,,,,,,,,,,,,,,,,,,,,,,,,,,,,,,,,,,,,Failed after 5 attempts: https://www.basketball-reference.com/boxscores/202501270BKN.html
202412270BKN,,,,,,,,,,,,,,,,,,,,,,,,,,,,,,,,,,,,,,,,,,,,,,,,,,,,,,,,,,,,,Failed after 5 attempts: https://www.basketball-reference.com/boxscores/202412270BKN.html
202503260BKN,,,,,,,,,,,,,,,,,,,,,,,,,,,,,,,,,,,,,,,,,,,,,,,,,,,,,,,,,,,,,Failed after 5 attempts: https://www.basketball-reference.com/boxscores/202503260BKN.html
202504060BKN,,,,,,,,,,,,,,,,,,,,,,,,,,,,,,,,,,,,,,,,,,,,,,,,,,,,,,,,,,,,,Failed after 5 attempts: https://www.basketball-reference.com/boxscores/202504060BKN.html
202412210BKN,,,,,,,,,,,,,,,,,,,,,,,,,,,,,,,,,,,,,,,,,,,,,,,,,,,,,,,,,,,,,Failed after 5 attempts: https://www.basketball-reference.com/boxscores/202412210BKN.html
202502050BKN,,,,,,,,,,,,,,,,,,,,,,,,,,,,,,,,,,,,,,,,,,,,,,,,,,,,,,,,,,,,,Failed after 5 attempts: https://www.basketball-reference.com/boxscores/202502050BKN.html
202411120BOS,,,,,,,,,,,,,,,,,,,,,,,,,,,,,,,,,,,,,,,,,,,,,,,,,,,,,,,,,,,,,Failed after 5 attempts: https://www.basketball-reference.com/boxscores/202411120BOS.html
202501180BOS,,,,,,,,,,,,,,,,,,,,,,,,,,,,,,,,,,,,,,,,,,,,,,,,,,,,,,,,,,,,,Failed after 5 attempts: https://www.basketball-reference.com/boxscores/202501180BOS.html
202411080BOS,,,,,,,,,,,,,,,,,,,,,,,,,,,,,,,,,,,,,,,,,,,,,,,,,,,,,,,,,,,,,Failed after 5 attempts: https://www.basketball-reference.com/boxscores/202411080BOS.html
202503180BOS,,,,,,,,,,,,,,,,,,,,,,,,,,,,,,,,,,,,,,,,,,,,,,,,,,,,,,,,,,,,,Failed after 5 attempts: https://www.basketball-reference.com/boxscores/202503180BOS.html
202412190BOS,,,,,,,,,,,,,,,,,,,,,,,,,,,,,,,,,,,,,,,,,,,,,,,,,,,,,,,,,,,,,Failed after 5 attempts: https://www.basketball-reference.com/boxscores/202412190BOS.html
202501290BOS,,,,,,,,,,,,,,,,,,,,,,,,,,,,,,,,,,,,,,,,,,,,,,,,,,,,,,,,,,,,,Failed after 5 attempts: https://www.basketball-reference.com/boxscores/202501290BOS.html
202504110BOS,,,,,,,,,,,,,,,,,,,,,,,,,,,,,,,,,,,,,,,,,,,,,,,,,,,,,,,,,,,,,Failed after 5 attempts: https://www.basketball-reference.com/boxscores/202504110BOS.html
202504130BOS,,,,,,,,,,,,,,,,,,,,,,,,,,,,,,,,,,,,,,,,,,,,,,,,,,,,,,,,,,,,,Failed after 5 attempts: https://www.basketball-reference.com/boxscores/202504130BOS.html
202411190BOS,,,,,,,,,,,,,,,,,,,,,,,,,,,,,,,,,,,,,,,,,,,,,,,,,,,,,,,,,,,,,Failed after 5 attempts: https://www.basketball-reference.com/boxscores/202411190BOS.html
202502280BOS,,,,,,,,,,,,,,,,,,,,,,,,,,,,,,,,,,,,,,,,,,,,,,,,,,,,,,,,,,,,,Failed after 5 attempts: https://www.basketball-reference.com/boxscores/202502280BOS.html
202502060BOS,,,,,,,,,,,,,,,,,,,,,,,,,,,,,,,,,,,,,,,,,,,,,,,,,,,,,,,,,,,,,Failed after 5 attempts: https://www.basketball-reference.com/boxscores/202502060BOS.html
202503020BOS,,,,,,,,,,,,,,,,,,,,,,,,,,,,,,,,,,,,,,,,,,,,,,,,,,,,,,,,,,,,,Failed after 5 attempts: https://www.basketball-reference.com/boxscores/202503020BOS.html
202412040BOS,,,,,,,,,,,,,,,,,,,,,,,,,,,,,,,,,,,,,,,,,,,,,,,,,,,,,,,,,,,,,Failed after 5 attempts: https://www.basketball-reference.com/boxscores/202412040BOS.html
202412120BOS,,,,,,,,,,,,,,,,,,,,,,,,,,,,,,,,,,,,,,,,,,,,,,,,,,,,,,,,,,,,,Failed after 5 attempts: https://www.basketball-reference.com/boxscores/202412120BOS.html
202411060BOS,,,,,,,,,,,,,,,,,,,,,,,,,,,,,,,,,,,,,,,,,,,,,,,,,,,,,,,,,,,,,Failed after 5 attempts: https://www.basketball-reference.com/boxscores/202411060BOS.html
202501270BOS,,,,,,,,,,,,,,,,,,,,,,,,,,,,,,,,,,,,,,,,,,,,,,,,,,,,,,,,,,,,,Failed after 5 attempts: https://www.basketball-reference.com/boxscores/202501270BOS.html
202412270BOS,,,,,,,,,,,,,,,,,,,,,,,,,,,,,,,,,,,,,,,,,,,,,,,,,,,,,,,,,,,,,Failed after 5 attempts: https://www.basketball-reference.com/boxscores/202412270BOS.html
202412290BOS,,,,,,,,,,,,,,,,,,,,,,,,,,,,,,,,,,,,,,,,,,,,,,,,,,,,,,,,,,,,,Failed after 5 attempts: https://www.basketball-reference.com/boxscores/202412290BOS.html
202411250BOS,,,,,,,,,,,,,,,,,,,,,,,,,,,,,,,,,,,,,,,,,,,,,,,,,,,,,,,,,,,,,Failed after 5 attempts: https://www.basketball-reference.com/boxscores/202411250BOS.html
202503080BOS,,,,,,,,,,,,,,,,,,,,,,,,,,,,,,,,,,,,,,,,,,,,,,,,,,,,,,,,,,,,,Failed after 5 attempts: https://www.basketball-reference.com/boxscores/202503080BOS.html
202412070BOS,,,,,,,,,,,,,,,,,,,,,,,,,,,,,,,,,,,,,,,,,,,,,,,,,,,,,,,,,,,,,Failed after 5 attempts: https://www.basketball-reference.com/boxscores/202412070BOS.html
202412020BOS,,,,,,,,,,,,,,,,,,,,,,,,,,,,,,,,,,,,,,,,,,,,,,,,,,,,,,,,,,,,,Failed after 5 attempts: https://www.basketball-reference.com/boxscores/202412020BOS.html
202504020BOS,,,,,,,,,,,,,,,,,,,,,,,,,,,,,,,,,,,,,,,,,,,,,,,,,,,,,,,,,,,,,Failed after 5 attempts: https://www.basketball-reference.com/boxscores/202504020BOS.html
202410280BOS,,,,,,,,,,,,,,,,,,,,,,,,,,,,,,,,,,,,,,,,,,,,,,,,,,,,,,,,,,,,,Failed after 5 attempts: https://www.basketball-reference.com/boxscores/202410280BOS.html
202412060BOS,,,,,,,,,,,,,,,,,,,,,,,,,,,,,,,,,,,,,,,,,,,,,,,,,,,,,,,,,,,,,Failed after 5 attempts: https://www.basketball-reference.com/boxscores/202412060BOS.html
202411240BOS,,,,,,,,,,,,,,,,,,,,,,,,,,,,,,,,,,,,,,,,,,,,,,,,,,,,,,,,,,,,,Failed after 5 attempts: https://www.basketball-reference.com/boxscores/202411240BOS.html
202501120BOS,,,,,,,,,,,,,,,,,,,,,,,,,,,,,,,,,,,,,,,,,,,,,,,,,,,,,,,,,,,,,Failed after 5 attempts: https://www.basketball-reference.com/boxscores/202501120BOS.html
202410220BOS,,,,,,,,,,,,,,,,,,,,,,,,,,,,,,,,,,,,,,,,,,,,,,,,,,,,,,,,,,,,,Failed after 5 attempts: https://www.basketball-reference.com/boxscores/202410220BOS.html
202502230BOS,,,,,,,,,,,,,,,,,,,,,,,,,,,,,,,,,,,,,,,,,,,,,,,,,,,,,,,,,,,,,Failed after 5 attempts: https://www.basketball-reference.com/boxscores/202502230BOS.html
202503120BOS,,,,,,,,,,,,,,,,,,,,,,,,,,,,,,,,,,,,,,,,,,,,,,,,,,,,,,,,,,,,,Failed after 5 attempts: https://www.basketball-reference.com/boxscores/202503120BOS.html
202501170BOS,,,,,,,,,,,,,,,,,,,,,,,,,,,,,,,,,,,,,,,,,,,,,,,,,,,,,,,,,,,,,Failed after 5 attempts: https://www.basketball-reference.com/boxscores/202501170BOS.html
202412250BOS,,,,,,,,,,,,,,,,,,,,,,,,,,,,,,,,,,,,,,,,,,,,,,,,,,,,,,,,,,,,,Failed after 5 attempts: https://www.basketball-reference.com/boxscores/202412250BOS.html
202503060BOS,,,,,,,,,,,,,,,,,,,,,,,,,,,,,,,,,,,,,,,,,,,,,,,,,,,,,,,,,,,,,Failed after 5 attempts: https://www.basketball-reference.com/boxscores/202503060BOS.html
202504040BOS,,,,,,,,,,,,,,,,,,,,,,,,,,,,,,,,,,,,,,,,,,,,,,,,,,,,,,,,,,,,,Failed after 5 attempts: https://www.basketball-reference.com/boxscores/202504040BOS.html
202503050BOS,,,,,,,,,,,,,,,,,,,,,,,,,,,,,,,,,,,,,,,,,,,,,,,,,,,,,,,,,,,,,Failed after 5 attempts: https://www.basketball-reference.com/boxscores/202503050BOS.html
202501100BOS,,,,,,,,,,,,,,,,,,,,,,,,,,,,,,,,,,,,,,,,,,,,,,,,,,,,,,,,,,,,,Failed after 5 attempts: https://www.basketball-reference.com/boxscores/202501100BOS.html
202502120BOS,,,,,,,,,,,,,,,,,,,,,,,,,,,,,,,,,,,,,,,,,,,,,,,,,,,,,,,,,,,,,Failed after 5 attempts: https://www.basketball-reference.com/boxscores/202502120BOS.html
202411160BOS,,,,,,,,,,,,,,,,,,,,,,,,,,,,,,,,,,,,,,,,,,,,,,,,,,,,,,,,,,,,,Failed after 5 attempts: https://www.basketball-reference.com/boxscores/202411160BOS.html
202412310BOS,,,,,,,,,,,,,,,,,,,,,,,,,,,,,,,,,,,,,,,,,,,,,,,,,,,,,,,,,,,,,Failed after 5 attempts: https://www.basketball-reference.com/boxscores/202412310BOS.html
202503100BOS,,,,,,,,,,,,,,,,,,,,,,,,,,,,,,,,,,,,,,,,,,,,,,,,,,,,,,,,,,,,,Failed after 5 attempts: https://www.basketball-reference.com/boxscores/202503100BOS.html
202504060BOS,,,,,,,,,,,,,,,,,,,,,,,,,,,,,,,,,,,,,,,,,,,,,,,,,,,,,,,,,,,,,Failed after 5 attempts: https://www.basketball-reference.com/boxscores/202504060BOS.html
202411220CHI,,,,,,,,,,,,,,,,,,,,,,,,,,,,,,,,,,,,,,,,,,,,,,,,,,,,,,,,,,,,,Failed after 5 attempts: https://www.basketball-reference.com/boxscores/202411220CHI.html
202501150CHI,,,,,,,,,,,,,,,,,,,,,,,,,,,,,,,,,,,,,,,,,,,,,,,,,,,,,,,,,,,,,Failed after 5 attempts: https://www.basketball-reference.com/boxscores/202501150CHI.html
202412020CHI,,,,,,,,,,,,,,,,,,,,,,,,,,,,,,,,,,,,,,,,,,,,,,,,,,,,,,,,,,,,,Failed after 5 attempts: https://www.basketball-reference.com/boxscores/202412020CHI.html
202503130CHI,,,,,,,,,,,,,,,,,,,,,,,,,,,,,,,,,,,,,,,,,,,,,,,,,,,,,,,,,,,,,Failed after 5 attempts: https://www.basketball-reference.com/boxscores/202503130CHI.html
202411290CHI,,,,,,,,,,,,,,,,,,,,,,,,,,,,,,,,,,,,,,,,,,,,,,,,,,,,,,,,,,,,,Failed after 5 attempts: https://www.basketball-reference.com/boxscores/202411290CHI.html
202412210CHI,,,,,,,,,,,,,,,,,,,,,,,,,,,,,,,,,,,,,,,,,,,,,,,,,,,,,,,,,,,,,Failed after 5 attempts: https://www.basketball-reference.com/boxscores/202412210CHI.html
202412130CHI,,,,,,,,,,,,,,,,,,,,,,,,,,,,,,,,,,,,,,,,,,,,,,,,,,,,,,,,,,,,,Failed after 5 attempts: https://www.basketball-reference.com/boxscores/202412130CHI.html
202501170CHI,,,,,,,,,,,,,,,,,,,,,,,,,,,,,,,,,,,,,,,,,,,,,,,,,,,,,,,,,,,,,Failed after 5 attempts: https://www.basketball-reference.com/boxscores/202501170CHI.html
202411110CHI,,,,,,,,,,,,,,,,,,,,,,,,,,,,,,,,,,,,,,,,,,,,,,,,,,,,,,,,,,,,,Failed after 5 attempts: https://www.basketball-reference.com/boxscores/202411110CHI.html
202503040CHI,,,,,,,,,,,,,,,,,,,,,,,,,,,,,,,,,,,,,,,,,,,,,,,,,,,,,,,,,,,,,Failed after 5 attempts: https://www.basketball-reference.com/boxscores/202503040CHI.html
202503290CHI,,,,,,,,,,,,,,,,,,,,,,,,,,,,,,,,,,,,,,,,,,,,,,,,,,,,,,,,,,,,,Failed after 5 attempts: https://www.basketball-reference.com/boxscores/202503290CHI.html
202501270CHI,,,,,,,,,,,,,,,,,,,,,,,,,,,,,,,,,,,,,,,,,,,,,,,,,,,,,,,,,,,,,Failed after 5 attempts: https://www.basketball-reference.com/boxscores/202501270CHI.html
202502110CHI,,,,,,,,,,,,,,,,,,,,,,,,,,,,,,,,,,,,,,,,,,,,,,,,,,,,,,,,,,,,,Failed after 5 attempts: https://www.basketball-reference.com/boxscores/202502110CHI.html
202502120CHI,,,,,,,,,,,,,,,,,,,,,,,,,,,,,,,,,,,,,,,,,,,,,,,,,,,,,,,,,,,,,Failed after 5 attempts: https://www.basketball-reference.com/boxscores/202502120CHI.html
202502080CHI,,,,,,,,,,,,,,,,,,,,,,,,,,,,,,,,,,,,,,,,,,,,,,,,,,,,,,,,,,,,,Failed after 5 attempts: https://www.basketball-reference.com/boxscores/202502080CHI.html
202411170CHI,,,,,,,,,,,,,,,,,,,,,,,,,,,,,,,,,,,,,,,,,,,,,,,,,,,,,,,,,,,,,Failed after 5 attempts: https://www.basketball-reference.com/boxscores/202411170CHI.html
202412060CHI,,,,,,,,,,,,,,,,,,,,,,,,,,,,,,,,,,,,,,,,,,,,,,,,,,,,,,,,,,,,,Failed after 5 attempts: https://www.basketball-reference.com/boxscores/202412060CHI.html
202503100CHI,,,,,,,,,,,,,,,,,,,,,,,,,,,,,,,,,,,,,,,,,,,,,,,,,,,,,,,,,,,,,Failed after 5 attempts: https://www.basketball-reference.com/boxscores/202503100CHI.html
202502260CHI,,,,,,,,,,,,,,,,,,,,,,,,,,,,,,,,,,,,,,,,,,,,,,,,,,,,,,,,,,,,,Failed after 5 attempts: https://www.basketball-reference.com/boxscores/202502260CHI.html
202503270CHI,,,,,,,,,,,,,,,,,,,,,,,,,,,,,,,,,,,,,,,,,,,,,,,,,,,,,,,,,,,,,Failed after 5 attempts: https://www.basketball-reference.com/boxscores/202503270CHI.html
202411230CHI,,,,,,,,,,,,,,,,,,,,,,,,,,,,,,,,,,,,,,,,,,,,,,,,,,,,,,,,,,,,,Failed after 5 attempts: https://www.basketball-reference.com/boxscores/202411230CHI.html
202502040CHI,,,,,,,,,,,,,,,,,,,,,,,,,,,,,,,,,,,,,,,,,,,,,,,,,,,,,,,,,,,,,Failed after 5 attempts: https://www.basketball-reference.com/boxscores/202502040CHI.html
202504090CHI,,,,,,,,,,,,,,,,,,,,,,,,,,,,,,,,,,,,,,,,,,,,,,,,,,,,,,,,,,,,,Failed after 5 attempts: https://www.basketball-reference.com/boxscores/202504090CHI.html
202412230CHI,,,,,,,,,,,,,,,,,,,,,,,,,,,,,,,,,,,,,,,,,,,,,,,,,,,,,,,,,,,,,Failed after 5 attempts: https://www.basketball-reference.com/boxscores/202412230CHI.html
202412280CHI,,,,,,,,,,,,,,,,,,,,,,,,,,,,,,,,,,,,,,,,,,,,,,,,,,,,,,,,,,,,,Failed after 5 attempts: https://www.basketball-reference.com/boxscores/202412280CHI.html
202411070CHI,,,,,,,,,,,,,,,,,,,,,,,,,,,,,,,,,,,,,,,,,,,,,,,,,,,,,,,,,,,,,Failed after 5 attempts: https://www.basketball-reference.com/boxscores/202411070CHI.html
202501140CHI,,,,,,,,,,,,,,,,,,,,,,,,,,,,,,,,,,,,,,,,,,,,,,,,,,,,,,,,,,,,,Failed after 5 attempts: https://www.basketball-reference.com/boxscores/202501140CHI.html
202501040CHI,,,,,,,,,,,,,,,,,,,,,,,,,,,,,,,,,,,,,,,,,,,,,,,,,,,,,,,,,,,,,Failed after 5 attempts: https://www.basketball-reference.com/boxscores/202501040CHI.html
202410260CHI,,,,,,,,,,,,,,,,,,,,,,,,,,,,,,,,,,,,,,,,,,,,,,,,,,,,,,,,,,,,,Failed after 5 attempts: https://www.basketball-reference.com/boxscores/202410260CHI.html
202410300CHI,,,,,,,,,,,,,,,,,,,,,,,,,,,,,,,,,,,,,,,,,,,,,,,,,,,,,,,,,,,,,Failed after 5 attempts: https://www.basketball-reference.com/boxscores/202410300CHI.html
202412080CHI,,,,,,,,,,,,,,,,,,,,,,,,,,,,,,,,,,,,,,,,,,,,,,,,,,,,,,,,,,,,,Failed after 5 attempts: https://www.basketball-reference.com/boxscores/202412080CHI.html
202501250CHI,,,,,,,,,,,,,,,,,,,,,,,,,,,,,,,,,,,,,,,,,,,,,,,,,,,,,,,,,,,,,Failed after 5 attempts: https://www.basketball-reference.com/boxscores/202501250CHI.html
202502220CHI,,,,,,,,,,,,,,,,,,,,,,,,,,,,,,,,,,,,,,,,,,,,,,,,,,,,,,,,,,,,,Failed after 5 attempts: https://www.basketball-reference.com/boxscores/202502220CHI.html
202504040CHI,,,,,,,,,,,,,,,,,,,,,,,,,,,,,,,,,,,,,,,,,,,,,,,,,,,,,,,,,,,,,Failed after 5 attempts: https://www.basketball-reference.com/boxscores/202504040CHI.html
202501120CHI,,,,,,,,,,,,,,,,,,,,,,,,,,,,,,,,,,,,,,,,,,,,,,,,,,,,,,,,,,,,,Failed after 5 attempts: https://www.basketball-reference.com/boxscores/202501120CHI.html
202501060CHI,,,,,,,,,,,,,,,,,,,,,,,,,,,,,,,,,,,,,,,,,,,,,,,,,,,,,,,,,,,,,Failed after 5 attempts: https://www.basketball-reference.com/boxscores/202501060CHI.html
202502280CHI,,,,,,,,,,,,,,,,,,,,,,,,,,,,,,,,,,,,,,,,,,,,,,,,,,,,,,,,,,,,,Failed after 5 attempts: https://www.basketball-reference.com/boxscores/202502280CHI.html
202504010CHI,,,,,,,,,,,,,,,,,,,,,,,,,,,,,,,,,,,,,,,,,,,,,,,,,,,,,,,,,,,,,Failed after 5 attempts: https://www.basketball-reference.com/boxscores/202504010CHI.html
202411040CHI,,,,,,,,,,,,,,,,,,,,,,,,,,,,,,,,,,,,,,,,,,,,,,,,,,,,,,,,,,,,,Failed after 5 attempts: https://www.basketball-reference.com/boxscores/202411040CHI.html
202501100CHI,,,,,,,,,,,,,,,,,,,,,,,,,,,,,,,,,,,,,,,,,,,,,,,,,,,,,,,,,,,,,Failed after 5 attempts: https://www.basketball-reference.com/boxscores/202501100CHI.html
202504110CHI,,,,,,,,,,,,,,,,,,,,,,,,,,,,,,,,,,,,,,,,,,,,,,,,,,,,,,,,,,,,,Failed after 5 attempts: https://www.basketball-reference.com/boxscores/202504110CHI.html
202411300CHO,,,,,,,,,,,,,,,,,,,,,,,,,,,,,,,,,,,,,,,,,,,,,,,,,,,,,,,,,,,,,Failed after 5 attempts: https://www.basketball-reference.com/boxscores/202411300CHO.html
202503180CHO,,,,,,,,,,,,,,,,,,,,,,,,,,,,,,,,,,,,,,,,,,,,,,,,,,,,,,,,,,,,,Failed after 5 attempts: https://www.basketball-reference.com/boxscores/202503180CHO.html
202501290CHO,,,,,,,,,,,,,,,,,,,,,,,,,,,,,,,,,,,,,,,,,,,,,,,,,,,,,,,,,,,,,Failed after 5 attempts: https://www.basketball-reference.com/boxscores/202501290CHO.html
202503080CHO,,,,,,,,,,,,,,,,,,,,,,,,,,,,,,,,,,,,,,,,,,,,,,,,,,,,,,,,,,,,,Failed after 5 attempts: https://www.basketball-reference.com/boxscores/202503080CHO.html
202411010CHO,,,,,,,,,,,,,,,,,,,,,,,,,,,,,,,,,,,,,,,,,,,,,,,,,,,,,,,,,,,,,Failed after 5 attempts: https://www.basketball-reference.com/boxscores/202411010CHO.html
202411020CHO,,,,,,,,,,,,,,,,,,,,,,,,,,,,,,,,,,,,,,,,,,,,,,,,,,,,,,,,,,,,,Failed after 5 attempts: https://www.basketball-reference.com/boxscores/202411020CHO.html
202412300CHO,,,,,,,,,,,,,,,,,,,,,,,,,,,,,,,,,,,,,,,,,,,,,,,,,,,,,,,,,,,,,Failed after 5 attempts: https://www.basketball-reference.com/boxscores/202412300CHO.html
202504060CHO,,,,,,,,,,,,,,,,,,,,,,,,,,,,,,,,,,,,,,,,,,,,,,,,,,,,,,,,,,,,,Failed after 5 attempts: https://www.basketball-reference.com/boxscores/202504060CHO.html
202412070CHO,,,,,,,,,,,,,,,,,,,,,,,,,,,,,,,,,,,,,,,,,,,,,,,,,,,,,,,,,,,,,Failed after 5 attempts: https://www.basketball-reference.com/boxscores/202412070CHO.html
202503070CHO,,,,,,,,,,,,,,,,,,,,,,,,,,,,,,,,,,,,,,,,,,,,,,,,,,,,,,,,,,,,,Failed after 5 attempts: https://www.basketball-reference.com/boxscores/202503070CHO.html
202501200CHO,,,,,,,,,,,,,,,,,,,,,,,,,,,,,,,,,,,,,,,,,,,,,,,,,,,,,,,,,,,,,Failed after 5 attempts: https://www.basketball-reference.com/boxscores/202501200CHO.html
202502010CHO,,,,,,,,,,,,,,,,,,,,,,,,,,,,,,,,,,,,,,,,,,,,,,,,,,,,,,,,,,,,,Failed after 5 attempts: https://www.basketball-reference.com/boxscores/202502010CHO.html
202411060CHO,,,,,,,,,,,,,,,,,,,,,,,,,,,,,,,,,,,,,,,,,,,,,,,,,,,,,,,,,,,,,Failed after 5 attempts: https://www.basketball-reference.com/boxscores/202411060CHO.html
202411210CHO,,,,,,,,,,,,,,,,,,,,,,,,,,,,,,,,,,,,,,,,,,,,,,,,,,,,,,,,,,,,,Failed after 5 attempts: https://www.basketball-reference.com/boxscores/202411210CHO.html
202503030CHO,,,,,,,,,,,,,,,,,,,,,,,,,,,,,,,,,,,,,,,,,,,,,,,,,,,,,,,,,,,,,Failed after 5 attempts: https://www.basketball-reference.com/boxscores/202503030CHO.html
202412230CHO,,,,,,,,,,,,,,,,,,,,,,,,,,,,,,,,,,,,,,,,,,,,,,,,,,,,,,,,,,,,,Failed after 5 attempts: https://www.basketball-reference.com/boxscores/202412230CHO.html
202411080CHO,,,,,,,,,,,,,,,,,,,,,,,,,,,,,,,,,,,,,,,,,,,,,,,,,,,,,,,,,,,,,Failed after 5 attempts: https://www.basketball-reference.com/boxscores/202411080CHO.html
202501310CHO,,,,,,,,,,,,,,,,,,,,,,,,,,,,,,,,,,,,,,,,,,,,,,,,,,,,,,,,,,,,,Failed after 5 attempts: https://www.basketball-reference.com/boxscores/202501310CHO.html
202501270CHO,,,,,,,,,,,,,,,,,,,,,,,,,,,,,,,,,,,,,,,,,,,,,,,,,,,,,,,,,,,,,Failed after 5 attempts: https://www.basketball-reference.com/boxscores/202501270CHO.html
202504080CHO,,,,,,,,,,,,,,,,,,,,,,,,,,,,,,,,,,,,,,,,,,,,,,,,,,,,,,,,,,,,,Failed after 5 attempts: https://www.basketball-reference.com/boxscores/202504080CHO.html
202410260CHO,,,,,,,,,,,,,,,,,,,,,,,,,,,,,,,,,,,,,,,,,,,,,,,,,,,,,,,,,,,,,Failed after 5 attempts: https://www.basketball-reference.com/boxscores/202410260CHO.html
202411270CHO,,,,,,,,,,,,,,,,,,,,,,,,,,,,,,,,,,,,,,,,,,,,,,,,,,,,,,,,,,,,,Failed after 5 attempts: https://www.basketball-reference.com/boxscores/202411270CHO.html
202411160CHO,,,,,,,,,,,,,,,,,,,,,,,,,,,,,,,,,,,,,,,,,,,,,,,,,,,,,,,,,,,,,Failed after 5 attempts: https://www.basketball-reference.com/boxscores/202411160CHO.html
202502050CHO,,,,,,,,,,,,,,,,,,,,,,,,,,,,,,,,,,,,,,,,,,,,,,,,,,,,,,,,,,,,,Failed after 5 attempts: https://www.basketball-reference.com/boxscores/202502050CHO.html
202503050CHO,,,,,,,,,,,,,,,,,,,,,,,,,,,,,,,,,,,,,,,,,,,,,,,,,,,,,,,,,,,,,Failed after 5 attempts: https://www.basketball-reference.com/boxscores/202503050CHO.html
202501250CHO,,,,,,,,,,,,,,,,,,,,,,,,,,,,,,,,,,,,,,,,,,,,,,,,,,,,,,,,,,,,,Failed after 5 attempts: https://www.basketball-reference.com/boxscores/202501250CHO.html
202411290CHO,,,,,,,,,,,,,,,,,,,,,,,,,,,,,,,,,,,,,,,,,,,,,,,,,,,,,,,,,,,,,Failed after 5 attempts: https://www.basketball-reference.com/boxscores/202411290CHO.html
202503200CHO,,,,,,,,,,,,,,,,,,,,,,,,,,,,,,,,,,,,,,,,,,,,,,,,,,,,,,,,,,,,,Failed after 5 attempts: https://www.basketball-reference.com/boxscores/202503200CHO.html
202412280CHO,,,,,,,,,,,,,,,,,,,,,,,,,,,,,,,,,,,,,,,,,,,,,,,,,,,,,,,,,,,,,Failed after 5 attempts: https://www.basketball-reference.com/boxscores/202412280CHO.html
202411250CHO,,,,,,,,,,,,,,,,,,,,,,,,,,,,,,,,,,,,,,,,,,,,,,,,,,,,,,,,,,,,,Failed after 5 attempts: https://www.basketball-reference.com/boxscores/202411250CHO.html
202503250CHO,,,,,,,,,,,,,,,,,,,,,,,,,,,,,,,,,,,,,,,,,,,,,,,,,,,,,,,,,,,,,Failed after 5 attempts: https://www.basketball-reference.com/boxscores/202503250CHO.html
202412030CHO,,,,,,,,,,,,,,,,,,,,,,,,,,,,,,,,,,,,,,,,,,,,,,,,,,,,,,,,,,,,,Failed after 5 attempts: https://www.basketball-reference.com/boxscores/202412030CHO.html
202412160CHO,,,,,,,,,,,,,,,,,,,,,,,,,,,,,,,,,,,,,,,,,,,,,,,,,,,,,,,,,,,,,Failed after 5 attempts: https://www.basketball-reference.com/boxscores/202412160CHO.html
202501070CHO,,,,,,,,,,,,,,,,,,,,,,,,,,,,,,,,,,,,,,,,,,,,,,,,,,,,,,,,,,,,,Failed after 5 attempts: https://www.basketball-reference.com/boxscores/202501070CHO.html
202501240CHO,,,,,,,,,,,,,,,,,,,,,,,,,,,,,,,,,,,,,,,,,,,,,,,,,,,,,,,,,,,,,Failed after 5 attempts: https://www.basketball-reference.com/boxscores/202501240CHO.html
202504040CHO,,,,,,,,,,,,,,,,,,,,,,,,,,,,,,,,,,,,,,,,,,,,,,,,,,,,,,,,,,,,,Failed after 5 attempts: https://www.basketball-reference.com/boxscores/202504040CHO.html
202502070CHO,,,,,,,,,,,,,,,,,,,,,,,,,,,,,,,,,,,,,,,,,,,,,,,,,,,,,,,,,,,,,Failed after 5 attempts: https://www.basketball-reference.com/boxscores/202502070CHO.html
202410300CHO,,,,,,,,,,,,,,,,,,,,,,,,,,,,,,,,,,,,,,,,,,,,,,,,,,,,,,,,,,,,,Failed after 5 attempts: https://www.basketball-reference.com/boxscores/202410300CHO.html
202503310CHO,,,,,,,,,,,,,,,,,,,,,,,,,,,,,,,,,,,,,,,,,,,,,,,,,,,,,,,,,,,,,Failed after 5 attempts: https://www.basketball-reference.com/boxscores/202503310CHO.html
202502030CHO,,,,,,,,,,,,,,,,,,,,,,,,,,,,,,,,,,,,,,,,,,,,,,,,,,,,,,,,,,,,,Failed after 5 attempts: https://www.basketball-reference.com/boxscores/202502030CHO.html
202503010CHO,,,,,,,,,,,,,,,,,,,,,,,,,,,,,,,,,,,,,,,,,,,,,,,,,,,,,,,,,,,,,Failed after 5 attempts: https://www.basketball-reference.com/boxscores/202503010CHO.html
202411270CLE,,,,,,,,,,,,,,,,,,,,,,,,,,,,,,,,,,,,,,,,,,,,,,,,,,,,,,,,,,,,,Failed after 5 attempts: https://www.basketball-reference.com/boxscores/202411270CLE.html
202501300CLE,,,,,,,,,,,,,,,,,,,,,,,,,,,,,,,,,,,,,,,,,,,,,,,,,,,,,,,,,,,,,Failed after 5 attempts: https://www.basketball-reference.com/boxscores/202501300CLE.html
202411090CLE,,,,,,,,,,,,,,,,,,,,,,,,,,,,,,,,,,,,,,,,,,,,,,,,,,,,,,,,,,,,,Failed after 5 attempts: https://www.basketball-reference.com/boxscores/202411090CLE.html
202503110CLE,,,,,,,,,,,,,,,,,,,,,,,,,,,,,,,,,,,,,,,,,,,,,,,,,,,,,,,,,,,,,Failed after 5 attempts: https://www.basketball-reference.com/boxscores/202503110CLE.html
202412010CLE,,,,,,,,,,,,,,,,,,,,,,,,,,,,,,,,,,,,,,,,,,,,,,,,,,,,,,,,,,,,,Failed after 5 attempts: https://www.basketball-reference.com/boxscores/202412010CLE.html
202502040CLE,,,,,,,,,,,,,,,,,,,,,,,,,,,,,,,,,,,,,,,,,,,,,,,,,,,,,,,,,,,,,Failed after 5 attempts: https://www.basketball-reference.com/boxscores/202502040CLE.html
202411150CLE,,,,,,,,,,,,,,,,,,,,,,,,,,,,,,,,,,,,,,,,,,,,,,,,,,,,,,,,,,,,,Failed after 5 attempts: https://www.basketball-reference.com/boxscores/202411150CLE.html
202504080CLE,,,,,,,,,,,,,,,,,,,,,,,,,,,,,,,,,,,,,,,,,,,,,,,,,,,,,,,,,,,,,Failed after 5 attempts: https://www.basketball-reference.com/boxscores/202504080CLE.html
202411170CLE,,,,,,,,,,,,,,,,,,,,,,,,,,,,,,,,,,,,,,,,,,,,,,,,,,,,,,,,,,,,,Failed after 5 attempts: https://www.basketball-reference.com/boxscores/202411170CLE.html
202501050CLE,,,,,,,,,,,,,,,,,,,,,,,,,,,,,,,,,,,,,,,,,,,,,,,,,,,,,,,,,,,,,Failed after 5 attempts: https://www.basketball-reference.com/boxscores/202501050CLE.html
202502020CLE,,,,,,,,,,,,,,,,,,,,,,,,,,,,,,,,,,,,,,,,,,,,,,,,,,,,,,,,,,,,,Failed after 5 attempts: https://www.basketball-reference.com/boxscores/202502020CLE.html
202412050CLE,,,,,,,,,,,,,,,,,,,,,,,,,,,,,,,,,,,,,,,,,,,,,,,,,,,,,,,,,,,,,Failed after 5 attempts: https://www.basketball-reference.com/boxscores/202412050CLE.html
202410250CLE,,,,,,,,,,,,,,,,,,,,,,,,,,,,,,,,,,,,,,,,,,,,,,,,,,,,,,,,,,,,,Failed after 5 attempts: https://www.basketball-reference.com/boxscores/202410250CLE.html
202501270CLE,,,,,,,,,,,,,,,,,,,,,,,,,,,,,,,,,,,,,,,,,,,,,,,,,,,,,,,,,,,,,Failed after 5 attempts: https://www.basketball-reference.com/boxscores/202501270CLE.html
202411080CLE,,,,,,,,,,,,,,,,,,,,,,,,,,,,,,,,,,,,,,,,,,,,,,,,,,,,,,,,,,,,,Failed after 5 attempts: https://www.basketball-reference.com/boxscores/202411080CLE.html
202501250CLE,,,,,,,,,,,,,,,,,,,,,,,,,,,,,,,,,,,,,,,,,,,,,,,,,,,,,,,,,,,,,Failed after 5 attempts: https://www.basketball-reference.com/boxscores/202501250CLE.html
202501120CLE,,,,,,,,,,,,,,,,,,,,,,,,,,,,,,,,,,,,,,,,,,,,,,,,,,,,,,,,,,,,,Failed after 5 attempts: https://www.basketball-reference.com/boxscores/202501120CLE.html
202504130CLE,,,,,,,,,,,,,,,,,,,,,,,,,,,,,,,,,,,,,,,,,,,,,,,,,,,,,,,,,,,,,Failed after 5 attempts: https://www.basketball-reference.com/boxscores/202504130CLE.html
202503300CLE,,,,,,,,,,,,,,,,,,,,,,,,,,,,,,,,,,,,,,,,,,,,,,,,,,,,,,,,,,,,,Failed after 5 attempts: https://www.basketball-reference.com/boxscores/202503300CLE.html
202410300CLE,,,,,,,,,,,,,,,,,,,,,,,,,,,,,,,,,,,,,,,,,,,,,,,,,,,,,,,,,,,,,Failed after 5 attempts: https://www.basketball-reference.com/boxscores/202410300CLE.html
202502230CLE,,,,,,,,,,,,,,,,,,,,,,,,,,,,,,,,,,,,,,,,,,,,,,,,,,,,,,,,,,,,,Failed after 5 attempts: https://www.basketball-reference.com/boxscores/202502230CLE.html
202503050CLE,,,,,,,,,,,,,,,,,,,,,,,,,,,,,,,,,,,,,,,,,,,,,,,,,,,,,,,,,,,,,Failed after 5 attempts: https://www.basketball-reference.com/boxscores/202503050CLE.html
202411040CLE,,,,,,,,,,,,,,,,,,,,,,,,,,,,,,,,,,,,,,,,,,,,,,,,,,,,,,,,,,,,,Failed after 5 attempts: https://www.basketball-reference.com/boxscores/202411040CLE.html
202412200CLE,,,,,,,,,,,,,,,,,,,,,,,,,,,,,,,,,,,,,,,,,,,,,,,,,,,,,,,,,,,,,Failed after 5 attempts: https://www.basketball-reference.com/boxscores/202412200CLE.html
202502100CLE,,,,,,,,,,,,,,,,,,,,,,,,,,,,,,,,,,,,,,,,,,,,,,,,,,,,,,,,,,,,,Failed after 5 attempts: https://www.basketball-reference.com/boxscores/202502100CLE.html
202411200CLE,,,,,,,,,,,,,,,,,,,,,,,,,,,,,,,,,,,,,,,,,,,,,,,,,,,,,,,,,,,,,Failed after 5 attempts: https://www.basketball-reference.com/boxscores/202411200CLE.html
202502210CLE,,,,,,,,,,,,,,,,,,,,,,,,,,,,,,,,,,,,,,,,,,,,,,,,,,,,,,,,,,,,,Failed after 5 attempts: https://www.basketball-reference.com/boxscores/202502210CLE.html
202504020CLE,,,,,,,,,,,,,,,,,,,,,,,,,,,,,,,,,,,,,,,,,,,,,,,,,,,,,,,,,,,,,Failed after 5 attempts: https://www.basketball-reference.com/boxscores/202504020CLE.html
202501080CLE,,,,,,,,,,,,,,,,,,,,,,,,,,,,,,,,,,,,,,,,,,,,,,,,,,,,,,,,,,,,,Failed after 5 attempts: https://www.basketball-reference.com/boxscores/202501080CLE.html
202411010CLE,,,,,,,,,,,,,,,,,,,,,,,,,,,,,,,,,,,,,,,,,,,,,,,,,,,,,,,,,,,,,Failed after 5 attempts: https://www.basketball-reference.com/boxscores/202411010CLE.html
202503160CLE,,,,,,,,,,,,,,,,,,,,,,,,,,,,,,,,,,,,,,,,,,,,,,,,,,,,,,,,,,,,,Failed after 5 attempts: https://www.basketball-reference.com/boxscores/202503160CLE.html
202412210CLE,,,,,,,,,,,,,,,,,,,,,,,,,,,,,,,,,,,,,,,,,,,,,,,,,,,,,,,,,,,,,Failed after 5 attempts: https://www.basketball-reference.com/boxscores/202412210CLE.html
202501200CLE,,,,,,,,,,,,,,,,,,,,,,,,,,,,,,,,,,,,,,,,,,,,,,,,,,,,,,,,,,,,,Failed after 5 attempts: https://www.basketball-reference.com/boxscores/202501200CLE.html
202503020CLE,,,,,,,,,,,,,,,,,,,,,,,,,,,,,,,,,,,,,,,,,,,,,,,,,,,,,,,,,,,,,Failed after 5 attempts: https://www.basketball-reference.com/boxscores/202503020CLE.html
202504060CLE,,,,,,,,,,,,,,,,,,,,,,,,,,,,,,,,,,,,,,,,,,,,,,,,,,,,,,,,,,,,,Failed after 5 attempts: https://www.basketball-reference.com/boxscores/202504060CLE.html
202503270CLE,,,,,,,,,,,,,,,,,,,,,,,,,,,,,,,,,,,,,,,,,,,,,,,,,,,,,,,,,,,,,Failed after 5 attempts: https://www.basketball-reference.com/boxscores/202503270CLE.html
202411240CLE,,,,,,,,,,,,,,,,,,,,,,,,,,,,,,,,,,,,,,,,,,,,,,,,,,,,,,,,,,,,,Failed after 5 attempts: https://www.basketball-reference.com/boxscores/202411240CLE.html
202501090CLE,,,,,,,,,,,,,,,,,,,,,,,,,,,,,,,,,,,,,,,,,,,,,,,,,,,,,,,,,,,,,Failed after 5 attempts: https://www.basketball-reference.com/boxscores/202501090CLE.html
202412230CLE,,,,,,,,,,,,,,,,,,,,,,,,,,,,,,,,,,,,,,,,,,,,,,,,,,,,,,,,,,,,,Failed after 5 attempts: https://www.basketball-reference.com/boxscores/202412230CLE.html
202412030CLE,,,,,,,,,,,,,,,,,,,,,,,,,,,,,,,,,,,,,,,,,,,,,,,,,,,,,,,,,,,,,Failed after 5 attempts: https://www.basketball-reference.com/boxscores/202412030CLE.html
202412130CLE,,,,,,,,,,,,,,,,,,,,,,,,,,,,,,,,,,,,,,,,,,,,,,,,,,,,,,,,,,,,,Failed after 5 attempts: https://www.basketball-reference.com/boxscores/202412130CLE.html
202504020DAL,,,,,,,,,,,,,,,,,,,,,,,,,,,,,,,,,,,,,,,,,,,,,,,,,,,,,,,,,,,,,Failed after 5 attempts: https://www.basketball-reference.com/boxscores/202504020DAL.html
202503310DAL,,,,,,,,,,,,,,,,,,,,,,,,,,,,,,,,,,,,,,,,,,,,,,,,,,,,,,,,,,,,,Failed after 5 attempts: https://www.basketball-reference.com/boxscores/202503310DAL.html
202501250DAL,,,,,,,,,,,,,,,,,,,,,,,,,,,,,,,,,,,,,,,,,,,,,,,,,,,,,,,,,,,,,Failed after 5 attempts: https://www.basketball-reference.com/boxscores/202501250DAL.html
202411060DAL,,,,,,,,,,,,,,,,,,,,,,,,,,,,,,,,,,,,,,,,,,,,,,,,,,,,,,,,,,,,,Failed after 5 attempts: https://www.basketball-reference.com/boxscores/202411060DAL.html
202502270DAL,,,,,,,,,,,,,,,,,,,,,,,,,,,,,,,,,,,,,,,,,,,,,,,,,,,,,,,,,,,,,Failed after 5 attempts: https://www.basketball-reference.com/boxscores/202502270DAL.html
202501030DAL,,,,,,,,,,,,,,,,,,,,,,,,,,,,,,,,,,,,,,,,,,,,,,,,,,,,,,,,,,,,,Failed after 5 attempts: https://www.basketball-reference.com/boxscores/202501030DAL.html
202501120DAL,,,,,,,,,,,,,/users/cooperfoster/desktop/hoops/box_scores/202501120DAL_DAL_basic.csv,/users/cooperfoster/desktop/hoops/box_scores/202501120DAL_DAL_advance.csv,/users/cooperfoster/desktop/hoops/box_scores/202501120DAL_DEN_basic.csv,/users/cooperfoster/desktop/hoops/box_scores/202501120DAL_DEN_advance.csv,,,,,,,,,,,,,,,,,,,,,,,,,,,,,,,,,,,,,,,,,,,,,
202501140DAL,,,,,,,,,,,,,/users/cooperfoster/desktop/hoops/box_scores/202501140DAL_DAL_basic.csv,/users/cooperfoster/desktop/hoops/box_scores/202501140DAL_DAL_advance.csv,/users/cooperfoster/desktop/hoops/box_scores/202501140DAL_DEN_basic.csv,/users/cooperfoster/desktop/hoops/box_scores/202501140DAL_DEN_advance.csv,,,,,,,,,,,,,,,,,,,,,,,,,,,,,,,,,,,,,,,,,,,,,
202503210DAL,,,,,,,,,,,,,/users/cooperfoster/desktop/hoops/box_scores/202503210DAL_DAL_basic.csv,/users/cooperfoster/desktop/hoops/box_scores/202503210DAL_DAL_advance.csv,,,/users/cooperfoster/desktop/hoops/box_scores/202503210DAL_DET_basic.csv,/users/cooperfoster/desktop/hoops/box_scores/202503210DAL_DET_advance.csv,,,,,,,,,,,,,,,,,,,,,,,,,,,,,,,,,,,,,,,,,,,
202502120DAL,,,,,,,,,,,,,/users/cooperfoster/desktop/hoops/box_scores/202502120DAL_DAL_basic.csv,/users/cooperfoster/desktop/hoops/box_scores/202502120DAL_DAL_advance.csv,,,,,/users/cooperfoster/desktop/hoops/box_scores/202502120DAL_GSW_basic.csv,/users/cooperfoster/desktop/hoops/box_scores/202502120DAL_GSW_advance.csv,,,,,,,,,,,,,,,,,,,,,,,,,,,,,,,,,,,,,,,,,
202410310DAL,,,,,,,,,,,,,/users/cooperfoster/desktop/hoops/box_scores/202410310DAL_DAL_basic.csv,/users/cooperfoster/desktop/hoops/box_scores/202410310DAL_DAL_advance.csv,,,,,,,/users/cooperfoster/desktop/hoops/box_scores/202410310DAL_HOU_basic.csv,/users/cooperfoster/desktop/hoops/box_scores/202410310DAL_HOU_advance.csv,,,,,,,,,,,,,,,,,,,,,,,,,,,,,,,,,,,,,,,
202502080DAL,,,,,,,,,,,,,/users/cooperfoster/desktop/hoops/box_scores/202502080DAL_DAL_basic.csv,/users/cooperfoster/desktop/hoops/box_scores/202502080DAL_DAL_advance.csv,,,,,,,/users/cooperfoster/desktop/hoops/box_scores/202502080DAL_HOU_basic.csv,/users/cooperfoster/desktop/hoops/box_scores/202502080DAL_HOU_advance.csv,,,,,,,,,,,,,,,,,,,,,,,,,,,,,,,,,,,,,,,
202411040DAL,,,,,,,,,,,,,/users/cooperfoster/desktop/hoops/box_scores/202411040DAL_DAL_basic.csv,/users/cooperfoster/desktop/hoops/box_scores/202411040DAL_DAL_advance.csv,,,,,,,,,/users/cooperfoster/desktop/hoops/box_scores/202411040DAL_IND_basic.csv,/users/cooperfoster/desktop/hoops/box_scores/202411040DAL_IND_advance.csv,,,,,,,,,,,,,,,,,,,,,,,,,,,,,,,,,,,,,
202412190DAL,,,,,,,,,,,,,/users/cooperfoster/desktop/hoops/box_scores/202412190DAL_DAL_basic.csv,/users/cooperfoster/desktop/hoops/box_scores/202412190DAL_DAL_advance.csv,,,,,,,,,,,/users/cooperfoster/desktop/hoops/box_scores/202412190DAL_LAC_basic.csv,/users/cooperfoster/desktop/hoops/box_scores/202412190DAL_LAC_advance.csv,,,,,,,,,,,,,,,,,,,,,,,,,,,,,,,,,,,
202412210DAL,,,,,,,,,,,,,/users/cooperfoster/desktop/hoops/box_scores/202412210DAL_DAL_basic.csv,/users/cooperfoster/desktop/hoops/box_scores/202412210DAL_DAL_advance.csv,,,,,,,,,,,/users/cooperfoster/desktop/hoops/box_scores/202412210DAL_LAC_basic.csv,/users/cooperfoster/desktop/hoops/box_scores/202412210DAL_LAC_advance.csv,,,,,,,,,,,,,,,,,,,,,,,,,,,,,,,,,,,
202501070DAL,,,,,,,,,,,,,/users/cooperfoster/desktop/hoops/box_scores/202501070DAL_DAL_basic.csv,/users/cooperfoster/desktop/hoops/box_scores/202501070DAL_DAL_advance.csv,,,,,,,,,,,,,/users/cooperfoster/desktop/hoops/box_scores/202501070DAL_LAL_basic.csv,/users/cooperfoster/desktop/hoops/box_scores/202501070DAL_LAL_advance.csv,,,,,,,,,,,,,,,,,,,,,,,,,,,,,,,,,
202504090DAL,,,,,,,,,,,,,/users/cooperfoster/desktop/hoops/box_scores/202504090DAL_DAL_basic.csv,/users/cooperfoster/desktop/hoops/box_scores/202504090DAL_DAL_advance.csv,,,,,,,,,,,,,/users/cooperfoster/desktop/hoops/box_scores/202504090DAL_LAL_basic.csv,/users/cooperfoster/desktop/hoops/box_scores/202504090DAL_LAL_advance.csv,,,,,,,,,,,,,,,,,,,,,,,,,,,,,,,,,
202412030DAL,,,,,,,,,,,,,/users/cooperfoster/desktop/hoops/box_scores/202412030DAL_DAL_basic.csv,/users/cooperfoster/desktop/hoops/box_scores/202412030DAL_DAL_advance.csv,,,,,,,,,,,,,,,/users/cooperfoster/desktop/hoops/box_scores/202412030DAL_MEM_basic.csv,/users/cooperfoster/desktop/hoops/box_scores/202412030DAL_MEM_advance.csv,,,,,,,,,,,,,,,,,,,,,,,,,,,,,,,
202503070DAL,,,,,,,,,,,,,/users/cooperfoster/desktop/hoops/box_scores/202503070DAL_DAL_basic.csv,/users/cooperfoster/desktop/hoops/box_scores/202503070DAL_DAL_advance.csv,,,,,,,,,,,,,,,/users/cooperfoster/desktop/hoops/box_scores/202503070DAL_MEM_basic.csv,/users/cooperfoster/desktop/hoops/box_scores/202503070DAL_MEM_advance.csv,,,,,,,,,,,,,,,,,,,,,,,,,,,,,,,
202502130DAL,,,,,,,,,,,,,/users/cooperfoster/desktop/hoops/box_scores/202502130DAL_DAL_basic.csv,/users/cooperfoster/desktop/hoops/box_scores/202502130DAL_DAL_advance.csv,,,,,,,,,,,,,,,,,/users/cooperfoster/desktop/hoops/box_scores/202502130DAL_MIA_basic.csv,/users/cooperfoster/desktop/hoops/box_scores/202502130DAL_MIA_advance.csv,,,,,,,,,,,,,,,,,,,,,,,,,,,,,
202503010DAL,,,,,,,,,,,,,/users/cooperfoster/desktop/hoops/box_scores/202503010DAL_DAL_basic.csv,/users/cooperfoster/desktop/hoops/box_scores/202503010DAL_DAL_advance.csv,,,,,,,,,,,,,,,,,,,/users/cooperfoster/desktop/hoops/box_scores/202503010DAL_MIL_basic.csv,/users/cooperfoster/desktop/hoops/box_scores/202503010DAL_MIL_advance.csv,,,,,,,,,,,,,,,,,,,,,,,,,,,
202412250DAL,,,,,,,,,,,,,/users/cooperfoster/desktop/hoops/box_scores/202412250DAL_DAL_basic.csv,/users/cooperfoster/desktop/hoops/box_scores/202412250DAL_DAL_advance.csv,,,,,,,,,,,,,,,,,,,,,/users/cooperfoster/desktop/hoops/box_scores/202412250DAL_MIN_basic.csv,/users/cooperfoster/desktop/hoops/box_scores/202412250DAL_MIN_advance.csv,,,,,,,,,,,,,,,,,,,,,,,,,
202501220DAL,,,,,,,,,,,,,/users/cooperfoster/desktop/hoops/box_scores/202501220DAL_DAL_basic.csv,/users/cooperfoster/desktop/hoops/box_scores/202501220DAL_DAL_advance.csv,,,,,,,,,,,,,,,,,,,,,/users/cooperfoster/desktop/hoops/box_scores/202501220DAL_MIN_basic.csv,/users/cooperfoster/desktop/hoops/box_scores/202501220DAL_MIN_advance.csv,,,,,,,,,,,,,,,,,,,,,,,,,
202411190DAL,,,,,,,,,,,,,/users/cooperfoster/desktop/hoops/box_scores/202411190DAL_DAL_basic.csv,/users/cooperfoster/desktop/hoops/box_scores/202411190DAL_DAL_advance.csv,,,,,,,,,,,,,,,,,,,,,,,/users/cooperfoster/desktop/hoops/box_scores/202411190DAL_NOP_basic.csv,/users/cooperfoster/desktop/hoops/box_scores/202411190DAL_NOP_advance.csv,,,,,,,,,,,,,,,,,,,,,,,
202502210DAL,,,,,,,,,,,,,/users/cooperfoster/desktop/hoops/box_scores/202502210DAL_DAL_basic.csv,/users/cooperfoster/desktop/hoops/box_scores/202502210DAL_DAL_advance.csv,,,,,,,,,,,,,,,,,,,,,,,/users/cooperfoster/desktop/hoops/box_scores/202502210DAL_NOP_basic.csv,/users/cooperfoster/desktop/hoops/box_scores/202502210DAL_NOP_advance.csv,,,,,,,,,,,,,,,,,,,,,,,
202411270DAL,,,,,,,,,,,,,/users/cooperfoster/desktop/hoops/box_scores/202411270DAL_DAL_basic.csv,/users/cooperfoster/desktop/hoops/box_scores/202411270DAL_DAL_advance.csv,,,,,,,,,,,,,,,,,,,,,,,,,/users/cooperfoster/desktop/hoops/box_scores/202411270DAL_NYK_basic.csv,/users/cooperfoster/desktop/hoops/box_scores/202411270DAL_NYK_advance.csv,,,,,,,,,,,,,,,,,,,,,
202501170DAL,,,,,,,,,,,,,/users/cooperfoster/desktop/hoops/box_scores/202501170DAL_DAL_basic.csv,/users/cooperfoster/desktop/hoops/box_scores/202501170DAL_DAL_advance.csv,,,,,,,,,,,,,,,,,,,,,,,,,,,/users/cooperfoster/desktop/hoops/box_scores/202501170DAL_OKC_basic.csv,/users/cooperfoster/desktop/hoops/box_scores/202501170DAL_OKC_advance.csv,,,,,,,,,,,,,,,,,,,
202411030DAL,,,,,,,,,,,,,/users/cooperfoster/desktop/hoops/box_scores/202411030DAL_DAL_basic.csv,/users/cooperfoster/desktop/hoops/box_scores/202411030DAL_DAL_advance.csv,,,,,,,,,,,,,,,,,,,,,,,,,,,,,/users/cooperfoster/desktop/hoops/box_scores/202411030DAL_ORL_basic.csv,/users/cooperfoster/desktop/hoops/box_scores/202411030DAL_ORL_advance.csv,,,,,,,,,,,,,,,,,
202503160DAL,,,,,,,,,,,,,/users/cooperfoster/desktop/hoops/box_scores/202503160DAL_DAL_basic.csv,/users/cooperfoster/desktop/hoops/box_scores/202503160DAL_DAL_advance.csv,,,,,,,,,,,,,,,,,,,,,,,,,,,,,,,/users/cooperfoster/desktop/hoops/box_scores/202503160DAL_PHI_basic.csv,/users/cooperfoster/desktop/hoops/box_scores/202503160DAL_PHI_advance.csv,,,,,,,,,,,,,,,
202411080DAL,,,,,,,,,,,,,/users/cooperfoster/desktop/hoops/box_scores/202411080DAL_DAL_basic.csv,/users/cooperfoster/desktop/hoops/box_scores/202411080DAL_DAL_advance.csv,,,,,,,,,,,,,,,,,,,,,,,,,,,,,,,,,/users/cooperfoster/desktop/hoops/box_scores/202411080DAL_PHO_basic.csv,/users/cooperfoster/desktop/hoops/box_scores/202411080DAL_PHO_advance.csv,,,,,,,,,,,,,
202503090DAL,,,,,,,,,,,,,/users/cooperfoster/desktop/hoops/box_scores/202503090DAL_DAL_basic.csv,/users/cooperfoster/desktop/hoops/box_scores/202503090DAL_DAL_advance.csv,,,,,,,,,,,,,,,,,,,,,,,,,,,,,,,,,/users/cooperfoster/desktop/hoops/box_scores/202503090DAL_PHO_basic.csv,/users/cooperfoster/desktop/hoops/box_scores/202503090DAL_PHO_advance.csv,,,,,,,,,,,,,
202412230DAL,,,,,,,,,,,,,/users/cooperfoster/desktop/hoops/box_scores/202412230DAL_DAL_basic.csv,/users/cooperfoster/desktop/hoops/box_scores/202412230DAL_DAL_advance.csv,,,,,,,,,,,,,,,,,,,,,,,,,,,,,,,,,,,/users/cooperfoster/desktop/hoops/box_scores/202412230DAL_POR_basic.csv,/users/cooperfoster/desktop/hoops/box_scores/202412230DAL_POR_advance.csv,,,,,,,,,,,
202501090DAL,,,,,,,,,,,,,/users/cooperfoster/desktop/hoops/box_scores/202501090DAL_DAL_basic.csv,/users/cooperfoster/desktop/hoops/box_scores/202501090DAL_DAL_advance.csv,,,,,,,,,,,,,,,,,,,,,,,,,,,,,,,,,,,/users/cooperfoster/desktop/hoops/box_scores/202501090DAL_POR_basic.csv,/users/cooperfoster/desktop/hoops/box_scores/202501090DAL_POR_advance.csv,,,,,,,,,,,
202502100DAL,,,,,,,,,,,,,/users/cooperfoster/desktop/hoops/box_scores/202502100DAL_DAL_basic.csv,/users/cooperfoster/desktop/hoops/box_scores/202502100DAL_DAL_advance.csv,,,,,,,,,,,,,,,,,,,,,,,,,,,,,,,,,,,,,/users/cooperfoster/desktop/hoops/box_scores/202502100DAL_SAC_basic.csv,/users/cooperfoster/desktop/hoops/box_scores/202502100DAL_SAC_advance.csv,,,,,,,,,
202503030DAL,,,,,,,,,,,,,/users/cooperfoster/desktop/hoops/box_scores/202503030DAL_DAL_basic.csv,/users/cooperfoster/desktop/hoops/box_scores/202503030DAL_DAL_advance.csv,,,,,,,,,,,,,,,,,,,,,,,,,,,,,,,,,,,,,/users/cooperfoster/desktop/hoops/box_scores/202503030DAL_SAC_basic.csv,/users/cooperfoster/desktop/hoops/box_scores/202503030DAL_SAC_advance.csv,,,,,,,,,
202410240DAL,,,,,,,,,,,,,/users/cooperfoster/desktop/hoops/box_scores/202410240DAL_DAL_basic.csv,/users/cooperfoster/desktop/hoops/box_scores/202410240DAL_DAL_advance.csv,,,,,,,,,,,,,,,,,,,,,,,,,,,,,,,,,,,,,,,/users/cooperfoster/desktop/hoops/box_scores/202410240DAL_SAS_basic.csv,/users/cooperfoster/desktop/hoops/box_scores/202410240DAL_SAS_advance.csv,,,,,,,
202411160DAL,,,,,,,,,,,,,/users/cooperfoster/desktop/hoops/box_scores/202411160DAL_DAL_basic.csv,/users/cooperfoster/desktop/hoops/box_scores/202411160DAL_DAL_advance.csv,,,,,,,,,,,,,,,,,,,,,,,,,,,,,,,,,,,,,,,/users/cooperfoster/desktop/hoops/box_scores/202411160DAL_SAS_basic.csv,/users/cooperfoster/desktop/hoops/box_scores/202411160DAL_SAS_advance.csv,,,,,,,
202504110DAL,,,,,,,,,,,,,/users/cooperfoster/desktop/hoops/box_scores/202504110DAL_DAL_basic.csv,/users/cooperfoster/desktop/hoops/box_scores/202504110DAL_DAL_advance.csv,,,,,,,,,,,,,,,,,,,,,,,,,,,,,,,,,,,,,,,,,/users/cooperfoster/desktop/hoops/box_scores/202504110DAL_TOR_basic.csv,/users/cooperfoster/desktop/hoops/box_scores/202504110DAL_TOR_advance.csv,,,,,
202410280DAL,,,,,,,,,,,,,/users/cooperfoster/desktop/hoops/box_scores/202410280DAL_DAL_basic.csv,/users/cooperfoster/desktop/hoops/box_scores/202410280DAL_DAL_advance.csv,,,,,,,,,,,,,,,,,,,,,,,,,,,,,,,,,,,,,,,,,,,/users/cooperfoster/desktop/hoops/box_scores/202410280DAL_UTA_basic.csv,/users/cooperfoster/desktop/hoops/box_scores/202410280DAL_UTA_advance.csv,,,
202501270DAL,,,,,,,,,,,,,/users/cooperfoster/desktop/hoops/box_scores/202501270DAL_DAL_basic.csv,/users/cooperfoster/desktop/hoops/box_scores/202501270DAL_DAL_advance.csv,,,,,,,,,,,,,,,,,,,,,,,,,,,,,,,,,,,,,,,,,,,,,/users/cooperfoster/desktop/hoops/box_scores/202501270DAL_WAS_basic.csv,/users/cooperfoster/desktop/hoops/box_scores/202501270DAL_WAS_advance.csv,
202501010DEN,/users/cooperfoster/desktop/hoops/box_scores/202501010DEN_ATL_basic.csv,/users/cooperfoster/desktop/hoops/box_scores/202501010DEN_ATL_advance.csv,,,,,,,,,,,,,/users/cooperfoster/desktop/hoops/box_scores/202501010DEN_DEN_basic.csv,/users/cooperfoster/desktop/hoops/box_scores/202501010DEN_DEN_advance.csv,,,,,,,,,,,,,,,,,,,,,,,,,,,,,,,,,,,,,,,,,,,,,
202501100DEN,,,/users/cooperfoster/desktop/hoops/box_scores/202501100DEN_BRK_basic.csv,/users/cooperfoster/desktop/hoops/box_scores/202501100DEN_BRK_advance.csv,,,,,,,,,,,/users/cooperfoster/desktop/hoops/box_scores/202501100DEN_DEN_basic.csv,/users/cooperfoster/desktop/hoops/box_scores/202501100DEN_DEN_advance.csv,,,,,,,,,,,,,,,,,,,,,,,,,,,,,,,,,,,,,,,,,,,,,
202501070DEN,,,,,/users/cooperfoster/desktop/hoops/box_scores/202501070DEN_BOS_basic.csv,/users/cooperfoster/desktop/hoops/box_scores/202501070DEN_BOS_advance.csv,,,,,,,,,/users/cooperfoster/desktop/hoops/box_scores/202501070DEN_DEN_basic.csv,/users/cooperfoster/desktop/hoops/box_scores/202501070DEN_DEN_advance.csv,,,,,,,,,,,,,,,,,,,,,,,,,,,,,,,,,,,,,,,,,,,,,
202503240DEN,,,,,,,/users/cooperfoster/desktop/hoops/box_scores/202503240DEN_CHI_basic.csv,/users/cooperfoster/desktop/hoops/box_scores/202503240DEN_CHI_advance.csv,,,,,,,/users/cooperfoster/desktop/hoops/box_scores/202503240DEN_DEN_basic.csv,/users/cooperfoster/desktop/hoops/box_scores/202503240DEN_DEN_advance.csv,,,,,,,,,,,,,,,,,,,,,,,,,,,,,,,,,,,,,,,,,,,,,
202502200DEN,,,,,,,,,/users/cooperfoster/desktop/hoops/box_scores/202502200DEN_CHO_basic.csv,/users/cooperfoster/desktop/hoops/box_scores/202502200DEN_CHO_advance.csv,,,,,/users/cooperfoster/desktop/hoops/box_scores/202502200DEN_DEN_basic.csv,/users/cooperfoster/desktop/hoops/box_scores/202502200DEN_DEN_advance.csv,,,,,,,,,,,,,,,,,,,,,,,,,,,,,,,,,,,,,,,,,,,,,
202412270DEN,,,,,,,,,,,/users/cooperfoster/desktop/hoops/box_scores/202412270DEN_CLE_basic.csv,/users/cooperfoster/desktop/hoops/box_scores/202412270DEN_CLE_advance.csv,,,/users/cooperfoster/desktop/hoops/box_scores/202412270DEN_DEN_basic.csv,/users/cooperfoster/desktop/hoops/box_scores/202412270DEN_DEN_advance.csv,,,,,,,,,,,,,,,,,,,,,,,,,,,,,,,,,,,,,,,,,,,,,
202411100DEN,,,,,,,,,,,,,/users/cooperfoster/desktop/hoops/box_scores/202411100DEN_DAL_basic.csv,/users/cooperfoster/desktop/hoops/box_scores/202411100DEN_DAL_advance.csv,/users/cooperfoster/desktop/hoops/box_scores/202411100DEN_DEN_basic.csv,/users/cooperfoster/desktop/hoops/box_scores/202411100DEN_DEN_advance.csv,,,,,,,,,,,,,,,,,,,,,,,,,,,,,,,,,,,,,,,,,,,,,
202411220DEN,,,,,,,,,,,,,/users/cooperfoster/desktop/hoops/box_scores/202411220DEN_DAL_basic.csv,/users/cooperfoster/desktop/hoops/box_scores/202411220DEN_DAL_advance.csv,/users/cooperfoster/desktop/hoops/box_scores/202411220DEN_DEN_basic.csv,/users/cooperfoster/desktop/hoops/box_scores/202411220DEN_DEN_advance.csv,,,,,,,,,,,,,,,,,,,,,,,,,,,,,,,,,,,,,,,,,,,,,
202412280DEN,,,,,,,,,,,,,,,/users/cooperfoster/desktop/hoops/box_scores/202412280DEN_DEN_basic.csv,/users/cooperfoster/desktop/hoops/box_scores/202412280DEN_DEN_advance.csv,/users/cooperfoster/desktop/hoops/box_scores/202412280DEN_DET_basic.csv,/users/cooperfoster/desktop/hoops/box_scores/202412280DEN_DET_advance.csv,,,,,,,,,,,,,,,,,,,,,,,,,,,,,,,,,,,,,,,,,,,
202412030DEN,,,,,,,,,,,,,,,/users/cooperfoster/desktop/hoops/box_scores/202412030DEN_DEN_basic.csv,/users/cooperfoster/desktop/hoops/box_scores/202412030DEN_DEN_advance.csv,,,/users/cooperfoster/desktop/hoops/box_scores/202412030DEN_GSW_basic.csv,/users/cooperfoster/desktop/hoops/box_scores/202412030DEN_GSW_advance.csv,,,,,,,,,,,,,,,,,,,,,,,,,,,,,,,,,,,,,,,,,
202501150DEN,,,,,,,,,,,,,,,/users/cooperfoster/desktop/hoops/box_scores/202501150DEN_DEN_basic.csv,/users/cooperfoster/desktop/hoops/box_scores/202501150DEN_DEN_advance.csv,,,,,/users/cooperfoster/desktop/hoops/box_scores/202501150DEN_HOU_basic.csv,/users/cooperfoster/desktop/hoops/box_scores/202501150DEN_HOU_advance.csv,,,,,,,,,,,,,,,,,,,,,,,,,,,,,,,,,,,,,,,
202504060DEN,,,,,,,,,,,,,,,/users/cooperfoster/desktop/hoops/box_scores/202504060DEN_DEN_basic.csv,/users/cooperfoster/desktop/hoops/box_scores/202504060DEN_DEN_advance.csv,,,,,,,/users/cooperfoster/desktop/hoops/box_scores/202504060DEN_IND_basic.csv,/users/cooperfoster/desktop/hoops/box_scores/202504060DEN_IND_advance.csv,,,,,,,,,,,,,,,,,,,,,,,,,,,,,,,,,,,,,
202410260DEN,,,,,,,,,,,,,,,/users/cooperfoster/desktop/hoops/box_scores/202410260DEN_DEN_basic.csv,/users/cooperfoster/desktop/hoops/box_scores/202410260DEN_DEN_advance.csv,,,,,,,,,/users/cooperfoster/desktop/hoops/box_scores/202410260DEN_LAC_basic.csv,/users/cooperfoster/desktop/hoops/box_scores/202410260DEN_LAC_advance.csv,,,,,,,,,,,,,,,,,,,,,,,,,,,,,,,,,,,
202412130DEN,,,,,,,,,,,,,,,/users/cooperfoster/desktop/hoops/box_scores/202412130DEN_DEN_basic.csv,/users/cooperfoster/desktop/hoops/box_scores/202412130DEN_DEN_advance.csv,,,,,,,,,/users/cooperfoster/desktop/hoops/box_scores/202412130DEN_LAC_basic.csv,/users/cooperfoster/desktop/hoops/box_scores/202412130DEN_LAC_advance.csv,,,,,,,,,,,,,,,,,,,,,,,,,,,,,,,,,,,
202501080DEN,,,,,,,,,,,,,,,/users/cooperfoster/desktop/hoops/box_scores/202501080DEN_DEN_basic.csv,/users/cooperfoster/desktop/hoops/box_scores/202501080DEN_DEN_advance.csv,,,,,,,,,/users/cooperfoster/desktop/hoops/box_scores/202501080DEN_LAC_basic.csv,/users/cooperfoster/desktop/hoops/box_scores/202501080DEN_LAC_advance.csv,,,,,,,,,,,,,,,,,,,,,,,,,,,,,,,,,,,
202502220DEN,,,,,,,,,,,,,,,/users/cooperfoster/desktop/hoops/box_scores/202502220DEN_DEN_basic.csv,/users/cooperfoster/desktop/hoops/box_scores/202502220DEN_DEN_advance.csv,,,,,,,,,,,/users/cooperfoster/desktop/hoops/box_scores/202502220DEN_LAL_basic.csv,/users/cooperfoster/desktop/hoops/box_scores/202502220DEN_LAL_advance.csv,,,,,,,,,,,,,,,,,,,,,,,,,,,,,,,,,
202503140DEN,,,,,,,,,,,,,,,/users/cooperfoster/desktop/hoops/box_scores/202503140DEN_DEN_basic.csv,/users/cooperfoster/desktop/hoops/box_scores/202503140DEN_DEN_advance.csv,,,,,,,,,,,/users/cooperfoster/desktop/hoops/box_scores/202503140DEN_LAL_basic.csv,/users/cooperfoster/desktop/hoops/box_scores/202503140DEN_LAL_advance.csv,,,,,,,,,,,,,,,,,,,,,,,,,,,,,,,,,
202504110DEN,,,,,,,,,,,,,,,/users/cooperfoster/desktop/hoops/box_scores/202504110DEN_DEN_basic.csv,/users/cooperfoster/desktop/hoops/box_scores/202504110DEN_DEN_advance.csv,,,,,,,,,,,,,/users/cooperfoster/desktop/hoops/box_scores/202504110DEN_MEM_basic.csv,/users/cooperfoster/desktop/hoops/box_scores/202504110DEN_MEM_advance.csv,,,,,,,,,,,,,,,,,,,,,,,,,,,,,,,
202411080DEN,,,,,,,,,,,,,,,/users/cooperfoster/desktop/hoops/box_scores/202411080DEN_DEN_basic.csv,/users/cooperfoster/desktop/hoops/box_scores/202411080DEN_DEN_advance.csv,,,,,,,,,,,,,,,/users/cooperfoster/desktop/hoops/box_scores/202411080DEN_MIA_basic.csv,/users/cooperfoster/desktop/hoops/box_scores/202411080DEN_MIA_advance.csv,,,,,,,,,,,,,,,,,,,,,,,,,,,,,
202503260DEN,,,,,,,,,,,,,,,/users/cooperfoster/desktop/hoops/box_scores/202503260DEN_DEN_basic.csv,/users/cooperfoster/desktop/hoops/box_scores/202503260DEN_DEN_advance.csv,,,,,,,,,,,,,,,,,/users/cooperfoster/desktop/hoops/box_scores/202503260DEN_MIL_basic.csv,/users/cooperfoster/desktop/hoops/box_scores/202503260DEN_MIL_advance.csv,,,,,,,,,,,,,,,,,,,,,,,,,,,
202503120DEN,,,,,,,,,,,,,,,/users/cooperfoster/desktop/hoops/box_scores/202503120DEN_DEN_basic.csv,/users/cooperfoster/desktop/hoops/box_scores/202503120DEN_DEN_advance.csv,,,,,,,,,,,,,,,,,,,/users/cooperfoster/desktop/hoops/box_scores/202503120DEN_MIN_basic.csv,/users/cooperfoster/desktop/hoops/box_scores/202503120DEN_MIN_advance.csv,,,,,,,,,,,,,,,,,,,,,,,,,
202504010DEN,,,,,,,,,,,,,,,/users/cooperfoster/desktop/hoops/box_scores/202504010DEN_DEN_basic.csv,/users/cooperfoster/desktop/hoops/box_scores/202504010DEN_DEN_advance.csv,,,,,,,,,,,,,,,,,,,/users/cooperfoster/desktop/hoops/box_scores/202504010DEN_MIN_basic.csv,/users/cooperfoster/desktop/hoops/box_scores/202504010DEN_MIN_advance.csv,,,,,,,,,,,,,,,,,,,,,,,,,
202502030DEN,,,,,,,,,,,,,,,/users/cooperfoster/desktop/hoops/box_scores/202502030DEN_DEN_basic.csv,/users/cooperfoster/desktop/hoops/box_scores/202502030DEN_DEN_advance.csv,,,,,,,,,,,,,,,,,,,,,/users/cooperfoster/desktop/hoops/box_scores/202502030DEN_NOP_basic.csv,/users/cooperfoster/desktop/hoops/box_scores/202502030DEN_NOP_advance.csv,,,,,,,,,,,,,,,,,,,,,,,
202502050DEN,,,,,,,,,,,,,,,/users/cooperfoster/desktop/hoops/box_scores/202502050DEN_DEN_basic.csv,/users/cooperfoster/desktop/hoops/box_scores/202502050DEN_DEN_advance.csv,,,,,,,,,,,,,,,,,,,,,/users/cooperfoster/desktop/hoops/box_scores/202502050DEN_NOP_basic.csv,/users/cooperfoster/desktop/hoops/box_scores/202502050DEN_NOP_advance.csv,,,,,,,,,,,,,,,,,,,,,,,
202411250DEN,,,,,,,,,,,,,,,/users/cooperfoster/desktop/hoops/box_scores/202411250DEN_DEN_basic.csv,/users/cooperfoster/desktop/hoops/box_scores/202411250DEN_DEN_advance.csv,,,,,,,,,,,,,,,,,,,,,,,/users/cooperfoster/desktop/hoops/box_scores/202411250DEN_NYK_basic.csv,/users/cooperfoster/desktop/hoops/box_scores/202411250DEN_NYK_advance.csv,,,,,,,,,,,,,,,,,,,,,
202410240DEN,,,,,,,,,,,,,,,/users/cooperfoster/desktop/hoops/box_scores/202410240DEN_DEN_basic.csv,/users/cooperfoster/desktop/hoops/box_scores/202410240DEN_DEN_advance.csv,,,,,,,,,,,,,,,,,,,,,,,,,/users/cooperfoster/desktop/hoops/box_scores/202410240DEN_OKC_basic.csv,/users/cooperfoster/desktop/hoops/box_scores/202410240DEN_OKC_advance.csv,,,,,,,,,,,,,,,,,,,
202411060DEN,,,,,,,,,,,,,,,/users/cooperfoster/desktop/hoops/box_scores/202411060DEN_DEN_basic.csv,/users/cooperfoster/desktop/hoops/box_scores/202411060DEN_DEN_advance.csv,,,,,,,,,,,,,,,,,,,,,,,,,/users/cooperfoster/desktop/hoops/box_scores/202411060DEN_OKC_basic.csv,/users/cooperfoster/desktop/hoops/box_scores/202411060DEN_OKC_advance.csv,,,,,,,,,,,,,,,,,,,
202502060DEN,,,,,,,,,,,,,,,/users/cooperfoster/desktop/hoops/box_scores/202502060DEN_DEN_basic.csv,/users/cooperfoster/desktop/hoops/box_scores/202502060DEN_DEN_advance.csv,,,,,,,,,,,,,,,,,,,,,,,,,,,/users/cooperfoster/desktop/hoops/box_scores/202502060DEN_ORL_basic.csv,/users/cooperfoster/desktop/hoops/box_scores/202502060DEN_ORL_advance.csv,,,,,,,,,,,,,,,,,
202501210DEN,,,,,,,,,,,,,,,/users/cooperfoster/desktop/hoops/box_scores/202501210DEN_DEN_basic.csv,/users/cooperfoster/desktop/hoops/box_scores/202501210DEN_DEN_advance.csv,,,,,,,,,,,,,,,,,,,,,,,,,,,,,/users/cooperfoster/desktop/hoops/box_scores/202501210DEN_PHI_basic.csv,/users/cooperfoster/desktop/hoops/box_scores/202501210DEN_PHI_advance.csv,,,,,,,,,,,,,,,
202412230DEN,,,,,,,,,,,,,,,/users/cooperfoster/desktop/hoops/box_scores/202412230DEN_DEN_basic.csv,/users/cooperfoster/desktop/hoops/box_scores/202412230DEN_DEN_advance.csv,,,,,,,,,,,,,,,,,,,,,,,,,,,,,,,/users/cooperfoster/desktop/hoops/box_scores/202412230DEN_PHO_basic.csv,/users/cooperfoster/desktop/hoops/box_scores/202412230DEN_PHO_advance.csv,,,,,,,,,,,,,
202503070DEN,,,,,,,,,,,,,,,/users/cooperfoster/desktop/hoops/box_scores/202503070DEN_DEN_basic.csv,/users/cooperfoster/desktop/hoops/box_scores/202503070DEN_DEN_advance.csv,,,,,,,,,,,,,,,,,,,,,,,,,,,,,,,/users/cooperfoster/desktop/hoops/box_scores/202503070DEN_PHO_basic.csv,/users/cooperfoster/desktop/hoops/box_scores/202503070DEN_PHO_advance.csv,,,,,,,,,,,,,
202502100DEN,,,,,,,,,,,,,,,/users/cooperfoster/desktop/hoops/box_scores/202502100DEN_DEN_basic.csv,/users/cooperfoster/desktop/hoops/box_scores/202502100DEN_DEN_advance.csv,,,,,,,,,,,,,,,,,,,,,,,,,,,,,,,,,/users/cooperfoster/desktop/hoops/box_scores/202502100DEN_POR_basic.csv,/users/cooperfoster/desktop/hoops/box_scores/202502100DEN_POR_advance.csv,,,,,,,,,,,
202502120DEN,,,,,,,,,,,,,,,/users/cooperfoster/desktop/hoops/box_scores/202502120DEN_DEN_basic.csv,/users/cooperfoster/desktop/hoops/box_scores/202502120DEN_DEN_advance.csv,,,,,,,,,,,,,,,,,,,,,,,,,,,,,,,,,/users/cooperfoster/desktop/hoops/box_scores/202502120DEN_POR_basic.csv,/users/cooperfoster/desktop/hoops/box_scores/202502120DEN_POR_advance.csv,,,,,,,,,,,
202501230DEN,,,,,,,,,,,,,,,/users/cooperfoster/desktop/hoops/box_scores/202501230DEN_DEN_basic.csv,/users/cooperfoster/desktop/hoops/box_scores/202501230DEN_DEN_advance.csv,,,,,,,,,,,,,,,,,,,,,,,,,,,,,,,,,,,/users/cooperfoster/desktop/hoops/box_scores/202501230DEN_SAC_basic.csv,/users/cooperfoster/desktop/hoops/box_scores/202501230DEN_SAC_advance.csv,,,,,,,,,
202503050DEN,,,,,,,,,,,,,,,/users/cooperfoster/desktop/hoops/box_scores/202503050DEN_DEN_basic.csv,/users/cooperfoster/desktop/hoops/box_scores/202503050DEN_DEN_advance.csv,,,,,,,,,,,,,,,,,,,,,,,,,,,,,,,,,,,/users/cooperfoster/desktop/hoops/box_scores/202503050DEN_SAC_basic.csv,/users/cooperfoster/desktop/hoops/box_scores/202503050DEN_SAC_advance.csv,,,,,,,,,
202501030DEN,,,,,,,,,,,,,,,/users/cooperfoster/desktop/hoops/box_scores/202501030DEN_DEN_basic.csv,/users/cooperfoster/desktop/hoops/box_scores/202501030DEN_DEN_advance.csv,,,,,,,,,,,,,,,,,,,,,,,,,,,,,,,,,,,,,/users/cooperfoster/desktop/hoops/box_scores/202501030DEN_SAS_basic.csv,/users/cooperfoster/desktop/hoops/box_scores/202501030DEN_SAS_advance.csv,,,,,,,
202504020DEN,,,,,,,,,,,,,,,/users/cooperfoster/desktop/hoops/box_scores/202504020DEN_DEN_basic.csv,/users/cooperfoster/desktop/hoops/box_scores/202504020DEN_DEN_advance.csv,,,,,,,,,,,,,,,,,,,,,,,,,,,,,,,,,,,,,/users/cooperfoster/desktop/hoops/box_scores/202504020DEN_SAS_basic.csv,/users/cooperfoster/desktop/hoops/box_scores/202504020DEN_SAS_advance.csv,,,,,,,
202411040DEN,,,,,,,,,,,,,,,/users/cooperfoster/desktop/hoops/box_scores/202411040DEN_DEN_basic.csv,/users/cooperfoster/desktop/hoops/box_scores/202411040DEN_DEN_advance.csv,,,,,,,,,,,,,,,,,,,,,,,,,,,,,,,,,,,,,,,/users/cooperfoster/desktop/hoops/box_scores/202411040DEN_TOR_basic.csv,/users/cooperfoster/desktop/hoops/box_scores/202411040DEN_TOR_advance.csv,,,,,
202411020DEN,,,,,,,,,,,,,,,/users/cooperfoster/desktop/hoops/box_scores/202411020DEN_DEN_basic.csv,/users/cooperfoster/desktop/hoops/box_scores/202411020DEN_DEN_advance.csv,,,,,,,,,,,,,,,,,,,,,,,,,,,,,,,,,,,,,,,,,/users/cooperfoster/desktop/hoops/box_scores/202411020DEN_UTA_basic.csv,/users/cooperfoster/desktop/hoops/box_scores/202411020DEN_UTA_advance.csv,,,
202503280DEN,,,,,,,,,,,,,,,/users/cooperfoster/desktop/hoops/box_scores/202503280DEN_DEN_basic.csv,/users/cooperfoster/desktop/hoops/box_scores/202503280DEN_DEN_advance.csv,,,,,,,,,,,,,,,,,,,,,,,,,,,,,,,,,,,,,,,,,/users/cooperfoster/desktop/hoops/box_scores/202503280DEN_UTA_basic.csv,/users/cooperfoster/desktop/hoops/box_scores/202503280DEN_UTA_advance.csv,,,
202503150DEN,,,,,,,,,,,,,,,/users/cooperfoster/desktop/hoops/box_scores/202503150DEN_DEN_basic.csv,/users/cooperfoster/desktop/hoops/box_scores/202503150DEN_DEN_advance.csv,,,,,,,,,,,,,,,,,,,,,,,,,,,,,,,,,,,,,,,,,,,/users/cooperfoster/desktop/hoops/box_scores/202503150DEN_WAS_basic.csv,/users/cooperfoster/desktop/hoops/box_scores/202503150DEN_WAS_advance.csv,
202411080DET,/users/cooperfoster/desktop/hoops/box_scores/202411080DET_ATL_basic.csv,/users/cooperfoster/desktop/hoops/box_scores/202411080DET_ATL_advance.csv,,,,,,,,,,,,,,,/users/cooperfoster/desktop/hoops/box_scores/202411080DET_DET_basic.csv,/users/cooperfoster/desktop/hoops/box_scores/202411080DET_DET_advance.csv,,,,,,,,,,,,,,,,,,,,,,,,,,,,,,,,,,,,,,,,,,,
202502030DET,/users/cooperfoster/desktop/hoops/box_scores/202502030DET_ATL_basic.csv,/users/cooperfoster/desktop/hoops/box_scores/202502030DET_ATL_advance.csv,,,,,,,,,,,,,,,/users/cooperfoster/desktop/hoops/box_scores/202502030DET_DET_basic.csv,/users/cooperfoster/desktop/hoops/box_scores/202502030DET_DET_advance.csv,,,,,,,,,,,,,,,,,,,,,,,,,,,,,,,,,,,,,,,,,,,
202503010DET,,,/users/cooperfoster/desktop/hoops/box_scores/202503010DET_BRK_basic.csv,/users/cooperfoster/desktop/hoops/box_scores/202503010DET_BRK_advance.csv,,,,,,,,,,,,,/users/cooperfoster/desktop/hoops/box_scores/202503010DET_DET_basic.csv,/users/cooperfoster/desktop/hoops/box_scores/202503010DET_DET_advance.csv,,,,,,,,,,,,,,,,,,,,,,,,,,,,,,,,,,,,,,,,,,,
202410260DET,,,,,/users/cooperfoster/desktop/hoops/box_scores/202410260DET_BOS_basic.csv,/users/cooperfoster/desktop/hoops/box_scores/202410260DET_BOS_advance.csv,,,,,,,,,,,/users/cooperfoster/desktop/hoops/box_scores/202410260DET_DET_basic.csv,/users/cooperfoster/desktop/hoops/box_scores/202410260DET_DET_advance.csv,,,,,,,,,,,,,,,,,,,,,,,,,,,,,,,,,,,,,,,,,,,
202502260DET,,,,,/users/cooperfoster/desktop/hoops/box_scores/202502260DET_BOS_basic.csv,/users/cooperfoster/desktop/hoops/box_scores/202502260DET_BOS_advance.csv,,,,,,,,,,,/users/cooperfoster/desktop/hoops/box_scores/202502260DET_DET_basic.csv,/users/cooperfoster/desktop/hoops/box_scores/202502260DET_DET_advance.csv,,,,,,,,,,,,,,,,,,,,,,,,,,,,,,,,,,,,,,,,,,,
202411180DET,,,,,,,/users/cooperfoster/desktop/hoops/box_scores/202411180DET_CHI_basic.csv,/users/cooperfoster/desktop/hoops/box_scores/202411180DET_CHI_advance.csv,,,,,,,,,/users/cooperfoster/desktop/hoops/box_scores/202411180DET_DET_basic.csv,/users/cooperfoster/desktop/hoops/box_scores/202411180DET_DET_advance.csv,,,,,,,,,,,,,,,,,,,,,,,,,,,,,,,,,,,,,,,,,,,
202502020DET,,,,,,,/users/cooperfoster/desktop/hoops/box_scores/202502020DET_CHI_basic.csv,/users/cooperfoster/desktop/hoops/box_scores/202502020DET_CHI_advance.csv,,,,,,,,,/users/cooperfoster/desktop/hoops/box_scores/202502020DET_DET_basic.csv,/users/cooperfoster/desktop/hoops/box_scores/202502020DET_DET_advance.csv,,,,,,,,,,,,,,,,,,,,,,,,,,,,,,,,,,,,,,,,,,,
202501030DET,,,,,,,,,/users/cooperfoster/desktop/hoops/box_scores/202501030DET_CHO_basic.csv,/users/cooperfoster/desktop/hoops/box_scores/202501030DET_CHO_advance.csv,,,,,,,/users/cooperfoster/desktop/hoops/box_scores/202501030DET_DET_basic.csv,/users/cooperfoster/desktop/hoops/box_scores/202501030DET_DET_advance.csv,,,,,,,,,,,,,,,,,,,,,,,,,,,,,,,,,,,,,,,,,,,
202502090DET,,,,,,,,,/users/cooperfoster/desktop/hoops/box_scores/202502090DET_CHO_basic.csv,/users/cooperfoster/desktop/hoops/box_scores/202502090DET_CHO_advance.csv,,,,,,,/users/cooperfoster/desktop/hoops/box_scores/202502090DET_DET_basic.csv,/users/cooperfoster/desktop/hoops/box_scores/202502090DET_DET_advance.csv,,,,,,,,,,,,,,,,,,,,,,,,,,,,,,,,,,,,,,,,,,,
202502050DET,,,,,,,,,,,/users/cooperfoster/desktop/hoops/box_scores/202502050DET_CLE_basic.csv,/users/cooperfoster/desktop/hoops/box_scores/202502050DET_CLE_advance.csv,,,,,/users/cooperfoster/desktop/hoops/box_scores/202502050DET_DET_basic.csv,/users/cooperfoster/desktop/hoops/box_scores/202502050DET_DET_advance.csv,,,,,,,,,,,,,,,,,,,,,,,,,,,,,,,,,,,,,,,,,,,
202503280DET,,,,,,,,,,,/users/cooperfoster/desktop/hoops/box_scores/202503280DET_CLE_basic.csv,/users/cooperfoster/desktop/hoops/box_scores/202503280DET_CLE_advance.csv,,,,,/users/cooperfoster/desktop/hoops/box_scores/202503280DET_DET_basic.csv,/users/cooperfoster/desktop/hoops/box_scores/202503280DET_DET_advance.csv,,,,,,,,,,,,,,,,,,,,,,,,,,,,,,,,,,,,,,,,,,,
202501310DET,,,,,,,,,,,,,/users/cooperfoster/desktop/hoops/box_scores/202501310DET_DAL_basic.csv,/users/cooperfoster/desktop/hoops/box_scores/202501310DET_DAL_advance.csv,,,/users/cooperfoster/desktop/hoops/box_scores/202501310DET_DET_basic.csv,/users/cooperfoster/desktop/hoops/box_scores/202501310DET_DET_advance.csv,,,,,,,,,,,,,,,,,,,,,,,,,,,,,,,,,,,,,,,,,,,
202502280DET,,,,,,,,,,,,,,,/users/cooperfoster/desktop/hoops/box_scores/202502280DET_DEN_basic.csv,/users/cooperfoster/desktop/hoops/box_scores/202502280DET_DEN_advance.csv,/users/cooperfoster/desktop/hoops/box_scores/202502280DET_DET_basic.csv,/users/cooperfoster/desktop/hoops/box_scores/202502280DET_DET_advance.csv,,,,,,,,,,,,,,,,,,,,,,,,,,,,,,,,,,,,,,,,,,,
202501090DET,,,,,,,,,,,,,,,,,/users/cooperfoster/desktop/hoops/box_scores/202501090DET_DET_basic.csv,/users/cooperfoster/desktop/hoops/box_scores/202501090DET_DET_advance.csv,/users/cooperfoster/desktop/hoops/box_scores/202501090DET_GSW_basic.csv,/users/cooperfoster/desktop/hoops/box_scores/202501090DET_GSW_advance.csv,,,,,,,,,,,,,,,,,,,,,,,,,,,,,,,,,,,,,,,,,
202411100DET,,,,,,,,,,,,,,,,,/users/cooperfoster/desktop/hoops/box_scores/202411100DET_DET_basic.csv,/users/cooperfoster/desktop/hoops/box_scores/202411100DET_DET_advance.csv,,,/users/cooperfoster/desktop/hoops/box_scores/202411100DET_HOU_basic.csv,/users/cooperfoster/desktop/hoops/box_scores/202411100DET_HOU_advance.csv,,,,,,,,,,,,,,,,,,,,,,,,,,,,,,,,,,,,,,,
202410230DET,,,,,,,,,,,,,,,,,/users/cooperfoster/desktop/hoops/box_scores/202410230DET_DET_basic.csv,/users/cooperfoster/desktop/hoops/box_scores/202410230DET_DET_advance.csv,,,,,/users/cooperfoster/desktop/hoops/box_scores/202410230DET_IND_basic.csv,/users/cooperfoster/desktop/hoops/box_scores/202410230DET_IND_advance.csv,,,,,,,,,,,,,,,,,,,,,,,,,,,,,,,,,,,,,
202501160DET,,,,,,,,,,,,,,,,,/users/cooperfoster/desktop/hoops/box_scores/202501160DET_DET_basic.csv,/users/cooperfoster/desktop/hoops/box_scores/202501160DET_DET_advance.csv,,,,,/users/cooperfoster/desktop/hoops/box_scores/202501160DET_IND_basic.csv,/users/cooperfoster/desktop/hoops/box_scores/202501160DET_IND_advance.csv,,,,,,,,,,,,,,,,,,,,,,,,,,,,,,,,,,,,,
202502240DET,,,,,,,,,,,,,,,,,/users/cooperfoster/desktop/hoops/box_scores/202502240DET_DET_basic.csv,/users/cooperfoster/desktop/hoops/box_scores/202502240DET_DET_advance.csv,,,,,,,/users/cooperfoster/desktop/hoops/box_scores/202502240DET_LAC_basic.csv,/users/cooperfoster/desktop/hoops/box_scores/202502240DET_LAC_advance.csv,,,,,,,,,,,,,,,,,,,,,,,,,,,,,,,,,,,
202411040DET,,,,,,,,,,,,,,,,,/users/cooperfoster/desktop/hoops/box_scores/202411040DET_DET_basic.csv,/users/cooperfoster/desktop/hoops/box_scores/202411040DET_DET_advance.csv,,,,,,,,,/users/cooperfoster/desktop/hoops/box_scores/202411040DET_LAL_basic.csv,/users/cooperfoster/desktop/hoops/box_scores/202411040DET_LAL_advance.csv,,,,,,,,,,,,,,,,,,,,,,,,,,,,,,,,,
202504050DET,,,,,,,,,,,,,,,,,/users/cooperfoster/desktop/hoops/box_scores/202504050DET_DET_basic.csv,/users/cooperfoster/desktop/hoops/box_scores/202504050DET_DET_advance.csv,,,,,,,,,,,/users/cooperfoster/desktop/hoops/box_scores/202504050DET_MEM_basic.csv,/users/cooperfoster/desktop/hoops/box_scores/202504050DET_MEM_advance.csv,,,,,,,,,,,,,,,,,,,,,,,,,,,,,,,
202411120DET,,,,,,,,,,,,,,,,,/users/cooperfoster/desktop/hoops/box_scores/202411120DET_DET_basic.csv,/users/cooperfoster/desktop/hoops/box_scores/202411120DET_DET_advance.csv,,,,,,,,,,,,,/users/cooperfoster/desktop/hoops/box_scores/202411120DET_MIA_basic.csv,/users/cooperfoster/desktop/hoops/box_scores/202411120DET_MIA_advance.csv,,,,,,,,,,,,,,,,,,,,,,,,,,,,,
202412160DET,,,,,,,,,,,,,,,,,/users/cooperfoster/desktop/hoops/box_scores/202412160DET_DET_basic.csv,/users/cooperfoster/desktop/hoops/box_scores/202412160DET_DET_advance.csv,,,,,,,,,,,,,/users/cooperfoster/desktop/hoops/box_scores/202412160DET_MIA_basic.csv,/users/cooperfoster/desktop/hoops/box_scores/202412160DET_MIA_advance.csv,,,,,,,,,,,,,,,,,,,,,,,,,,,,,
202412030DET,,,,,,,,,,,,,,,,,/users/cooperfoster/desktop/hoops/box_scores/202412030DET_DET_basic.csv,/users/cooperfoster/desktop/hoops/box_scores/202412030DET_DET_advance.csv,,,,,,,,,,,,,,,/users/cooperfoster/desktop/hoops/box_scores/202412030DET_MIL_basic.csv,/users/cooperfoster/desktop/hoops/box_scores/202412030DET_MIL_advance.csv,,,,,,,,,,,,,,,,,,,,,,,,,,,
202504110DET,,,,,,,,,,,,,,,,,/users/cooperfoster/desktop/hoops/box_scores/202504110DET_DET_basic.csv,/users/cooperfoster/desktop/hoops/box_scores/202504110DET_DET_advance.csv,,,,,,,,,,,,,,,/users/cooperfoster/desktop/hoops/box_scores/202504110DET_MIL_basic.csv,/users/cooperfoster/desktop/hoops/box_scores/202504110DET_MIL_advance.csv,,,,,,,,,,,,,,,,,,,,,,,,,,,
202501040DET,,,,,,,,,,,,,,,,,/users/cooperfoster/desktop/hoops/box_scores/202501040DET_DET_basic.csv,/users/cooperfoster/desktop/hoops/box_scores/202501040DET_DET_advance.csv,,,,,,,,,,,,,,,,,/users/cooperfoster/desktop/hoops/box_scores/202501040DET_MIN_basic.csv,/users/cooperfoster/desktop/hoops/box_scores/202501040DET_MIN_advance.csv,,,,,,,,,,,,,,,,,,,,,,,,,
202503230DET,,,,,,,,,,,,,,,,,/users/cooperfoster/desktop/hoops/box_scores/202503230DET_DET_basic.csv,/users/cooperfoster/desktop/hoops/box_scores/202503230DET_DET_advance.csv,,,,,,,,,,,,,,,,,,,/users/cooperfoster/desktop/hoops/box_scores/202503230DET_NOP_basic.csv,/users/cooperfoster/desktop/hoops/box_scores/202503230DET_NOP_advance.csv,,,,,,,,,,,,,,,,,,,,,,,
202411010DET,,,,,,,,,,,,,,,,,/users/cooperfoster/desktop/hoops/box_scores/202411010DET_DET_basic.csv,/users/cooperfoster/desktop/hoops/box_scores/202411010DET_DET_advance.csv,,,,,,,,,,,,,,,,,,,,,/users/cooperfoster/desktop/hoops/box_scores/202411010DET_NYK_basic.csv,/users/cooperfoster/desktop/hoops/box_scores/202411010DET_NYK_advance.csv,,,,,,,,,,,,,,,,,,,,,
202504100DET,,,,,,,,,,,,,,,,,/users/cooperfoster/desktop/hoops/box_scores/202504100DET_DET_basic.csv,/users/cooperfoster/desktop/hoops/box_scores/202504100DET_DET_advance.csv,,,,,,,,,,,,,,,,,,,,,/users/cooperfoster/desktop/hoops/box_scores/202504100DET_NYK_basic.csv,/users/cooperfoster/desktop/hoops/box_scores/202504100DET_NYK_advance.csv,,,,,,,,,,,,,,,,,,,,,
202503150DET,,,,,,,,,,,,,,,,,/users/cooperfoster/desktop/hoops/box_scores/202503150DET_DET_basic.csv,/users/cooperfoster/desktop/hoops/box_scores/202503150DET_DET_advance.csv,,,,,,,,,,,,,,,,,,,,,,,/users/cooperfoster/desktop/hoops/box_scores/202503150DET_OKC_basic.csv,/users/cooperfoster/desktop/hoops/box_scores/202503150DET_OKC_advance.csv,,,,,,,,,,,,,,,,,,,
202501010DET,,,,,,,,,,,,,,,,,/users/cooperfoster/desktop/hoops/box_scores/202501010DET_DET_basic.csv,/users/cooperfoster/desktop/hoops/box_scores/202501010DET_DET_advance.csv,,,,,,,,,,,,,,,,,,,,,,,,,/users/cooperfoster/desktop/hoops/box_scores/202501010DET_ORL_basic.csv,/users/cooperfoster/desktop/hoops/box_scores/202501010DET_ORL_advance.csv,,,,,,,,,,,,,,,,,
202411300DET,,,,,,,,,,,,,,,,,/users/cooperfoster/desktop/hoops/box_scores/202411300DET_DET_basic.csv,/users/cooperfoster/desktop/hoops/box_scores/202411300DET_DET_advance.csv,,,,,,,,,,,,,,,,,,,,,,,,,,,/users/cooperfoster/desktop/hoops/box_scores/202411300DET_PHI_basic.csv,/users/cooperfoster/desktop/hoops/box_scores/202411300DET_PHI_advance.csv,,,,,,,,,,,,,,,
202502070DET,,,,,,,,,,,,,,,,,/users/cooperfoster/desktop/hoops/box_scores/202502070DET_DET_basic.csv,/users/cooperfoster/desktop/hoops/box_scores/202502070DET_DET_advance.csv,,,,,,,,,,,,,,,,,,,,,,,,,,,/users/cooperfoster/desktop/hoops/box_scores/202502070DET_PHI_basic.csv,/users/cooperfoster/desktop/hoops/box_scores/202502070DET_PHI_advance.csv,,,,,,,,,,,,,,,
202501180DET,,,,,,,,,,,,,,,,,/users/cooperfoster/desktop/hoops/box_scores/202501180DET_DET_basic.csv,/users/cooperfoster/desktop/hoops/box_scores/202501180DET_DET_advance.csv,,,,,,,,,,,,,,,,,,,,,,,,,,,,,/users/cooperfoster/desktop/hoops/box_scores/202501180DET_PHO_basic.csv,/users/cooperfoster/desktop/hoops/box_scores/202501180DET_PHO_advance.csv,,,,,,,,,,,,,
202501060DET,,,,,,,,,,,,,,,,,/users/cooperfoster/desktop/hoops/box_scores/202501060DET_DET_basic.csv,/users/cooperfoster/desktop/hoops/box_scores/202501060DET_DET_advance.csv,,,,,,,,,,,,,,,,,,,,,,,,,,,,,,,/users/cooperfoster/desktop/hoops/box_scores/202501060DET_POR_basic.csv,/users/cooperfoster/desktop/hoops/box_scores/202501060DET_POR_advance.csv,,,,,,,,,,,
202504070DET,,,,,,,,,,,,,,,,,/users/cooperfoster/desktop/hoops/box_scores/202504070DET_DET_basic.csv,/users/cooperfoster/desktop/hoops/box_scores/202504070DET_DET_advance.csv,,,,,,,,,,,,,,,,,,,,,,,,,,,,,,,,,/users/cooperfoster/desktop/hoops/box_scores/202504070DET_SAC_basic.csv,/users/cooperfoster/desktop/hoops/box_scores/202504070DET_SAC_advance.csv,,,,,,,,,
202503250DET,,,,,,,,,,,,,,,,,/users/cooperfoster/desktop/hoops/box_scores/202503250DET_DET_basic.csv,/users/cooperfoster/desktop/hoops/box_scores/202503250DET_DET_advance.csv,,,,,,,,,,,,,,,,,,,,,,,,,,,,,,,,,,,/users/cooperfoster/desktop/hoops/box_scores/202503250DET_SAS_basic.csv,/users/cooperfoster/desktop/hoops/box_scores/202503250DET_SAS_advance.csv,,,,,,,
202411250DET,,,,,,,,,,,,,,,,,/users/cooperfoster/desktop/hoops/box_scores/202411250DET_DET_basic.csv,/users/cooperfoster/desktop/hoops/box_scores/202411250DET_DET_advance.csv,,,,,,,,,,,,,,,,,,,,,,,,,,,,,,,,,,,,,/users/cooperfoster/desktop/hoops/box_scores/202411250DET_TOR_basic.csv,/users/cooperfoster/desktop/hoops/box_scores/202411250DET_TOR_advance.csv,,,,,
202501110DET,,,,,,,,,,,,,,,,,/users/cooperfoster/desktop/hoops/box_scores/202501110DET_DET_basic.csv,/users/cooperfoster/desktop/hoops/box_scores/202501110DET_DET_advance.csv,,,,,,,,,,,,,,,,,,,,,,,,,,,,,,,,,,,,,/users/cooperfoster/desktop/hoops/box_scores/202501110DET_TOR_basic.csv,/users/cooperfoster/desktop/hoops/box_scores/202501110DET_TOR_advance.csv,,,,,
202412190DET,,,,,,,,,,,,,,,,,/users/cooperfoster/desktop/hoops/box_scores/202412190DET_DET_basic.csv,/users/cooperfoster/desktop/hoops/box_scores/202412190DET_DET_advance.csv,,,,,,,,,,,,,,,,,,,,,,,,,,,,,,,,,,,,,,,/users/cooperfoster/desktop/hoops/box_scores/202412190DET_UTA_basic.csv,/users/cooperfoster/desktop/hoops/box_scores/202412190DET_UTA_advance.csv,,,
202503110DET,,,,,,,,,,,,,,,,,/users/cooperfoster/desktop/hoops/box_scores/202503110DET_DET_basic.csv,/users/cooperfoster/desktop/hoops/box_scores/202503110DET_DET_advance.csv,,,,,,,,,,,,,,,,,,,,,,,,,,,,,,,,,,,,,,,,,/users/cooperfoster/desktop/hoops/box_scores/202503110DET_WAS_basic.csv,/users/cooperfoster/desktop/hoops/box_scores/202503110DET_WAS_advance.csv,
202503130DET,,,,,,,,,,,,,,,,,/users/cooperfoster/desktop/hoops/box_scores/202503130DET_DET_basic.csv,/users/cooperfoster/desktop/hoops/box_scores/202503130DET_DET_advance.csv,,,,,,,,,,,,,,,,,,,,,,,,,,,,,,,,,,,,,,,,,/users/cooperfoster/desktop/hoops/box_scores/202503130DET_WAS_basic.csv,/users/cooperfoster/desktop/hoops/box_scores/202503130DET_WAS_advance.csv,
202411200GSW,/users/cooperfoster/desktop/hoops/box_scores/202411200GSW_ATL_basic.csv,/users/cooperfoster/desktop/hoops/box_scores/202411200GSW_ATL_advance.csv,,,,,,,,,,,,,,,,,/users/cooperfoster/desktop/hoops/box_scores/202411200GSW_GSW_basic.csv,/users/cooperfoster/desktop/hoops/box_scores/202411200GSW_GSW_advance.csv,,,,,,,,,,,,,,,,,,,,,,,,,,,,,,,,,,,,,,,,,
202411250GSW,,,/users/cooperfoster/desktop/hoops/box_scores/202411250GSW_BRK_basic.csv,/users/cooperfoster/desktop/hoops/box_scores/202411250GSW_BRK_advance.csv,,,,,,,,,,,,,,,/users/cooperfoster/desktop/hoops/box_scores/202411250GSW_GSW_basic.csv,/users/cooperfoster/desktop/hoops/box_scores/202411250GSW_GSW_advance.csv,,,,,,,,,,,,,,,,,,,,,,,,,,,,,,,,,,,,,,,,,
202501200GSW,,,,,/users/cooperfoster/desktop/hoops/box_scores/202501200GSW_BOS_basic.csv,/users/cooperfoster/desktop/hoops/box_scores/202501200GSW_BOS_advance.csv,,,,,,,,,,,,,/users/cooperfoster/desktop/hoops/box_scores/202501200GSW_GSW_basic.csv,/users/cooperfoster/desktop/hoops/box_scores/202501200GSW_GSW_advance.csv,,,,,,,,,,,,,,,,,,,,,,,,,,,,,,,,,,,,,,,,,
202501230GSW,,,,,,,/users/cooperfoster/desktop/hoops/box_scores/202501230GSW_CHI_basic.csv,/users/cooperfoster/desktop/hoops/box_scores/202501230GSW_CHI_advance.csv,,,,,,,,,,,/users/cooperfoster/desktop/hoops/box_scores/202501230GSW_GSW_basic.csv,/users/cooperfoster/desktop/hoops/box_scores/202501230GSW_GSW_advance.csv,,,,,,,,,,,,,,,,,,,,,,,,,,,,,,,,,,,,,,,,,
202502250GSW,,,,,,,,,/users/cooperfoster/desktop/hoops/box_scores/202502250GSW_CHO_basic.csv,/users/cooperfoster/desktop/hoops/box_scores/202502250GSW_CHO_advance.csv,,,,,,,,,/users/cooperfoster/desktop/hoops/box_scores/202502250GSW_GSW_basic.csv,/users/cooperfoster/desktop/hoops/box_scores/202502250GSW_GSW_advance.csv,,,,,,,,,,,,,,,,,,,,,,,,,,,,,,,,,,,,,,,,,
202412300GSW,,,,,,,,,,,/users/cooperfoster/desktop/hoops/box_scores/202412300GSW_CLE_basic.csv,/users/cooperfoster/desktop/hoops/box_scores/202412300GSW_CLE_advance.csv,,,,,,,/users/cooperfoster/desktop/hoops/box_scores/202412300GSW_GSW_basic.csv,/users/cooperfoster/desktop/hoops/box_scores/202412300GSW_GSW_advance.csv,,,,,,,,,,,,,,,,,,,,,,,,,,,,,,,,,,,,,,,,,
202411120GSW,,,,,,,,,,,,,/users/cooperfoster/desktop/hoops/box_scores/202411120GSW_DAL_basic.csv,/users/cooperfoster/desktop/hoops/box_scores/202411120GSW_DAL_advance.csv,,,,,/users/cooperfoster/desktop/hoops/box_scores/202411120GSW_GSW_basic.csv,/users/cooperfoster/desktop/hoops/box_scores/202411120GSW_GSW_advance.csv,,,,,,,,,,,,,,,,,,,,,,,,,,,,,,,,,,,,,,,,,
202412150GSW,,,,,,,,,,,,,/users/cooperfoster/desktop/hoops/box_scores/202412150GSW_DAL_basic.csv,/users/cooperfoster/desktop/hoops/box_scores/202412150GSW_DAL_advance.csv,,,,,/users/cooperfoster/desktop/hoops/box_scores/202412150GSW_GSW_basic.csv,/users/cooperfoster/desktop/hoops/box_scores/202412150GSW_GSW_advance.csv,,,,,,,,,,,,,,,,,,,,,,,,,,,,,,,,,,,,,,,,,
202502230GSW,,,,,,,,,,,,,/users/cooperfoster/desktop/hoops/box_scores/202502230GSW_DAL_basic.csv,/users/cooperfoster/desktop/hoops/box_scores/202502230GSW_DAL_advance.csv,,,,,/users/cooperfoster/desktop/hoops/box_scores/202502230GSW_GSW_basic.csv,/users/cooperfoster/desktop/hoops/box_scores/202502230GSW_GSW_advance.csv,,,,,,,,,,,,,,,,,,,,,,,,,,,,,,,,,,,,,,,,,
202503170GSW,,,,,,,,,,,,,,,/users/cooperfoster/desktop/hoops/box_scores/202503170GSW_DEN_basic.csv,/users/cooperfoster/desktop/hoops/box_scores/202503170GSW_DEN_advance.csv,,,/users/cooperfoster/desktop/hoops/box_scores/202503170GSW_GSW_basic.csv,/users/cooperfoster/desktop/hoops/box_scores/202503170GSW_GSW_advance.csv,,,,,,,,,,,,,,,,,,,,,,,,,,,,,,,,,,,,,,,,,
202504040GSW,,,,,,,,,,,,,,,/users/cooperfoster/desktop/hoops/box_scores/202504040GSW_DEN_basic.csv,/users/cooperfoster/desktop/hoops/box_scores/202504040GSW_DEN_advance.csv,,,/users/cooperfoster/desktop/hoops/box_scores/202504040GSW_GSW_basic.csv,/users/cooperfoster/desktop/hoops/box_scores/202504040GSW_GSW_advance.csv,,,,,,,,,,,,,,,,,,,,,,,,,,,,,,,,,,,,,,,,,
202503080GSW,,,,,,,,,,,,,,,,,/users/cooperfoster/desktop/hoops/box_scores/202503080GSW_DET_basic.csv,/users/cooperfoster/desktop/hoops/box_scores/202503080GSW_DET_advance.csv,/users/cooperfoster/desktop/hoops/box_scores/202503080GSW_GSW_basic.csv,/users/cooperfoster/desktop/hoops/box_scores/202503080GSW_GSW_advance.csv,,,,,,,,,,,,,,,,,,,,,,,,,,,,,,,,,,,,,,,,,
202412050GSW,,,,,,,,,,,,,,,,,,,/users/cooperfoster/desktop/hoops/box_scores/202412050GSW_GSW_basic.csv,/users/cooperfoster/desktop/hoops/box_scores/202412050GSW_GSW_advance.csv,/users/cooperfoster/desktop/hoops/box_scores/202412050GSW_HOU_basic.csv,/users/cooperfoster/desktop/hoops/box_scores/202412050GSW_HOU_advance.csv,,,,,,,,,,,,,,,,,,,,,,,,,,,,,,,,,,,,,,,
202504060GSW,,,,,,,,,,,,,,,,,,,/users/cooperfoster/desktop/hoops/box_scores/202504060GSW_GSW_basic.csv,/users/cooperfoster/desktop/hoops/box_scores/202504060GSW_GSW_advance.csv,/users/cooperfoster/desktop/hoops/box_scores/202504060GSW_HOU_basic.csv,/users/cooperfoster/desktop/hoops/box_scores/202504060GSW_HOU_advance.csv,,,,,,,,,,,,,,,,,,,,,,,,,,,,,,,,,,,,,,,
202412230GSW,,,,,,,,,,,,,,,,,,,/users/cooperfoster/desktop/hoops/box_scores/202412230GSW_GSW_basic.csv,/users/cooperfoster/desktop/hoops/box_scores/202412230GSW_GSW_advance.csv,,,/users/cooperfoster/desktop/hoops/box_scores/202412230GSW_IND_basic.csv,/users/cooperfoster/desktop/hoops/box_scores/202412230GSW_IND_advance.csv,,,,,,,,,,,,,,,,,,,,,,,,,,,,,,,,,,,,,
202410270GSW,,,,,,,,,,,,,,,,,,,/users/cooperfoster/desktop/hoops/box_scores/202410270GSW_GSW_basic.csv,/users/cooperfoster/desktop/hoops/box_scores/202410270GSW_GSW_advance.csv,,,,,/users/cooperfoster/desktop/hoops/box_scores/202410270GSW_LAC_basic.csv,/users/cooperfoster/desktop/hoops/box_scores/202410270GSW_LAC_advance.csv,,,,,,,,,,,,,,,,,,,,,,,,,,,,,,,,,,,
202504130GSW,,,,,,,,,,,,,,,,,,,/users/cooperfoster/desktop/hoops/box_scores/202504130GSW_GSW_basic.csv,/users/cooperfoster/desktop/hoops/box_scores/202504130GSW_GSW_advance.csv,,,,,/users/cooperfoster/desktop/hoops/box_scores/202504130GSW_LAC_basic.csv,/users/cooperfoster/desktop/hoops/box_scores/202504130GSW_LAC_advance.csv,,,,,,,,,,,,,,,,,,,,,,,,,,,,,,,,,,,
202412250GSW,,,,,,,,,,,,,,,,,,,/users/cooperfoster/desktop/hoops/box_scores/202412250GSW_GSW_basic.csv,/users/cooperfoster/desktop/hoops/box_scores/202412250GSW_GSW_advance.csv,,,,,,,/users/cooperfoster/desktop/hoops/box_scores/202412250GSW_LAL_basic.csv,/users/cooperfoster/desktop/hoops/box_scores/202412250GSW_LAL_advance.csv,,,,,,,,,,,,,,,,,,,,,,,,,,,,,,,,,
202501250GSW,,,,,,,,,,,,,,,,,,,/users/cooperfoster/desktop/hoops/box_scores/202501250GSW_GSW_basic.csv,/users/cooperfoster/desktop/hoops/box_scores/202501250GSW_GSW_advance.csv,,,,,,,/users/cooperfoster/desktop/hoops/box_scores/202501250GSW_LAL_basic.csv,/users/cooperfoster/desktop/hoops/box_scores/202501250GSW_LAL_advance.csv,,,,,,,,,,,,,,,,,,,,,,,,,,,,,,,,,
202411150GSW,,,,,,,,,,,,,,,,,,,/users/cooperfoster/desktop/hoops/box_scores/202411150GSW_GSW_basic.csv,/users/cooperfoster/desktop/hoops/box_scores/202411150GSW_GSW_advance.csv,,,,,,,,,/users/cooperfoster/desktop/hoops/box_scores/202411150GSW_MEM_basic.csv,/users/cooperfoster/desktop/hoops/box_scores/202411150GSW_MEM_advance.csv,,,,,,,,,,,,,,,,,,,,,,,,,,,,,,,
202501040GSW,,,,,,,,,,,,,,,,,,,/users/cooperfoster/desktop/hoops/box_scores/202501040GSW_GSW_basic.csv,/users/cooperfoster/desktop/hoops/box_scores/202501040GSW_GSW_advance.csv,,,,,,,,,/users/cooperfoster/desktop/hoops/box_scores/202501040GSW_MEM_basic.csv,/users/cooperfoster/desktop/hoops/box_scores/202501040GSW_MEM_advance.csv,,,,,,,,,,,,,,,,,,,,,,,,,,,,,,,
202501070GSW,,,,,,,,,,,,,,,,,,,/users/cooperfoster/desktop/hoops/box_scores/202501070GSW_GSW_basic.csv,/users/cooperfoster/desktop/hoops/box_scores/202501070GSW_GSW_advance.csv,,,,,,,,,,,/users/cooperfoster/desktop/hoops/box_scores/202501070GSW_MIA_basic.csv,/users/cooperfoster/desktop/hoops/box_scores/202501070GSW_MIA_advance.csv,,,,,,,,,,,,,,,,,,,,,,,,,,,,,
202503180GSW,,,,,,,,,,,,,,,,,,,/users/cooperfoster/desktop/hoops/box_scores/202503180GSW_GSW_basic.csv,/users/cooperfoster/desktop/hoops/box_scores/202503180GSW_GSW_advance.csv,,,,,,,,,,,,,/users/cooperfoster/desktop/hoops/box_scores/202503180GSW_MIL_basic.csv,/users/cooperfoster/desktop/hoops/box_scores/202503180GSW_MIL_advance.csv,,,,,,,,,,,,,,,,,,,,,,,,,,,
202412060GSW,,,,,,,,,,,,,,,,,,,/users/cooperfoster/desktop/hoops/box_scores/202412060GSW_GSW_basic.csv,/users/cooperfoster/desktop/hoops/box_scores/202412060GSW_GSW_advance.csv,,,,,,,,,,,,,,,/users/cooperfoster/desktop/hoops/box_scores/202412060GSW_MIN_basic.csv,/users/cooperfoster/desktop/hoops/box_scores/202412060GSW_MIN_advance.csv,,,,,,,,,,,,,,,,,,,,,,,,,
202412080GSW,,,,,,,,,,,,,,,,,,,/users/cooperfoster/desktop/hoops/box_scores/202412080GSW_GSW_basic.csv,/users/cooperfoster/desktop/hoops/box_scores/202412080GSW_GSW_advance.csv,,,,,,,,,,,,,,,/users/cooperfoster/desktop/hoops/box_scores/202412080GSW_MIN_basic.csv,/users/cooperfoster/desktop/hoops/box_scores/202412080GSW_MIN_advance.csv,,,,,,,,,,,,,,,,,,,,,,,,,
202410290GSW,,,,,,,,,,,,,,,,,,,/users/cooperfoster/desktop/hoops/box_scores/202410290GSW_GSW_basic.csv,/users/cooperfoster/desktop/hoops/box_scores/202410290GSW_GSW_advance.csv,,,,,,,,,,,,,,,,,/users/cooperfoster/desktop/hoops/box_scores/202410290GSW_NOP_basic.csv,/users/cooperfoster/desktop/hoops/box_scores/202410290GSW_NOP_advance.csv,,,,,,,,,,,,,,,,,,,,,,,
202410300GSW,,,,,,,,,,,,,,,,,,,/users/cooperfoster/desktop/hoops/box_scores/202410300GSW_GSW_basic.csv,/users/cooperfoster/desktop/hoops/box_scores/202410300GSW_GSW_advance.csv,,,,,,,,,,,,,,,,,/users/cooperfoster/desktop/hoops/box_scores/202410300GSW_NOP_basic.csv,/users/cooperfoster/desktop/hoops/box_scores/202410300GSW_NOP_advance.csv,,,,,,,,,,,,,,,,,,,,,,,
202503150GSW,,,,,,,,,,,,,,,,,,,/users/cooperfoster/desktop/hoops/box_scores/202503150GSW_GSW_basic.csv,/users/cooperfoster/desktop/hoops/box_scores/202503150GSW_GSW_advance.csv,,,,,,,,,,,,,,,,,,,/users/cooperfoster/desktop/hoops/box_scores/202503150GSW_NYK_basic.csv,/users/cooperfoster/desktop/hoops/box_scores/202503150GSW_NYK_advance.csv,,,,,,,,,,,,,,,,,,,,,
202411270GSW,,,,,,,,,,,,,,,,,,,/users/cooperfoster/desktop/hoops/box_scores/202411270GSW_GSW_basic.csv,/users/cooperfoster/desktop/hoops/box_scores/202411270GSW_GSW_advance.csv,,,,,,,,,,,,,,,,,,,,,/users/cooperfoster/desktop/hoops/box_scores/202411270GSW_OKC_basic.csv,/users/cooperfoster/desktop/hoops/box_scores/202411270GSW_OKC_advance.csv,,,,,,,,,,,,,,,,,,,
202501290GSW,,,,,,,,,,,,,,,,,,,/users/cooperfoster/desktop/hoops/box_scores/202501290GSW_GSW_basic.csv,/users/cooperfoster/desktop/hoops/box_scores/202501290GSW_GSW_advance.csv,,,,,,,,,,,,,,,,,,,,,/users/cooperfoster/desktop/hoops/box_scores/202501290GSW_OKC_basic.csv,/users/cooperfoster/desktop/hoops/box_scores/202501290GSW_OKC_advance.csv,,,,,,,,,,,,,,,,,,,
202502030GSW,,,,,,,,,,,,,,,,,,,/users/cooperfoster/desktop/hoops/box_scores/202502030GSW_GSW_basic.csv,/users/cooperfoster/desktop/hoops/box_scores/202502030GSW_GSW_advance.csv,,,,,,,,,,,,,,,,,,,,,,,/users/cooperfoster/desktop/hoops/box_scores/202502030GSW_ORL_basic.csv,/users/cooperfoster/desktop/hoops/box_scores/202502030GSW_ORL_advance.csv,,,,,,,,,,,,,,,,,
202501020GSW,,,,,,,,,,,,,,,,,,,/users/cooperfoster/desktop/hoops/box_scores/202501020GSW_GSW_basic.csv,/users/cooperfoster/desktop/hoops/box_scores/202501020GSW_GSW_advance.csv,,,,,,,,,,,,,,,,,,,,,,,,,/users/cooperfoster/desktop/hoops/box_scores/202501020GSW_PHI_basic.csv,/users/cooperfoster/desktop/hoops/box_scores/202501020GSW_PHI_advance.csv,,,,,,,,,,,,,,,
202412280GSW,,,,,,,,,,,,,,,,,,,/users/cooperfoster/desktop/hoops/box_scores/202412280GSW_GSW_basic.csv,/users/cooperfoster/desktop/hoops/box_scores/202412280GSW_GSW_advance.csv,,,,,,,,,,,,,,,,,,,,,,,,,,,/users/cooperfoster/desktop/hoops/box_scores/202412280GSW_PHO_basic.csv,/users/cooperfoster/desktop/hoops/box_scores/202412280GSW_PHO_advance.csv,,,,,,,,,,,,,
202501310GSW,,,,,,,,,,,,,,,,,,,/users/cooperfoster/desktop/hoops/box_scores/202501310GSW_GSW_basic.csv,/users/cooperfoster/desktop/hoops/box_scores/202501310GSW_GSW_advance.csv,,,,,,,,,,,,,,,,,,,,,,,,,,,/users/cooperfoster/desktop/hoops/box_scores/202501310GSW_PHO_basic.csv,/users/cooperfoster/desktop/hoops/box_scores/202501310GSW_PHO_advance.csv,,,,,,,,,,,,,
202503100GSW,,,,,,,,,,,,,,,,,,,/users/cooperfoster/desktop/hoops/box_scores/202503100GSW_GSW_basic.csv,/users/cooperfoster/desktop/hoops/box_scores/202503100GSW_GSW_advance.csv,,,,,,,,,,,,,,,,,,,,,,,,,,,,,/users/cooperfoster/desktop/hoops/box_scores/202503100GSW_POR_basic.csv,/users/cooperfoster/desktop/hoops/box_scores/202503100GSW_POR_advance.csv,,,,,,,,,,,
202501050GSW,,,,,,,,,,,,,,,,,,,/users/cooperfoster/desktop/hoops/box_scores/202501050GSW_GSW_basic.csv,/users/cooperfoster/desktop/hoops/box_scores/202501050GSW_GSW_advance.csv,,,,,,,,,,,,,,,,,,,,,,,,,,,,,,,/users/cooperfoster/desktop/hoops/box_scores/202501050GSW_SAC_basic.csv,/users/cooperfoster/desktop/hoops/box_scores/202501050GSW_SAC_advance.csv,,,,,,,,,
202503130GSW,,,,,,,,,,,,,,,,,,,/users/cooperfoster/desktop/hoops/box_scores/202503130GSW_GSW_basic.csv,/users/cooperfoster/desktop/hoops/box_scores/202503130GSW_GSW_advance.csv,,,,,,,,,,,,,,,,,,,,,,,,,,,,,,,/users/cooperfoster/desktop/hoops/box_scores/202503130GSW_SAC_basic.csv,/users/cooperfoster/desktop/hoops/box_scores/202503130GSW_SAC_advance.csv,,,,,,,,,
202504090GSW,,,,,,,,,,,,,,,,,,,/users/cooperfoster/desktop/hoops/box_scores/202504090GSW_GSW_basic.csv,/users/cooperfoster/desktop/hoops/box_scores/202504090GSW_GSW_advance.csv,,,,,,,,,,,,,,,,,,,,,,,,,,,,,,,,,/users/cooperfoster/desktop/hoops/box_scores/202504090GSW_SAS_basic.csv,/users/cooperfoster/desktop/hoops/box_scores/202504090GSW_SAS_advance.csv,,,,,,,
202503200GSW,,,,,,,,,,,,,,,,,,,/users/cooperfoster/desktop/hoops/box_scores/202503200GSW_GSW_basic.csv,/users/cooperfoster/desktop/hoops/box_scores/202503200GSW_GSW_advance.csv,,,,,,,,,,,,,,,,,,,,,,,,,,,,,,,,,,,/users/cooperfoster/desktop/hoops/box_scores/202503200GSW_TOR_basic.csv,/users/cooperfoster/desktop/hoops/box_scores/202503200GSW_TOR_advance.csv,,,,,
202501280GSW,,,,,,,,,,,,,,,,,,,/users/cooperfoster/desktop/hoops/box_scores/202501280GSW_GSW_basic.csv,/users/cooperfoster/desktop/hoops/box_scores/202501280GSW_GSW_advance.csv,,,,,,,,,,,,,,,,,,,,,,,,,,,,,,,,,,,,,/users/cooperfoster/desktop/hoops/box_scores/202501280GSW_UTA_basic.csv,/users/cooperfoster/desktop/hoops/box_scores/202501280GSW_UTA_advance.csv,,,
202501180GSW,,,,,,,,,,,,,,,,,,,/users/cooperfoster/desktop/hoops/box_scores/202501180GSW_GSW_basic.csv,/users/cooperfoster/desktop/hoops/box_scores/202501180GSW_GSW_advance.csv,,,,,,,,,,,,,,,,,,,,,,,,,,,,,,,,,,,,,,,/users/cooperfoster/desktop/hoops/box_scores/202501180GSW_WAS_basic.csv,/users/cooperfoster/desktop/hoops/box_scores/202501180GSW_WAS_advance.csv,
202503250HOU,/users/cooperfoster/desktop/hoops/box_scores/202503250HOU_ATL_basic.csv,/users/cooperfoster/desktop/hoops/box_scores/202503250HOU_ATL_advance.csv,,,,,,,,,,,,,,,,,,,/users/cooperfoster/desktop/hoops/box_scores/202503250HOU_HOU_basic.csv,/users/cooperfoster/desktop/hoops/box_scores/202503250HOU_HOU_advance.csv,,,,,,,,,,,,,,,,,,,,,,,,,,,,,,,,,,,,,,,
202502010HOU,,,/users/cooperfoster/desktop/hoops/box_scores/202502010HOU_BRK_basic.csv,/users/cooperfoster/desktop/hoops/box_scores/202502010HOU_BRK_advance.csv,,,,,,,,,,,,,,,,,/users/cooperfoster/desktop/hoops/box_scores/202502010HOU_HOU_basic.csv,/users/cooperfoster/desktop/hoops/box_scores/202502010HOU_HOU_advance.csv,,,,,,,,,,,,,,,,,,,,,,,,,,,,,,,,,,,,,,,
202501030HOU,,,,,/users/cooperfoster/desktop/hoops/box_scores/202501030HOU_BOS_basic.csv,/users/cooperfoster/desktop/hoops/box_scores/202501030HOU_BOS_advance.csv,,,,,,,,,,,,,,,/users/cooperfoster/desktop/hoops/box_scores/202501030HOU_HOU_basic.csv,/users/cooperfoster/desktop/hoops/box_scores/202501030HOU_HOU_advance.csv,,,,,,,,,,,,,,,,,,,,,,,,,,,,,,,,,,,,,,,
202503150HOU,,,,,,,/users/cooperfoster/desktop/hoops/box_scores/202503150HOU_CHI_basic.csv,/users/cooperfoster/desktop/hoops/box_scores/202503150HOU_CHI_advance.csv,,,,,,,,,,,,,/users/cooperfoster/desktop/hoops/box_scores/202503150HOU_HOU_basic.csv,/users/cooperfoster/desktop/hoops/box_scores/202503150HOU_HOU_advance.csv,,,,,,,,,,,,,,,,,,,,,,,,,,,,,,,,,,,,,,,
202410230HOU,,,,,,,,,/users/cooperfoster/desktop/hoops/box_scores/202410230HOU_CHO_basic.csv,/users/cooperfoster/desktop/hoops/box_scores/202410230HOU_CHO_advance.csv,,,,,,,,,,,/users/cooperfoster/desktop/hoops/box_scores/202410230HOU_HOU_basic.csv,/users/cooperfoster/desktop/hoops/box_scores/202410230HOU_HOU_advance.csv,,,,,,,,,,,,,,,,,,,,,,,,,,,,,,,,,,,,,,,
202501220HOU,,,,,,,,,,,/users/cooperfoster/desktop/hoops/box_scores/202501220HOU_CLE_basic.csv,/users/cooperfoster/desktop/hoops/box_scores/202501220HOU_CLE_advance.csv,,,,,,,,,/users/cooperfoster/desktop/hoops/box_scores/202501220HOU_HOU_basic.csv,/users/cooperfoster/desktop/hoops/box_scores/202501220HOU_HOU_advance.csv,,,,,,,,,,,,,,,,,,,,,,,,,,,,,,,,,,,,,,,
202501010HOU,,,,,,,,,,,,,/users/cooperfoster/desktop/hoops/box_scores/202501010HOU_DAL_basic.csv,/users/cooperfoster/desktop/hoops/box_scores/202501010HOU_DAL_advance.csv,,,,,,,/users/cooperfoster/desktop/hoops/box_scores/202501010HOU_HOU_basic.csv,/users/cooperfoster/desktop/hoops/box_scores/202501010HOU_HOU_advance.csv,,,,,,,,,,,,,,,,,,,,,,,,,,,,,,,,,,,,,,,
202503140HOU,,,,,,,,,,,,,/users/cooperfoster/desktop/hoops/box_scores/202503140HOU_DAL_basic.csv,/users/cooperfoster/desktop/hoops/box_scores/202503140HOU_DAL_advance.csv,,,,,,,/users/cooperfoster/desktop/hoops/box_scores/202503140HOU_HOU_basic.csv,/users/cooperfoster/desktop/hoops/box_scores/202503140HOU_HOU_advance.csv,,,,,,,,,,,,,,,,,,,,,,,,,,,,,,,,,,,,,,,
202503230HOU,,,,,,,,,,,,,,,/users/cooperfoster/desktop/hoops/box_scores/202503230HOU_DEN_basic.csv,/users/cooperfoster/desktop/hoops/box_scores/202503230HOU_DEN_advance.csv,,,,,/users/cooperfoster/desktop/hoops/box_scores/202503230HOU_HOU_basic.csv,/users/cooperfoster/desktop/hoops/box_scores/202503230HOU_HOU_advance.csv,,,,,,,,,,,,,,,,,,,,,,,,,,,,,,,,,,,,,,,
202504130HOU,,,,,,,,,,,,,,,/users/cooperfoster/desktop/hoops/box_scores/202504130HOU_DEN_basic.csv,/users/cooperfoster/desktop/hoops/box_scores/202504130HOU_DEN_advance.csv,,,,,/users/cooperfoster/desktop/hoops/box_scores/202504130HOU_HOU_basic.csv,/users/cooperfoster/desktop/hoops/box_scores/202504130HOU_HOU_advance.csv,,,,,,,,,,,,,,,,,,,,,,,,,,,,,,,,,,,,,,,
202501200HOU,,,,,,,,,,,,,,,,,/users/cooperfoster/desktop/hoops/box_scores/202501200HOU_DET_basic.csv,/users/cooperfoster/desktop/hoops/box_scores/202501200HOU_DET_advance.csv,,,/users/cooperfoster/desktop/hoops/box_scores/202501200HOU_HOU_basic.csv,/users/cooperfoster/desktop/hoops/box_scores/202501200HOU_HOU_advance.csv,,,,,,,,,,,,,,,,,,,,,,,,,,,,,,,,,,,,,,,
202411020HOU,,,,,,,,,,,,,,,,,,,/users/cooperfoster/desktop/hoops/box_scores/202411020HOU_GSW_basic.csv,/users/cooperfoster/desktop/hoops/box_scores/202411020HOU_GSW_advance.csv,/users/cooperfoster/desktop/hoops/box_scores/202411020HOU_HOU_basic.csv,/users/cooperfoster/desktop/hoops/box_scores/202411020HOU_HOU_advance.csv,,,,,,,,,,,,,,,,,,,,,,,,,,,,,,,,,,,,,,,
202412110HOU,,,,,,,,,,,,,,,,,,,/users/cooperfoster/desktop/hoops/box_scores/202412110HOU_GSW_basic.csv,/users/cooperfoster/desktop/hoops/box_scores/202412110HOU_GSW_advance.csv,/users/cooperfoster/desktop/hoops/box_scores/202412110HOU_HOU_basic.csv,/users/cooperfoster/desktop/hoops/box_scores/202412110HOU_HOU_advance.csv,,,,,,,,,,,,,,,,,,,,,,,,,,,,,,,,,,,,,,,
202502130HOU,,,,,,,,,,,,,,,,,,,/users/cooperfoster/desktop/hoops/box_scores/202502130HOU_GSW_basic.csv,/users/cooperfoster/desktop/hoops/box_scores/202502130HOU_GSW_advance.csv,/users/cooperfoster/desktop/hoops/box_scores/202502130HOU_HOU_basic.csv,/users/cooperfoster/desktop/hoops/box_scores/202502130HOU_HOU_advance.csv,,,,,,,,,,,,,,,,,,,,,,,,,,,,,,,,,,,,,,,
202411200HOU,,,,,,,,,,,,,,,,,,,,,/users/cooperfoster/desktop/hoops/box_scores/202411200HOU_HOU_basic.csv,/users/cooperfoster/desktop/hoops/box_scores/202411200HOU_HOU_advance.csv,/users/cooperfoster/desktop/hoops/box_scores/202411200HOU_IND_basic.csv,/users/cooperfoster/desktop/hoops/box_scores/202411200HOU_IND_advance.csv,,,,,,,,,,,,,,,,,,,,,,,,,,,,,,,,,,,,,
202411130HOU,,,,,,,,,,,,,,,,,,,,,/users/cooperfoster/desktop/hoops/box_scores/202411130HOU_HOU_basic.csv,/users/cooperfoster/desktop/hoops/box_scores/202411130HOU_HOU_advance.csv,,,/users/cooperfoster/desktop/hoops/box_scores/202411130HOU_LAC_basic.csv,/users/cooperfoster/desktop/hoops/box_scores/202411130HOU_LAC_advance.csv,,,,,,,,,,,,,,,,,,,,,,,,,,,,,,,,,,,
202411150HOU,,,,,,,,,,,,,,,,,,,,,/users/cooperfoster/desktop/hoops/box_scores/202411150HOU_HOU_basic.csv,/users/cooperfoster/desktop/hoops/box_scores/202411150HOU_HOU_advance.csv,,,/users/cooperfoster/desktop/hoops/box_scores/202411150HOU_LAC_basic.csv,/users/cooperfoster/desktop/hoops/box_scores/202411150HOU_LAC_advance.csv,,,,,,,,,,,,,,,,,,,,,,,,,,,,,,,,,,,
202501050HOU,,,,,,,,,,,,,,,,,,,,,/users/cooperfoster/desktop/hoops/box_scores/202501050HOU_HOU_basic.csv,/users/cooperfoster/desktop/hoops/box_scores/202501050HOU_HOU_advance.csv,,,,,/users/cooperfoster/desktop/hoops/box_scores/202501050HOU_LAL_basic.csv,/users/cooperfoster/desktop/hoops/box_scores/202501050HOU_LAL_advance.csv,,,,,,,,,,,,,,,,,,,,,,,,,,,,,,,,,
202410250HOU,,,,,,,,,,,,,,,,,,,,,/users/cooperfoster/desktop/hoops/box_scores/202410250HOU_HOU_basic.csv,/users/cooperfoster/desktop/hoops/box_scores/202410250HOU_HOU_advance.csv,,,,,,,/users/cooperfoster/desktop/hoops/box_scores/202410250HOU_MEM_basic.csv,/users/cooperfoster/desktop/hoops/box_scores/202410250HOU_MEM_advance.csv,,,,,,,,,,,,,,,,,,,,,,,,,,,,,,,
202501130HOU,,,,,,,,,,,,,,,,,,,,,/users/cooperfoster/desktop/hoops/box_scores/202501130HOU_HOU_basic.csv,/users/cooperfoster/desktop/hoops/box_scores/202501130HOU_HOU_advance.csv,,,,,,,/users/cooperfoster/desktop/hoops/box_scores/202501130HOU_MEM_basic.csv,/users/cooperfoster/desktop/hoops/box_scores/202501130HOU_MEM_advance.csv,,,,,,,,,,,,,,,,,,,,,,,,,,,,,,,
202412290HOU,,,,,,,,,,,,,,,,,,,,,/users/cooperfoster/desktop/hoops/box_scores/202412290HOU_HOU_basic.csv,/users/cooperfoster/desktop/hoops/box_scores/202412290HOU_HOU_advance.csv,,,,,,,,,/users/cooperfoster/desktop/hoops/box_scores/202412290HOU_MIA_basic.csv,/users/cooperfoster/desktop/hoops/box_scores/202412290HOU_MIA_advance.csv,,,,,,,,,,,,,,,,,,,,,,,,,,,,,
202502250HOU,,,,,,,,,,,,,,,,,,,,,/users/cooperfoster/desktop/hoops/box_scores/202502250HOU_HOU_basic.csv,/users/cooperfoster/desktop/hoops/box_scores/202502250HOU_HOU_advance.csv,,,,,,,,,,,/users/cooperfoster/desktop/hoops/box_scores/202502250HOU_MIL_basic.csv,/users/cooperfoster/desktop/hoops/box_scores/202502250HOU_MIL_advance.csv,,,,,,,,,,,,,,,,,,,,,,,,,,,
202412270HOU,,,,,,,,,,,,,,,,,,,,,/users/cooperfoster/desktop/hoops/box_scores/202412270HOU_HOU_basic.csv,/users/cooperfoster/desktop/hoops/box_scores/202412270HOU_HOU_advance.csv,,,,,,,,,,,,,/users/cooperfoster/desktop/hoops/box_scores/202412270HOU_MIN_basic.csv,/users/cooperfoster/desktop/hoops/box_scores/202412270HOU_MIN_advance.csv,,,,,,,,,,,,,,,,,,,,,,,,,
202502210HOU,,,,,,,,,,,,,,,,,,,,,/users/cooperfoster/desktop/hoops/box_scores/202502210HOU_HOU_basic.csv,/users/cooperfoster/desktop/hoops/box_scores/202502210HOU_HOU_advance.csv,,,,,,,,,,,,,/users/cooperfoster/desktop/hoops/box_scores/202502210HOU_MIN_basic.csv,/users/cooperfoster/desktop/hoops/box_scores/202502210HOU_MIN_advance.csv,,,,,,,,,,,,,,,,,,,,,,,,,
202412190HOU,,,,,,,,,,,,,,,,,,,,,/users/cooperfoster/desktop/hoops/box_scores/202412190HOU_HOU_basic.csv,/users/cooperfoster/desktop/hoops/box_scores/202412190HOU_HOU_advance.csv,,,,,,,,,,,,,,,/users/cooperfoster/desktop/hoops/box_scores/202412190HOU_NOP_basic.csv,/users/cooperfoster/desktop/hoops/box_scores/202412190HOU_NOP_advance.csv,,,,,,,,,,,,,,,,,,,,,,,
202503080HOU,,,,,,,,,,,,,,,,,,,,,/users/cooperfoster/desktop/hoops/box_scores/202503080HOU_HOU_basic.csv,/users/cooperfoster/desktop/hoops/box_scores/202503080HOU_HOU_advance.csv,,,,,,,,,,,,,,,/users/cooperfoster/desktop/hoops/box_scores/202503080HOU_NOP_basic.csv,/users/cooperfoster/desktop/hoops/box_scores/202503080HOU_NOP_advance.csv,,,,,,,,,,,,,,,,,,,,,,,
202411040HOU,,,,,,,,,,,,,,,,,,,,,/users/cooperfoster/desktop/hoops/box_scores/202411040HOU_HOU_basic.csv,/users/cooperfoster/desktop/hoops/box_scores/202411040HOU_HOU_advance.csv,,,,,,,,,,,,,,,,,/users/cooperfoster/desktop/hoops/box_scores/202411040HOU_NYK_basic.csv,/users/cooperfoster/desktop/hoops/box_scores/202411040HOU_NYK_advance.csv,,,,,,,,,,,,,,,,,,,,,
202412010HOU,,,,,,,,,,,,,,,,,,,,,/users/cooperfoster/desktop/hoops/box_scores/202412010HOU_HOU_basic.csv,/users/cooperfoster/desktop/hoops/box_scores/202412010HOU_HOU_advance.csv,,,,,,,,,,,,,,,,,,,/users/cooperfoster/desktop/hoops/box_scores/202412010HOU_OKC_basic.csv,/users/cooperfoster/desktop/hoops/box_scores/202412010HOU_OKC_advance.csv,,,,,,,,,,,,,,,,,,,
202504040HOU,,,,,,,,,,,,,,,,,,,,,/users/cooperfoster/desktop/hoops/box_scores/202504040HOU_HOU_basic.csv,/users/cooperfoster/desktop/hoops/box_scores/202504040HOU_HOU_advance.csv,,,,,,,,,,,,,,,,,,,/users/cooperfoster/desktop/hoops/box_scores/202504040HOU_OKC_basic.csv,/users/cooperfoster/desktop/hoops/box_scores/202504040HOU_OKC_advance.csv,,,,,,,,,,,,,,,,,,,
202503100HOU,,,,,,,,,,,,,,,,,,,,,/users/cooperfoster/desktop/hoops/box_scores/202503100HOU_HOU_basic.csv,/users/cooperfoster/desktop/hoops/box_scores/202503100HOU_HOU_advance.csv,,,,,,,,,,,,,,,,,,,,,/users/cooperfoster/desktop/hoops/box_scores/202503100HOU_ORL_basic.csv,/users/cooperfoster/desktop/hoops/box_scores/202503100HOU_ORL_advance.csv,,,,,,,,,,,,,,,,,
202503170HOU,,,,,,,,,,,,,,,,,,,,,/users/cooperfoster/desktop/hoops/box_scores/202503170HOU_HOU_basic.csv,/users/cooperfoster/desktop/hoops/box_scores/202503170HOU_HOU_advance.csv,,,,,,,,,,,,,,,,,,,,,,,/users/cooperfoster/desktop/hoops/box_scores/202503170HOU_PHI_basic.csv,/users/cooperfoster/desktop/hoops/box_scores/202503170HOU_PHI_advance.csv,,,,,,,,,,,,,,,
202502120HOU,,,,,,,,,,,,,,,,,,,,,/users/cooperfoster/desktop/hoops/box_scores/202502120HOU_HOU_basic.csv,/users/cooperfoster/desktop/hoops/box_scores/202502120HOU_HOU_advance.csv,,,,,,,,,,,,,,,,,,,,,,,,,/users/cooperfoster/desktop/hoops/box_scores/202502120HOU_PHO_basic.csv,/users/cooperfoster/desktop/hoops/box_scores/202502120HOU_PHO_advance.csv,,,,,,,,,,,,,
202503120HOU,,,,,,,,,,,,,,,,,,,,,/users/cooperfoster/desktop/hoops/box_scores/202503120HOU_HOU_basic.csv,/users/cooperfoster/desktop/hoops/box_scores/202503120HOU_HOU_advance.csv,,,,,,,,,,,,,,,,,,,,,,,,,/users/cooperfoster/desktop/hoops/box_scores/202503120HOU_PHO_basic.csv,/users/cooperfoster/desktop/hoops/box_scores/202503120HOU_PHO_advance.csv,,,,,,,,,,,,,
202411220HOU,,,,,,,,,,,,,,,,,,,,,/users/cooperfoster/desktop/hoops/box_scores/202411220HOU_HOU_basic.csv,/users/cooperfoster/desktop/hoops/box_scores/202411220HOU_HOU_advance.csv,,,,,,,,,,,,,,,,,,,,,,,,,,,/users/cooperfoster/desktop/hoops/box_scores/202411220HOU_POR_basic.csv,/users/cooperfoster/desktop/hoops/box_scores/202411220HOU_POR_advance.csv,,,,,,,,,,,
202411230HOU,,,,,,,,,,,,,,,,,,,,,/users/cooperfoster/desktop/hoops/box_scores/202411230HOU_HOU_basic.csv,/users/cooperfoster/desktop/hoops/box_scores/202411230HOU_HOU_advance.csv,,,,,,,,,,,,,,,,,,,,,,,,,,,/users/cooperfoster/desktop/hoops/box_scores/202411230HOU_POR_basic.csv,/users/cooperfoster/desktop/hoops/box_scores/202411230HOU_POR_advance.csv,,,,,,,,,,,
202503010HOU,,,,,,,,,,,,,,,,,,,,,/users/cooperfoster/desktop/hoops/box_scores/202503010HOU_HOU_basic.csv,/users/cooperfoster/desktop/hoops/box_scores/202503010HOU_HOU_advance.csv,,,,,,,,,,,,,,,,,,,,,,,,,,,,,/users/cooperfoster/desktop/hoops/box_scores/202503010HOU_SAC_basic.csv,/users/cooperfoster/desktop/hoops/box_scores/202503010HOU_SAC_advance.csv,,,,,,,,,
202411060HOU,,,,,,,,,,,,,,,,,,,,,/users/cooperfoster/desktop/hoops/box_scores/202411060HOU_HOU_basic.csv,/users/cooperfoster/desktop/hoops/box_scores/202411060HOU_HOU_advance.csv,,,,,,,,,,,,,,,,,,,,,,,,,,,,,,,/users/cooperfoster/desktop/hoops/box_scores/202411060HOU_SAS_basic.csv,/users/cooperfoster/desktop/hoops/box_scores/202411060HOU_SAS_advance.csv,,,,,,,
202502260HOU,,,,,,,,,,,,,,,,,,,,,/users/cooperfoster/desktop/hoops/box_scores/202502260HOU_HOU_basic.csv,/users/cooperfoster/desktop/hoops/box_scores/202502260HOU_HOU_advance.csv,,,,,,,,,,,,,,,,,,,,,,,,,,,,,,,/users/cooperfoster/desktop/hoops/box_scores/202502260HOU_SAS_basic.csv,/users/cooperfoster/desktop/hoops/box_scores/202502260HOU_SAS_advance.csv,,,,,,,
202502090HOU,,,,,,,,,,,,,,,,,,,,,/users/cooperfoster/desktop/hoops/box_scores/202502090HOU_HOU_basic.csv,/users/cooperfoster/desktop/hoops/box_scores/202502090HOU_HOU_advance.csv,,,,,,,,,,,,,,,,,,,,,,,,,,,,,,,,,/users/cooperfoster/desktop/hoops/box_scores/202502090HOU_TOR_basic.csv,/users/cooperfoster/desktop/hoops/box_scores/202502090HOU_TOR_advance.csv,,,,,
202504020HOU,,,,,,,,,,,,,,,,,,,,,/users/cooperfoster/desktop/hoops/box_scores/202504020HOU_HOU_basic.csv,/users/cooperfoster/desktop/hoops/box_scores/202504020HOU_HOU_advance.csv,,,,,,,,,,,,,,,,,,,,,,,,,,,,,,,,,,,/users/cooperfoster/desktop/hoops/box_scores/202504020HOU_UTA_basic.csv,/users/cooperfoster/desktop/hoops/box_scores/202504020HOU_UTA_advance.csv,,,
202411110HOU,,,,,,,,,,,,,,,,,,,,,/users/cooperfoster/desktop/hoops/box_scores/202411110HOU_HOU_basic.csv,/users/cooperfoster/desktop/hoops/box_scores/202411110HOU_HOU_advance.csv,,,,,,,,,,,,,,,,,,,,,,,,,,,,,,,,,,,,,/users/cooperfoster/desktop/hoops/box_scores/202411110HOU_WAS_basic.csv,/users/cooperfoster/desktop/hoops/box_scores/202411110HOU_WAS_advance.csv,
202502010IND,/users/cooperfoster/desktop/hoops/box_scores/202502010IND_ATL_basic.csv,/users/cooperfoster/desktop/hoops/box_scores/202502010IND_ATL_advance.csv,,,,,,,,,,,,,,,,,,,,,/users/cooperfoster/desktop/hoops/box_scores/202502010IND_IND_basic.csv,/users/cooperfoster/desktop/hoops/box_scores/202502010IND_IND_advance.csv,,,,,,,,,,,,,,,,,,,,,,,,,,,,,,,,,,,,,
202503200IND,,,/users/cooperfoster/desktop/hoops/box_scores/202503200IND_BRK_basic.csv,/users/cooperfoster/desktop/hoops/box_scores/202503200IND_BRK_advance.csv,,,,,,,,,,,,,,,,,,,/users/cooperfoster/desktop/hoops/box_scores/202503200IND_IND_basic.csv,/users/cooperfoster/desktop/hoops/box_scores/202503200IND_IND_advance.csv,,,,,,,,,,,,,,,,,,,,,,,,,,,,,,,,,,,,,
202503220IND,,,/users/cooperfoster/desktop/hoops/box_scores/202503220IND_BRK_basic.csv,/users/cooperfoster/desktop/hoops/box_scores/202503220IND_BRK_advance.csv,,,,,,,,,,,,,,,,,,,/users/cooperfoster/desktop/hoops/box_scores/202503220IND_IND_basic.csv,/users/cooperfoster/desktop/hoops/box_scores/202503220IND_IND_advance.csv,,,,,,,,,,,,,,,,,,,,,,,,,,,,,,,,,,,,,
202410300IND,,,,,/users/cooperfoster/desktop/hoops/box_scores/202410300IND_BOS_basic.csv,/users/cooperfoster/desktop/hoops/box_scores/202410300IND_BOS_advance.csv,,,,,,,,,,,,,,,,,/users/cooperfoster/desktop/hoops/box_scores/202410300IND_IND_basic.csv,/users/cooperfoster/desktop/hoops/box_scores/202410300IND_IND_advance.csv,,,,,,,,,,,,,,,,,,,,,,,,,,,,,,,,,,,,,
202501080IND,,,,,,,/users/cooperfoster/desktop/hoops/box_scores/202501080IND_CHI_basic.csv,/users/cooperfoster/desktop/hoops/box_scores/202501080IND_CHI_advance.csv,,,,,,,,,,,,,,,/users/cooperfoster/desktop/hoops/box_scores/202501080IND_IND_basic.csv,/users/cooperfoster/desktop/hoops/box_scores/202501080IND_IND_advance.csv,,,,,,,,,,,,,,,,,,,,,,,,,,,,,,,,,,,,,
202503020IND,,,,,,,/users/cooperfoster/desktop/hoops/box_scores/202503020IND_CHI_basic.csv,/users/cooperfoster/desktop/hoops/box_scores/202503020IND_CHI_advance.csv,,,,,,,,,,,,,,,/users/cooperfoster/desktop/hoops/box_scores/202503020IND_IND_basic.csv,/users/cooperfoster/desktop/hoops/box_scores/202503020IND_IND_advance.csv,,,,,,,,,,,,,,,,,,,,,,,,,,,,,,,,,,,,,
202412080IND,,,,,,,,,/users/cooperfoster/desktop/hoops/box_scores/202412080IND_CHO_basic.csv,/users/cooperfoster/desktop/hoops/box_scores/202412080IND_CHO_advance.csv,,,,,,,,,,,,,/users/cooperfoster/desktop/hoops/box_scores/202412080IND_IND_basic.csv,/users/cooperfoster/desktop/hoops/box_scores/202412080IND_IND_advance.csv,,,,,,,,,,,,,,,,,,,,,,,,,,,,,,,,,,,,,
202504020IND,,,,,,,,,/users/cooperfoster/desktop/hoops/box_scores/202504020IND_CHO_basic.csv,/users/cooperfoster/desktop/hoops/box_scores/202504020IND_CHO_advance.csv,,,,,,,,,,,,,/users/cooperfoster/desktop/hoops/box_scores/202504020IND_IND_basic.csv,/users/cooperfoster/desktop/hoops/box_scores/202504020IND_IND_advance.csv,,,,,,,,,,,,,,,,,,,,,,,,,,,,,,,,,,,,,
202501140IND,,,,,,,,,,,/users/cooperfoster/desktop/hoops/box_scores/202501140IND_CLE_basic.csv,/users/cooperfoster/desktop/hoops/box_scores/202501140IND_CLE_advance.csv,,,,,,,,,,,/users/cooperfoster/desktop/hoops/box_scores/202501140IND_IND_basic.csv,/users/cooperfoster/desktop/hoops/box_scores/202501140IND_IND_advance.csv,,,,,,,,,,,,,,,,,,,,,,,,,,,,,,,,,,,,,
202504100IND,,,,,,,,,,,/users/cooperfoster/desktop/hoops/box_scores/202504100IND_CLE_basic.csv,/users/cooperfoster/desktop/hoops/box_scores/202504100IND_CLE_advance.csv,,,,,,,,,,,/users/cooperfoster/desktop/hoops/box_scores/202504100IND_IND_basic.csv,/users/cooperfoster/desktop/hoops/box_scores/202504100IND_IND_advance.csv,,,,,,,,,,,,,,,,,,,,,,,,,,,,,,,,,,,,,
202503190IND,,,,,,,,,,,,,/users/cooperfoster/desktop/hoops/box_scores/202503190IND_DAL_basic.csv,/users/cooperfoster/desktop/hoops/box_scores/202503190IND_DAL_advance.csv,,,,,,,,,/users/cooperfoster/desktop/hoops/box_scores/202503190IND_IND_basic.csv,/users/cooperfoster/desktop/hoops/box_scores/202503190IND_IND_advance.csv,,,,,,,,,,,,,,,,,,,,,,,,,,,,,,,,,,,,,
202502240IND,,,,,,,,,,,,,,,/users/cooperfoster/desktop/hoops/box_scores/202502240IND_DEN_basic.csv,/users/cooperfoster/desktop/hoops/box_scores/202502240IND_DEN_advance.csv,,,,,,,/users/cooperfoster/desktop/hoops/box_scores/202502240IND_IND_basic.csv,/users/cooperfoster/desktop/hoops/box_scores/202502240IND_IND_advance.csv,,,,,,,,,,,,,,,,,,,,,,,,,,,,,,,,,,,,,
202411290IND,,,,,,,,,,,,,,,,,/users/cooperfoster/desktop/hoops/box_scores/202411290IND_DET_basic.csv,/users/cooperfoster/desktop/hoops/box_scores/202411290IND_DET_advance.csv,,,,,/users/cooperfoster/desktop/hoops/box_scores/202411290IND_IND_basic.csv,/users/cooperfoster/desktop/hoops/box_scores/202411290IND_IND_advance.csv,,,,,,,,,,,,,,,,,,,,,,,,,,,,,,,,,,,,,
202501290IND,,,,,,,,,,,,,,,,,/users/cooperfoster/desktop/hoops/box_scores/202501290IND_DET_basic.csv,/users/cooperfoster/desktop/hoops/box_scores/202501290IND_DET_advance.csv,,,,,/users/cooperfoster/desktop/hoops/box_scores/202501290IND_IND_basic.csv,/users/cooperfoster/desktop/hoops/box_scores/202501290IND_IND_advance.csv,,,,,,,,,,,,,,,,,,,,,,,,,,,,,,,,,,,,,
202501100IND,,,,,,,,,,,,,,,,,,,/users/cooperfoster/desktop/hoops/box_scores/202501100IND_GSW_basic.csv,/users/cooperfoster/desktop/hoops/box_scores/202501100IND_GSW_advance.csv,,,/users/cooperfoster/desktop/hoops/box_scores/202501100IND_IND_basic.csv,/users/cooperfoster/desktop/hoops/box_scores/202501100IND_IND_advance.csv,,,,,,,,,,,,,,,,,,,,,,,,,,,,,,,,,,,,,
202503040IND,,,,,,,,,,,,,,,,,,,,,/users/cooperfoster/desktop/hoops/box_scores/202503040IND_HOU_basic.csv,/users/cooperfoster/desktop/hoops/box_scores/202503040IND_HOU_advance.csv,/users/cooperfoster/desktop/hoops/box_scores/202503040IND_IND_basic.csv,/users/cooperfoster/desktop/hoops/box_scores/202503040IND_IND_advance.csv,,,,,,,,,,,,,,,,,,,,,,,,,,,,,,,,,,,,,
202502230IND,,,,,,,,,,,,,,,,,,,,,,,/users/cooperfoster/desktop/hoops/box_scores/202502230IND_IND_basic.csv,/users/cooperfoster/desktop/hoops/box_scores/202502230IND_IND_advance.csv,/users/cooperfoster/desktop/hoops/box_scores/202502230IND_LAC_basic.csv,/users/cooperfoster/desktop/hoops/box_scores/202502230IND_LAC_advance.csv,,,,,,,,,,,,,,,,,,,,,,,,,,,,,,,,,,,
202503260IND,,,,,,,,,,,,,,,,,,,,,,,/users/cooperfoster/desktop/hoops/box_scores/202503260IND_IND_basic.csv,/users/cooperfoster/desktop/hoops/box_scores/202503260IND_IND_advance.csv,,,/users/cooperfoster/desktop/hoops/box_scores/202503260IND_LAL_basic.csv,/users/cooperfoster/desktop/hoops/box_scores/202503260IND_LAL_advance.csv,,,,,,,,,,,,,,,,,,,,,,,,,,,,,,,,,
202502200IND,,,,,,,,,,,,,,,,,,,,,,,/users/cooperfoster/desktop/hoops/box_scores/202502200IND_IND_basic.csv,/users/cooperfoster/desktop/hoops/box_scores/202502200IND_IND_advance.csv,,,,,/users/cooperfoster/desktop/hoops/box_scores/202502200IND_MEM_basic.csv,/users/cooperfoster/desktop/hoops/box_scores/202502200IND_MEM_advance.csv,,,,,,,,,,,,,,,,,,,,,,,,,,,,,,,
202411150IND,,,,,,,,,,,,,,,,,,,,,,,/users/cooperfoster/desktop/hoops/box_scores/202411150IND_IND_basic.csv,/users/cooperfoster/desktop/hoops/box_scores/202411150IND_IND_advance.csv,,,,,,,/users/cooperfoster/desktop/hoops/box_scores/202411150IND_MIA_basic.csv,/users/cooperfoster/desktop/hoops/box_scores/202411150IND_MIA_advance.csv,,,,,,,,,,,,,,,,,,,,,,,,,,,,,
202411170IND,,,,,,,,,,,,,,,,,,,,,,,/users/cooperfoster/desktop/hoops/box_scores/202411170IND_IND_basic.csv,/users/cooperfoster/desktop/hoops/box_scores/202411170IND_IND_advance.csv,,,,,,,/users/cooperfoster/desktop/hoops/box_scores/202411170IND_MIA_basic.csv,/users/cooperfoster/desktop/hoops/box_scores/202411170IND_MIA_advance.csv,,,,,,,,,,,,,,,,,,,,,,,,,,,,,
202412310IND,,,,,,,,,,,,,,,,,,,,,,,/users/cooperfoster/desktop/hoops/box_scores/202412310IND_IND_basic.csv,/users/cooperfoster/desktop/hoops/box_scores/202412310IND_IND_advance.csv,,,,,,,,,/users/cooperfoster/desktop/hoops/box_scores/202412310IND_MIL_basic.csv,/users/cooperfoster/desktop/hoops/box_scores/202412310IND_MIL_advance.csv,,,,,,,,,,,,,,,,,,,,,,,,,,,
202503110IND,,,,,,,,,,,,,,,,,,,,,,,/users/cooperfoster/desktop/hoops/box_scores/202503110IND_IND_basic.csv,/users/cooperfoster/desktop/hoops/box_scores/202503110IND_IND_advance.csv,,,,,,,,,/users/cooperfoster/desktop/hoops/box_scores/202503110IND_MIL_basic.csv,/users/cooperfoster/desktop/hoops/box_scores/202503110IND_MIL_advance.csv,,,,,,,,,,,,,,,,,,,,,,,,,,,
202503240IND,,,,,,,,,,,,,,,,,,,,,,,/users/cooperfoster/desktop/hoops/box_scores/202503240IND_IND_basic.csv,/users/cooperfoster/desktop/hoops/box_scores/202503240IND_IND_advance.csv,,,,,,,,,,,/users/cooperfoster/desktop/hoops/box_scores/202503240IND_MIN_basic.csv,/users/cooperfoster/desktop/hoops/box_scores/202503240IND_MIN_advance.csv,,,,,,,,,,,,,,,,,,,,,,,,,
202411250IND,,,,,,,,,,,,,,,,,,,,,,,/users/cooperfoster/desktop/hoops/box_scores/202411250IND_IND_basic.csv,/users/cooperfoster/desktop/hoops/box_scores/202411250IND_IND_advance.csv,,,,,,,,,,,,,/users/cooperfoster/desktop/hoops/box_scores/202411250IND_NOP_basic.csv,/users/cooperfoster/desktop/hoops/box_scores/202411250IND_NOP_advance.csv,,,,,,,,,,,,,,,,,,,,,,,
202412150IND,,,,,,,,,,,,,,,,,,,,,,,/users/cooperfoster/desktop/hoops/box_scores/202412150IND_IND_basic.csv,/users/cooperfoster/desktop/hoops/box_scores/202412150IND_IND_advance.csv,,,,,,,,,,,,,/users/cooperfoster/desktop/hoops/box_scores/202412150IND_NOP_basic.csv,/users/cooperfoster/desktop/hoops/box_scores/202412150IND_NOP_advance.csv,,,,,,,,,,,,,,,,,,,,,,,
202411100IND,,,,,,,,,,,,,,,,,,,,,,,/users/cooperfoster/desktop/hoops/box_scores/202411100IND_IND_basic.csv,/users/cooperfoster/desktop/hoops/box_scores/202411100IND_IND_advance.csv,,,,,,,,,,,,,,,/users/cooperfoster/desktop/hoops/box_scores/202411100IND_NYK_basic.csv,/users/cooperfoster/desktop/hoops/box_scores/202411100IND_NYK_advance.csv,,,,,,,,,,,,,,,,,,,,,
202502110IND,,,,,,,,,,,,,,,,,,,,,,,/users/cooperfoster/desktop/hoops/box_scores/202502110IND_IND_basic.csv,/users/cooperfoster/desktop/hoops/box_scores/202502110IND_IND_advance.csv,,,,,,,,,,,,,,,/users/cooperfoster/desktop/hoops/box_scores/202502110IND_NYK_basic.csv,/users/cooperfoster/desktop/hoops/box_scores/202502110IND_NYK_advance.csv,,,,,,,,,,,,,,,,,,,,,
202412260IND,,,,,,,,,,,,,,,,,,,,,,,/users/cooperfoster/desktop/hoops/box_scores/202412260IND_IND_basic.csv,/users/cooperfoster/desktop/hoops/box_scores/202412260IND_IND_advance.csv,,,,,,,,,,,,,,,,,/users/cooperfoster/desktop/hoops/box_scores/202412260IND_OKC_basic.csv,/users/cooperfoster/desktop/hoops/box_scores/202412260IND_OKC_advance.csv,,,,,,,,,,,,,,,,,,,
202411060IND,,,,,,,,,,,,,,,,,,,,,,,/users/cooperfoster/desktop/hoops/box_scores/202411060IND_IND_basic.csv,/users/cooperfoster/desktop/hoops/box_scores/202411060IND_IND_advance.csv,,,,,,,,,,,,,,,,,,,/users/cooperfoster/desktop/hoops/box_scores/202411060IND_ORL_basic.csv,/users/cooperfoster/desktop/hoops/box_scores/202411060IND_ORL_advance.csv,,,,,,,,,,,,,,,,,
202504110IND,,,,,,,,,,,,,,,,,,,,,,,/users/cooperfoster/desktop/hoops/box_scores/202504110IND_IND_basic.csv,/users/cooperfoster/desktop/hoops/box_scores/202504110IND_IND_advance.csv,,,,,,,,,,,,,,,,,,,/users/cooperfoster/desktop/hoops/box_scores/202504110IND_ORL_basic.csv,/users/cooperfoster/desktop/hoops/box_scores/202504110IND_ORL_advance.csv,,,,,,,,,,,,,,,,,
202410270IND,,,,,,,,,,,,,,,,,,,,,,,/users/cooperfoster/desktop/hoops/box_scores/202410270IND_IND_basic.csv,/users/cooperfoster/desktop/hoops/box_scores/202410270IND_IND_advance.csv,,,,,,,,,,,,,,,,,,,,,/users/cooperfoster/desktop/hoops/box_scores/202410270IND_PHI_basic.csv,/users/cooperfoster/desktop/hoops/box_scores/202410270IND_PHI_advance.csv,,,,,,,,,,,,,,,
202501180IND,,,,,,,,,,,,,,,,,,,,,,,/users/cooperfoster/desktop/hoops/box_scores/202501180IND_IND_basic.csv,/users/cooperfoster/desktop/hoops/box_scores/202501180IND_IND_advance.csv,,,,,,,,,,,,,,,,,,,,,/users/cooperfoster/desktop/hoops/box_scores/202501180IND_PHI_basic.csv,/users/cooperfoster/desktop/hoops/box_scores/202501180IND_PHI_advance.csv,,,,,,,,,,,,,,,
202501040IND,,,,,,,,,,,,,,,,,,,,,,,/users/cooperfoster/desktop/hoops/box_scores/202501040IND_IND_basic.csv,/users/cooperfoster/desktop/hoops/box_scores/202501040IND_IND_advance.csv,,,,,,,,,,,,,,,,,,,,,,,/users/cooperfoster/desktop/hoops/box_scores/202501040IND_PHO_basic.csv,/users/cooperfoster/desktop/hoops/box_scores/202501040IND_PHO_advance.csv,,,,,,,,,,,,,
202411270IND,,,,,,,,,,,,,,,,,,,,,,,/users/cooperfoster/desktop/hoops/box_scores/202411270IND_IND_basic.csv,/users/cooperfoster/desktop/hoops/box_scores/202411270IND_IND_advance.csv,,,,,,,,,,,,,,,,,,,,,,,,,/users/cooperfoster/desktop/hoops/box_scores/202411270IND_POR_basic.csv,/users/cooperfoster/desktop/hoops/box_scores/202411270IND_POR_advance.csv,,,,,,,,,,,
202503310IND,,,,,,,,,,,,,,,,,,,,,,,/users/cooperfoster/desktop/hoops/box_scores/202503310IND_IND_basic.csv,/users/cooperfoster/desktop/hoops/box_scores/202503310IND_IND_advance.csv,,,,,,,,,,,,,,,,,,,,,,,,,,,/users/cooperfoster/desktop/hoops/box_scores/202503310IND_SAC_basic.csv,/users/cooperfoster/desktop/hoops/box_scores/202503310IND_SAC_advance.csv,,,,,,,,,
202501230IND,,,,,,,,,,,,,,,,,,,,,,,/users/cooperfoster/desktop/hoops/box_scores/202501230IND_IND_basic.csv,/users/cooperfoster/desktop/hoops/box_scores/202501230IND_IND_advance.csv,,,,,,,,,,,,,,,,,,,,,,,,,,,,,/users/cooperfoster/desktop/hoops/box_scores/202501230IND_SAS_basic.csv,/users/cooperfoster/desktop/hoops/box_scores/202501230IND_SAS_advance.csv,,,,,,,
202502260IND,,,,,,,,,,,,,,,,,,,,,,,/users/cooperfoster/desktop/hoops/box_scores/202502260IND_IND_basic.csv,/users/cooperfoster/desktop/hoops/box_scores/202502260IND_IND_advance.csv,,,,,,,,,,,,,,,,,,,,,,,,,,,,,,,/users/cooperfoster/desktop/hoops/box_scores/202502260IND_TOR_basic.csv,/users/cooperfoster/desktop/hoops/box_scores/202502260IND_TOR_advance.csv,,,,,
202504040IND,,,,,,,,,,,,,,,,,,,,,,,/users/cooperfoster/desktop/hoops/box_scores/202504040IND_IND_basic.csv,/users/cooperfoster/desktop/hoops/box_scores/202504040IND_IND_advance.csv,,,,,,,,,,,,,,,,,,,,,,,,,,,,,,,,,/users/cooperfoster/desktop/hoops/box_scores/202504040IND_UTA_basic.csv,/users/cooperfoster/desktop/hoops/box_scores/202504040IND_UTA_advance.csv,,,
202411240IND,,,,,,,,,,,,,,,,,,,,,,,/users/cooperfoster/desktop/hoops/box_scores/202411240IND_IND_basic.csv,/users/cooperfoster/desktop/hoops/box_scores/202411240IND_IND_advance.csv,,,,,,,,,,,,,,,,,,,,,,,,,,,,,,,,,,,/users/cooperfoster/desktop/hoops/box_scores/202411240IND_WAS_basic.csv,/users/cooperfoster/desktop/hoops/box_scores/202411240IND_WAS_advance.csv,
202504080IND,,,,,,,,,,,,,,,,,,,,,,,/users/cooperfoster/desktop/hoops/box_scores/202504080IND_IND_basic.csv,/users/cooperfoster/desktop/hoops/box_scores/202504080IND_IND_advance.csv,,,,,,,,,,,,,,,,,,,,,,,,,,,,,,,,,,,/users/cooperfoster/desktop/hoops/box_scores/202504080IND_WAS_basic.csv,/users/cooperfoster/desktop/hoops/box_scores/202504080IND_WAS_advance.csv,
202501040LAC,/users/cooperfoster/desktop/hoops/box_scores/202501040LAC_ATL_basic.csv,/users/cooperfoster/desktop/hoops/box_scores/202501040LAC_ATL_advance.csv,,,,,,,,,,,,,,,,,,,,,,,/users/cooperfoster/desktop/hoops/box_scores/202501040LAC_LAC_basic.csv,/users/cooperfoster/desktop/hoops/box_scores/202501040LAC_LAC_advance.csv,,,,,,,,,,,,,,,,,,,,,,,,,,,,,,,,,,,
202501150LAC,,,/users/cooperfoster/desktop/hoops/box_scores/202501150LAC_BRK_basic.csv,/users/cooperfoster/desktop/hoops/box_scores/202501150LAC_BRK_advance.csv,,,,,,,,,,,,,,,,,,,,,/users/cooperfoster/desktop/hoops/box_scores/202501150LAC_LAC_basic.csv,/users/cooperfoster/desktop/hoops/box_scores/202501150LAC_LAC_advance.csv,,,,,,,,,,,,,,,,,,,,,,,,,,,,,,,,,,,
202501220LAC,,,,,/users/cooperfoster/desktop/hoops/box_scores/202501220LAC_BOS_basic.csv,/users/cooperfoster/desktop/hoops/box_scores/202501220LAC_BOS_advance.csv,,,,,,,,,,,,,,,,,,,/users/cooperfoster/desktop/hoops/box_scores/202501220LAC_LAC_basic.csv,/users/cooperfoster/desktop/hoops/box_scores/202501220LAC_LAC_advance.csv,,,,,,,,,,,,,,,,,,,,,,,,,,,,,,,,,,,
202501200LAC,,,,,,,/users/cooperfoster/desktop/hoops/box_scores/202501200LAC_CHI_basic.csv,/users/cooperfoster/desktop/hoops/box_scores/202501200LAC_CHI_advance.csv,,,,,,,,,,,,,,,,,/users/cooperfoster/desktop/hoops/box_scores/202501200LAC_LAC_basic.csv,/users/cooperfoster/desktop/hoops/box_scores/202501200LAC_LAC_advance.csv,,,,,,,,,,,,,,,,,,,,,,,,,,,,,,,,,,,
202503160LAC,,,,,,,,,/users/cooperfoster/desktop/hoops/box_scores/202503160LAC_CHO_basic.csv,/users/cooperfoster/desktop/hoops/box_scores/202503160LAC_CHO_advance.csv,,,,,,,,,,,,,,,/users/cooperfoster/desktop/hoops/box_scores/202503160LAC_LAC_basic.csv,/users/cooperfoster/desktop/hoops/box_scores/202503160LAC_LAC_advance.csv,,,,,,,,,,,,,,,,,,,,,,,,,,,,,,,,,,,
202503180LAC,,,,,,,,,,,/users/cooperfoster/desktop/hoops/box_scores/202503180LAC_CLE_basic.csv,/users/cooperfoster/desktop/hoops/box_scores/202503180LAC_CLE_advance.csv,,,,,,,,,,,,,/users/cooperfoster/desktop/hoops/box_scores/202503180LAC_LAC_basic.csv,/users/cooperfoster/desktop/hoops/box_scores/202503180LAC_LAC_advance.csv,,,,,,,,,,,,,,,,,,,,,,,,,,,,,,,,,,,
202504040LAC,,,,,,,,,,,,,/users/cooperfoster/desktop/hoops/box_scores/202504040LAC_DAL_basic.csv,/users/cooperfoster/desktop/hoops/box_scores/202504040LAC_DAL_advance.csv,,,,,,,,,,,/users/cooperfoster/desktop/hoops/box_scores/202504040LAC_LAC_basic.csv,/users/cooperfoster/desktop/hoops/box_scores/202504040LAC_LAC_advance.csv,,,,,,,,,,,,,,,,,,,,,,,,,,,,,,,,,,,
202504050LAC,,,,,,,,,,,,,/users/cooperfoster/desktop/hoops/box_scores/202504050LAC_DAL_basic.csv,/users/cooperfoster/desktop/hoops/box_scores/202504050LAC_DAL_advance.csv,,,,,,,,,,,/users/cooperfoster/desktop/hoops/box_scores/202504050LAC_LAC_basic.csv,/users/cooperfoster/desktop/hoops/box_scores/202504050LAC_LAC_advance.csv,,,,,,,,,,,,,,,,,,,,,,,,,,,,,,,,,,,
202412010LAC,,,,,,,,,,,,,,,/users/cooperfoster/desktop/hoops/box_scores/202412010LAC_DEN_basic.csv,/users/cooperfoster/desktop/hoops/box_scores/202412010LAC_DEN_advance.csv,,,,,,,,,/users/cooperfoster/desktop/hoops/box_scores/202412010LAC_LAC_basic.csv,/users/cooperfoster/desktop/hoops/box_scores/202412010LAC_LAC_advance.csv,,,,,,,,,,,,,,,,,,,,,,,,,,,,,,,,,,,
202503050LAC,,,,,,,,,,,,,,,,,/users/cooperfoster/desktop/hoops/box_scores/202503050LAC_DET_basic.csv,/users/cooperfoster/desktop/hoops/box_scores/202503050LAC_DET_advance.csv,,,,,,,/users/cooperfoster/desktop/hoops/box_scores/202503050LAC_LAC_basic.csv,/users/cooperfoster/desktop/hoops/box_scores/202503050LAC_LAC_advance.csv,,,,,,,,,,,,,,,,,,,,,,,,,,,,,,,,,,,
202411180LAC,,,,,,,,,,,,,,,,,,,/users/cooperfoster/desktop/hoops/box_scores/202411180LAC_GSW_basic.csv,/users/cooperfoster/desktop/hoops/box_scores/202411180LAC_GSW_advance.csv,,,,,/users/cooperfoster/desktop/hoops/box_scores/202411180LAC_LAC_basic.csv,/users/cooperfoster/desktop/hoops/box_scores/202411180LAC_LAC_advance.csv,,,,,,,,,,,,,,,,,,,,,,,,,,,,,,,,,,,
202412270LAC,,,,,,,,,,,,,,,,,,,/users/cooperfoster/desktop/hoops/box_scores/202412270LAC_GSW_basic.csv,/users/cooperfoster/desktop/hoops/box_scores/202412270LAC_GSW_advance.csv,,,,,/users/cooperfoster/desktop/hoops/box_scores/202412270LAC_LAC_basic.csv,/users/cooperfoster/desktop/hoops/box_scores/202412270LAC_LAC_advance.csv,,,,,,,,,,,,,,,,,,,,,,,,,,,,,,,,,,,
202412080LAC,,,,,,,,,,,,,,,,,,,,,/users/cooperfoster/desktop/hoops/box_scores/202412080LAC_HOU_basic.csv,/users/cooperfoster/desktop/hoops/box_scores/202412080LAC_HOU_advance.csv,,,/users/cooperfoster/desktop/hoops/box_scores/202412080LAC_LAC_basic.csv,/users/cooperfoster/desktop/hoops/box_scores/202412080LAC_LAC_advance.csv,,,,,,,,,,,,,,,,,,,,,,,,,,,,,,,,,,,
202504090LAC,,,,,,,,,,,,,,,,,,,,,/users/cooperfoster/desktop/hoops/box_scores/202504090LAC_HOU_basic.csv,/users/cooperfoster/desktop/hoops/box_scores/202504090LAC_HOU_advance.csv,,,/users/cooperfoster/desktop/hoops/box_scores/202504090LAC_LAC_basic.csv,/users/cooperfoster/desktop/hoops/box_scores/202504090LAC_LAC_advance.csv,,,,,,,,,,,,,,,,,,,,,,,,,,,,,,,,,,,
202502060LAC,,,,,,,,,,,,,,,,,,,,,,,/users/cooperfoster/desktop/hoops/box_scores/202502060LAC_IND_basic.csv,/users/cooperfoster/desktop/hoops/box_scores/202502060LAC_IND_advance.csv,/users/cooperfoster/desktop/hoops/box_scores/202502060LAC_LAC_basic.csv,/users/cooperfoster/desktop/hoops/box_scores/202502060LAC_LAC_advance.csv,,,,,,,,,,,,,,,,,,,,,,,,,,,,,,,,,,,
202501190LAC,,,,,,,,,,,,,,,,,,,,,,,,,/users/cooperfoster/desktop/hoops/box_scores/202501190LAC_LAC_basic.csv,/users/cooperfoster/desktop/hoops/box_scores/202501190LAC_LAC_advance.csv,/users/cooperfoster/desktop/hoops/box_scores/202501190LAC_LAL_basic.csv,/users/cooperfoster/desktop/hoops/box_scores/202501190LAC_LAL_advance.csv,,,,,,,,,,,,,,,,,,,,,,,,,,,,,,,,,
202502040LAC,,,,,,,,,,,,,,,,,,,,,,,,,/users/cooperfoster/desktop/hoops/box_scores/202502040LAC_LAC_basic.csv,/users/cooperfoster/desktop/hoops/box_scores/202502040LAC_LAC_advance.csv,/users/cooperfoster/desktop/hoops/box_scores/202502040LAC_LAL_basic.csv,/users/cooperfoster/desktop/hoops/box_scores/202502040LAC_LAL_advance.csv,,,,,,,,,,,,,,,,,,,,,,,,,,,,,,,,,
202502120LAC,,,,,,,,,,,,,,,,,,,,,,,,,/users/cooperfoster/desktop/hoops/box_scores/202502120LAC_LAC_basic.csv,/users/cooperfoster/desktop/hoops/box_scores/202502120LAC_LAC_advance.csv,,,/users/cooperfoster/desktop/hoops/box_scores/202502120LAC_MEM_basic.csv,/users/cooperfoster/desktop/hoops/box_scores/202502120LAC_MEM_advance.csv,,,,,,,,,,,,,,,,,,,,,,,,,,,,,,,
202503210LAC,,,,,,,,,,,,,,,,,,,,,,,,,/users/cooperfoster/desktop/hoops/box_scores/202503210LAC_LAC_basic.csv,/users/cooperfoster/desktop/hoops/box_scores/202503210LAC_LAC_advance.csv,,,/users/cooperfoster/desktop/hoops/box_scores/202503210LAC_MEM_basic.csv,/users/cooperfoster/desktop/hoops/box_scores/202503210LAC_MEM_advance.csv,,,,,,,,,,,,,,,,,,,,,,,,,,,,,,,
202501130LAC,,,,,,,,,,,,,,,,,,,,,,,,,/users/cooperfoster/desktop/hoops/box_scores/202501130LAC_LAC_basic.csv,/users/cooperfoster/desktop/hoops/box_scores/202501130LAC_LAC_advance.csv,,,,,/users/cooperfoster/desktop/hoops/box_scores/202501130LAC_MIA_basic.csv,/users/cooperfoster/desktop/hoops/box_scores/202501130LAC_MIA_advance.csv,,,,,,,,,,,,,,,,,,,,,,,,,,,,,
202501250LAC,,,,,,,,,,,,,,,,,,,,,,,,,/users/cooperfoster/desktop/hoops/box_scores/202501250LAC_LAC_basic.csv,/users/cooperfoster/desktop/hoops/box_scores/202501250LAC_LAC_advance.csv,,,,,,,/users/cooperfoster/desktop/hoops/box_scores/202501250LAC_MIL_basic.csv,/users/cooperfoster/desktop/hoops/box_scores/202501250LAC_MIL_advance.csv,,,,,,,,,,,,,,,,,,,,,,,,,,,
202412040LAC,,,,,,,,,,,,,,,,,,,,,,,,,/users/cooperfoster/desktop/hoops/box_scores/202412040LAC_LAC_basic.csv,/users/cooperfoster/desktop/hoops/box_scores/202412040LAC_LAC_advance.csv,,,,,,,,,/users/cooperfoster/desktop/hoops/box_scores/202412040LAC_MIN_basic.csv,/users/cooperfoster/desktop/hoops/box_scores/202412040LAC_MIN_advance.csv,,,,,,,,,,,,,,,,,,,,,,,,,
202504020LAC,,,,,,,,,,,,,,,,,,,,,,,,,/users/cooperfoster/desktop/hoops/box_scores/202504020LAC_LAC_basic.csv,/users/cooperfoster/desktop/hoops/box_scores/202504020LAC_LAC_advance.csv,,,,,,,,,,,/users/cooperfoster/desktop/hoops/box_scores/202504020LAC_NOP_basic.csv,/users/cooperfoster/desktop/hoops/box_scores/202504020LAC_NOP_advance.csv,,,,,,,,,,,,,,,,,,,,,,,
202503070LAC,,,,,,,,,,,,,,,,,,,,,,,,,/users/cooperfoster/desktop/hoops/box_scores/202503070LAC_LAC_basic.csv,/users/cooperfoster/desktop/hoops/box_scores/202503070LAC_LAC_advance.csv,,,,,,,,,,,,,/users/cooperfoster/desktop/hoops/box_scores/202503070LAC_NYK_basic.csv,/users/cooperfoster/desktop/hoops/box_scores/202503070LAC_NYK_advance.csv,,,,,,,,,,,,,,,,,,,,,
202411020LAC,,,,,,,,,,,,,,,,,,,,,,,,,/users/cooperfoster/desktop/hoops/box_scores/202411020LAC_LAC_basic.csv,/users/cooperfoster/desktop/hoops/box_scores/202411020LAC_LAC_advance.csv,,,,,,,,,,,,,,,/users/cooperfoster/desktop/hoops/box_scores/202411020LAC_OKC_basic.csv,/users/cooperfoster/desktop/hoops/box_scores/202411020LAC_OKC_advance.csv,,,,,,,,,,,,,,,,,,,
202503230LAC,,,,,,,,,,,,,,,,,,,,,,,,,/users/cooperfoster/desktop/hoops/box_scores/202503230LAC_LAC_basic.csv,/users/cooperfoster/desktop/hoops/box_scores/202503230LAC_LAC_advance.csv,,,,,,,,,,,,,,,/users/cooperfoster/desktop/hoops/box_scores/202503230LAC_OKC_basic.csv,/users/cooperfoster/desktop/hoops/box_scores/202503230LAC_OKC_advance.csv,,,,,,,,,,,,,,,,,,,
202411200LAC,,,,,,,,,,,,,,,,,,,,,,,,,/users/cooperfoster/desktop/hoops/box_scores/202411200LAC_LAC_basic.csv,/users/cooperfoster/desktop/hoops/box_scores/202411200LAC_LAC_advance.csv,,,,,,,,,,,,,,,,,/users/cooperfoster/desktop/hoops/box_scores/202411200LAC_ORL_basic.csv,/users/cooperfoster/desktop/hoops/box_scores/202411200LAC_ORL_advance.csv,,,,,,,,,,,,,,,,,
202411060LAC,,,,,,,,,,,,,,,,,,,,,,,,,/users/cooperfoster/desktop/hoops/box_scores/202411060LAC_LAC_basic.csv,/users/cooperfoster/desktop/hoops/box_scores/202411060LAC_LAC_advance.csv,,,,,,,,,,,,,,,,,,,/users/cooperfoster/desktop/hoops/box_scores/202411060LAC_PHI_basic.csv,/users/cooperfoster/desktop/hoops/box_scores/202411060LAC_PHI_advance.csv,,,,,,,,,,,,,,,
202410230LAC,,,,,,,,,,,,,,,,,,,,,,,,,/users/cooperfoster/desktop/hoops/box_scores/202410230LAC_LAC_basic.csv,/users/cooperfoster/desktop/hoops/box_scores/202410230LAC_LAC_advance.csv,,,,,,,,,,,,,,,,,,,,,/users/cooperfoster/desktop/hoops/box_scores/202410230LAC_PHO_basic.csv,/users/cooperfoster/desktop/hoops/box_scores/202410230LAC_PHO_advance.csv,,,,,,,,,,,,,
202410310LAC,,,,,,,,,,,,,,,,,,,,,,,,,/users/cooperfoster/desktop/hoops/box_scores/202410310LAC_LAC_basic.csv,/users/cooperfoster/desktop/hoops/box_scores/202410310LAC_LAC_advance.csv,,,,,,,,,,,,,,,,,,,,,/users/cooperfoster/desktop/hoops/box_scores/202410310LAC_PHO_basic.csv,/users/cooperfoster/desktop/hoops/box_scores/202410310LAC_PHO_advance.csv,,,,,,,,,,,,,
202410300LAC,,,,,,,,,,,,,,,,,,,,,,,,,/users/cooperfoster/desktop/hoops/box_scores/202410300LAC_LAC_basic.csv,/users/cooperfoster/desktop/hoops/box_scores/202410300LAC_LAC_advance.csv,,,,,,,,,,,,,,,,,,,,,,,/users/cooperfoster/desktop/hoops/box_scores/202410300LAC_POR_basic.csv,/users/cooperfoster/desktop/hoops/box_scores/202410300LAC_POR_advance.csv,,,,,,,,,,,
202412030LAC,,,,,,,,,,,,,,,,,,,,,,,,,/users/cooperfoster/desktop/hoops/box_scores/202412030LAC_LAC_basic.csv,/users/cooperfoster/desktop/hoops/box_scores/202412030LAC_LAC_advance.csv,,,,,,,,,,,,,,,,,,,,,,,/users/cooperfoster/desktop/hoops/box_scores/202412030LAC_POR_basic.csv,/users/cooperfoster/desktop/hoops/box_scores/202412030LAC_POR_advance.csv,,,,,,,,,,,
202411220LAC,,,,,,,,,,,,,,,,,,,,,,,,,/users/cooperfoster/desktop/hoops/box_scores/202411220LAC_LAC_basic.csv,/users/cooperfoster/desktop/hoops/box_scores/202411220LAC_LAC_advance.csv,,,,,,,,,,,,,,,,,,,,,,,,,/users/cooperfoster/desktop/hoops/box_scores/202411220LAC_SAC_basic.csv,/users/cooperfoster/desktop/hoops/box_scores/202411220LAC_SAC_advance.csv,,,,,,,,,
202503090LAC,,,,,,,,,,,,,,,,,,,,,,,,,/users/cooperfoster/desktop/hoops/box_scores/202503090LAC_LAC_basic.csv,/users/cooperfoster/desktop/hoops/box_scores/202503090LAC_LAC_advance.csv,,,,,,,,,,,,,,,,,,,,,,,,,/users/cooperfoster/desktop/hoops/box_scores/202503090LAC_SAC_basic.csv,/users/cooperfoster/desktop/hoops/box_scores/202503090LAC_SAC_advance.csv,,,,,,,,,
202411040LAC,,,,,,,,,,,,,,,,,,,,,,,,,/users/cooperfoster/desktop/hoops/box_scores/202411040LAC_LAC_basic.csv,/users/cooperfoster/desktop/hoops/box_scores/202411040LAC_LAC_advance.csv,,,,,,,,,,,,,,,,,,,,,,,,,,,/users/cooperfoster/desktop/hoops/box_scores/202411040LAC_SAS_basic.csv,/users/cooperfoster/desktop/hoops/box_scores/202411040LAC_SAS_advance.csv,,,,,,,
202504080LAC,,,,,,,,,,,,,,,,,,,,,,,,,/users/cooperfoster/desktop/hoops/box_scores/202504080LAC_LAC_basic.csv,/users/cooperfoster/desktop/hoops/box_scores/202504080LAC_LAC_advance.csv,,,,,,,,,,,,,,,,,,,,,,,,,,,/users/cooperfoster/desktop/hoops/box_scores/202504080LAC_SAS_basic.csv,/users/cooperfoster/desktop/hoops/box_scores/202504080LAC_SAS_advance.csv,,,,,,,
202411090LAC,,,,,,,,,,,,,,,,,,,,,,,,,/users/cooperfoster/desktop/hoops/box_scores/202411090LAC_LAC_basic.csv,/users/cooperfoster/desktop/hoops/box_scores/202411090LAC_LAC_advance.csv,,,,,,,,,,,,,,,,,,,,,,,,,,,,,/users/cooperfoster/desktop/hoops/box_scores/202411090LAC_TOR_basic.csv,/users/cooperfoster/desktop/hoops/box_scores/202411090LAC_TOR_advance.csv,,,,,
202411170LAC,,,,,,,,,,,,,,,,,,,,,,,,,/users/cooperfoster/desktop/hoops/box_scores/202411170LAC_LAC_basic.csv,/users/cooperfoster/desktop/hoops/box_scores/202411170LAC_LAC_advance.csv,,,,,,,,,,,,,,,,,,,,,,,,,,,,,,,/users/cooperfoster/desktop/hoops/box_scores/202411170LAC_UTA_basic.csv,/users/cooperfoster/desktop/hoops/box_scores/202411170LAC_UTA_advance.csv,,,
202412160LAC,,,,,,,,,,,,,,,,,,,,,,,,,/users/cooperfoster/desktop/hoops/box_scores/202412160LAC_LAC_basic.csv,/users/cooperfoster/desktop/hoops/box_scores/202412160LAC_LAC_advance.csv,,,,,,,,,,,,,,,,,,,,,,,,,,,,,,,/users/cooperfoster/desktop/hoops/box_scores/202412160LAC_UTA_basic.csv,/users/cooperfoster/desktop/hoops/box_scores/202412160LAC_UTA_advance.csv,,,
202502080LAC,,,,,,,,,,,,,,,,,,,,,,,,,/users/cooperfoster/desktop/hoops/box_scores/202502080LAC_LAC_basic.csv,/users/cooperfoster/desktop/hoops/box_scores/202502080LAC_LAC_advance.csv,,,,,,,,,,,,,,,,,,,,,,,,,,,,,,,/users/cooperfoster/desktop/hoops/box_scores/202502080LAC_UTA_basic.csv,/users/cooperfoster/desktop/hoops/box_scores/202502080LAC_UTA_advance.csv,,,
202501230LAC,,,,,,,,,,,,,,,,,,,,,,,,,/users/cooperfoster/desktop/hoops/box_scores/202501230LAC_LAC_basic.csv,/users/cooperfoster/desktop/hoops/box_scores/202501230LAC_LAC_advance.csv,,,,,,,,,,,,,,,,,,,,,,,,,,,,,,,,,/users/cooperfoster/desktop/hoops/box_scores/202501230LAC_WAS_basic.csv,/users/cooperfoster/desktop/hoops/box_scores/202501230LAC_WAS_advance.csv,
202501030LAL,/users/cooperfoster/desktop/hoops/box_scores/202501030LAL_ATL_basic.csv,/users/cooperfoster/desktop/hoops/box_scores/202501030LAL_ATL_advance.csv,,,,,,,,,,,,,,,,,,,,,,,,,/users/cooperfoster/desktop/hoops/box_scores/202501030LAL_LAL_basic.csv,/users/cooperfoster/desktop/hoops/box_scores/202501030LAL_LAL_advance.csv,,,,,,,,,,,,,,,,,,,,,,,,,,,,,,,,,
202501170LAL,,,/users/cooperfoster/desktop/hoops/box_scores/202501170LAL_BRK_basic.csv,/users/cooperfoster/desktop/hoops/box_scores/202501170LAL_BRK_advance.csv,,,,,,,,,,,,,,,,,,,,,,,/users/cooperfoster/desktop/hoops/box_scores/202501170LAL_LAL_basic.csv,/users/cooperfoster/desktop/hoops/box_scores/202501170LAL_LAL_advance.csv,,,,,,,,,,,,,,,,,,,,,,,,,,,,,,,,,
202501230LAL,,,,,/users/cooperfoster/desktop/hoops/box_scores/202501230LAL_BOS_basic.csv,/users/cooperfoster/desktop/hoops/box_scores/202501230LAL_BOS_advance.csv,,,,,,,,,,,,,,,,,,,,,/users/cooperfoster/desktop/hoops/box_scores/202501230LAL_LAL_basic.csv,/users/cooperfoster/desktop/hoops/box_scores/202501230LAL_LAL_advance.csv,,,,,,,,,,,,,,,,,,,,,,,,,,,,,,,,,
202503220LAL,,,,,,,/users/cooperfoster/desktop/hoops/box_scores/202503220LAL_CHI_basic.csv,/users/cooperfoster/desktop/hoops/box_scores/202503220LAL_CHI_advance.csv,,,,,,,,,,,,,,,,,,,/users/cooperfoster/desktop/hoops/box_scores/202503220LAL_LAL_basic.csv,/users/cooperfoster/desktop/hoops/box_scores/202503220LAL_LAL_advance.csv,,,,,,,,,,,,,,,,,,,,,,,,,,,,,,,,,
202502190LAL,,,,,,,,,/users/cooperfoster/desktop/hoops/box_scores/202502190LAL_CHO_basic.csv,/users/cooperfoster/desktop/hoops/box_scores/202502190LAL_CHO_advance.csv,,,,,,,,,,,,,,,,,/users/cooperfoster/desktop/hoops/box_scores/202502190LAL_LAL_basic.csv,/users/cooperfoster/desktop/hoops/box_scores/202502190LAL_LAL_advance.csv,,,,,,,,,,,,,,,,,,,,,,,,,,,,,,,,,
202412310LAL,,,,,,,,,,,/users/cooperfoster/desktop/hoops/box_scores/202412310LAL_CLE_basic.csv,/users/cooperfoster/desktop/hoops/box_scores/202412310LAL_CLE_advance.csv,,,,,,,,,,,,,,,/users/cooperfoster/desktop/hoops/box_scores/202412310LAL_LAL_basic.csv,/users/cooperfoster/desktop/hoops/box_scores/202412310LAL_LAL_advance.csv,,,,,,,,,,,,,,,,,,,,,,,,,,,,,,,,,
202502250LAL,,,,,,,,,,,,,/users/cooperfoster/desktop/hoops/box_scores/202502250LAL_DAL_basic.csv,/users/cooperfoster/desktop/hoops/box_scores/202502250LAL_DAL_advance.csv,,,,,,,,,,,,,/users/cooperfoster/desktop/hoops/box_scores/202502250LAL_LAL_basic.csv,/users/cooperfoster/desktop/hoops/box_scores/202502250LAL_LAL_advance.csv,,,,,,,,,,,,,,,,,,,,,,,,,,,,,,,,,
202411230LAL,,,,,,,,,,,,,,,/users/cooperfoster/desktop/hoops/box_scores/202411230LAL_DEN_basic.csv,/users/cooperfoster/desktop/hoops/box_scores/202411230LAL_DEN_advance.csv,,,,,,,,,,,/users/cooperfoster/desktop/hoops/box_scores/202411230LAL_LAL_basic.csv,/users/cooperfoster/desktop/hoops/box_scores/202411230LAL_LAL_advance.csv,,,,,,,,,,,,,,,,,,,,,,,,,,,,,,,,,
202503190LAL,,,,,,,,,,,,,,,/users/cooperfoster/desktop/hoops/box_scores/202503190LAL_DEN_basic.csv,/users/cooperfoster/desktop/hoops/box_scores/202503190LAL_DEN_advance.csv,,,,,,,,,,,/users/cooperfoster/desktop/hoops/box_scores/202503190LAL_LAL_basic.csv,/users/cooperfoster/desktop/hoops/box_scores/202503190LAL_LAL_advance.csv,,,,,,,,,,,,,,,,,,,,,,,,,,,,,,,,,
202412230LAL,,,,,,,,,,,,,,,,,/users/cooperfoster/desktop/hoops/box_scores/202412230LAL_DET_basic.csv,/users/cooperfoster/desktop/hoops/box_scores/202412230LAL_DET_advance.csv,,,,,,,,,/users/cooperfoster/desktop/hoops/box_scores/202412230LAL_LAL_basic.csv,/users/cooperfoster/desktop/hoops/box_scores/202412230LAL_LAL_advance.csv,,,,,,,,,,,,,,,,,,,,,,,,,,,,,,,,,
202502060LAL,,,,,,,,,,,,,,,,,,,/users/cooperfoster/desktop/hoops/box_scores/202502060LAL_GSW_basic.csv,/users/cooperfoster/desktop/hoops/box_scores/202502060LAL_GSW_advance.csv,,,,,,,/users/cooperfoster/desktop/hoops/box_scores/202502060LAL_LAL_basic.csv,/users/cooperfoster/desktop/hoops/box_scores/202502060LAL_LAL_advance.csv,,,,,,,,,,,,,,,,,,,,,,,,,,,,,,,,,
202504030LAL,,,,,,,,,,,,,,,,,,,/users/cooperfoster/desktop/hoops/box_scores/202504030LAL_GSW_basic.csv,/users/cooperfoster/desktop/hoops/box_scores/202504030LAL_GSW_advance.csv,,,,,,,/users/cooperfoster/desktop/hoops/box_scores/202504030LAL_LAL_basic.csv,/users/cooperfoster/desktop/hoops/box_scores/202504030LAL_LAL_advance.csv,,,,,,,,,,,,,,,,,,,,,,,,,,,,,,,,,
202503310LAL,,,,,,,,,,,,,,,,,,,,,/users/cooperfoster/desktop/hoops/box_scores/202503310LAL_HOU_basic.csv,/users/cooperfoster/desktop/hoops/box_scores/202503310LAL_HOU_advance.csv,,,,,/users/cooperfoster/desktop/hoops/box_scores/202503310LAL_LAL_basic.csv,/users/cooperfoster/desktop/hoops/box_scores/202503310LAL_LAL_advance.csv,,,,,,,,,,,,,,,,,,,,,,,,,,,,,,,,,
202504110LAL,,,,,,,,,,,,,,,,,,,,,/users/cooperfoster/desktop/hoops/box_scores/202504110LAL_HOU_basic.csv,/users/cooperfoster/desktop/hoops/box_scores/202504110LAL_HOU_advance.csv,,,,,/users/cooperfoster/desktop/hoops/box_scores/202504110LAL_LAL_basic.csv,/users/cooperfoster/desktop/hoops/box_scores/202504110LAL_LAL_advance.csv,,,,,,,,,,,,,,,,,,,,,,,,,,,,,,,,,
202502080LAL,,,,,,,,,,,,,,,,,,,,,,,/users/cooperfoster/desktop/hoops/box_scores/202502080LAL_IND_basic.csv,/users/cooperfoster/desktop/hoops/box_scores/202502080LAL_IND_advance.csv,,,/users/cooperfoster/desktop/hoops/box_scores/202502080LAL_LAL_basic.csv,/users/cooperfoster/desktop/hoops/box_scores/202502080LAL_LAL_advance.csv,,,,,,,,,,,,,,,,,,,,,,,,,,,,,,,,,
202502280LAL,,,,,,,,,,,,,,,,,,,,,,,,,/users/cooperfoster/desktop/hoops/box_scores/202502280LAL_LAC_basic.csv,/users/cooperfoster/desktop/hoops/box_scores/202502280LAL_LAC_advance.csv,/users/cooperfoster/desktop/hoops/box_scores/202502280LAL_LAL_basic.csv,/users/cooperfoster/desktop/hoops/box_scores/202502280LAL_LAL_advance.csv,,,,,,,,,,,,,,,,,,,,,,,,,,,,,,,,,
202503020LAL,,,,,,,,,,,,,,,,,,,,,,,,,/users/cooperfoster/desktop/hoops/box_scores/202503020LAL_LAC_basic.csv,/users/cooperfoster/desktop/hoops/box_scores/202503020LAL_LAC_advance.csv,/users/cooperfoster/desktop/hoops/box_scores/202503020LAL_LAL_basic.csv,/users/cooperfoster/desktop/hoops/box_scores/202503020LAL_LAL_advance.csv,,,,,,,,,,,,,,,,,,,,,,,,,,,,,,,,,
202411130LAL,,,,,,,,,,,,,,,,,,,,,,,,,,,/users/cooperfoster/desktop/hoops/box_scores/202411130LAL_LAL_basic.csv,/users/cooperfoster/desktop/hoops/box_scores/202411130LAL_LAL_advance.csv,/users/cooperfoster/desktop/hoops/box_scores/202411130LAL_MEM_basic.csv,/users/cooperfoster/desktop/hoops/box_scores/202411130LAL_MEM_advance.csv,,,,,,,,,,,,,,,,,,,,,,,,,,,,,,,
202412150LAL,,,,,,,,,,,,,,,,,,,,,,,,,,,/users/cooperfoster/desktop/hoops/box_scores/202412150LAL_LAL_basic.csv,/users/cooperfoster/desktop/hoops/box_scores/202412150LAL_LAL_advance.csv,/users/cooperfoster/desktop/hoops/box_scores/202412150LAL_MEM_basic.csv,/users/cooperfoster/desktop/hoops/box_scores/202412150LAL_MEM_advance.csv,,,,,,,,,,,,,,,,,,,,,,,,,,,,,,,
202501150LAL,,,,,,,,,,,,,,,,,,,,,,,,,,,/users/cooperfoster/desktop/hoops/box_scores/202501150LAL_LAL_basic.csv,/users/cooperfoster/desktop/hoops/box_scores/202501150LAL_LAL_advance.csv,,,/users/cooperfoster/desktop/hoops/box_scores/202501150LAL_MIA_basic.csv,/users/cooperfoster/desktop/hoops/box_scores/202501150LAL_MIA_advance.csv,,,,,,,,,,,,,,,,,,,,,,,,,,,,,
202503200LAL,,,,,,,,,,,,,,,,,,,,,,,,,,,/users/cooperfoster/desktop/hoops/box_scores/202503200LAL_LAL_basic.csv,/users/cooperfoster/desktop/hoops/box_scores/202503200LAL_LAL_advance.csv,,,,,/users/cooperfoster/desktop/hoops/box_scores/202503200LAL_MIL_basic.csv,/users/cooperfoster/desktop/hoops/box_scores/202503200LAL_MIL_advance.csv,,,,,,,,,,,,,,,,,,,,,,,,,,,
202410220LAL,,,,,,,,,,,,,,,,,,,,,,,,,,,/users/cooperfoster/desktop/hoops/box_scores/202410220LAL_LAL_basic.csv,/users/cooperfoster/desktop/hoops/box_scores/202410220LAL_LAL_advance.csv,,,,,,,/users/cooperfoster/desktop/hoops/box_scores/202410220LAL_MIN_basic.csv,/users/cooperfoster/desktop/hoops/box_scores/202410220LAL_MIN_advance.csv,,,,,,,,,,,,,,,,,,,,,,,,,
202502270LAL,,,,,,,,,,,,,,,,,,,,,,,,,,,/users/cooperfoster/desktop/hoops/box_scores/202502270LAL_LAL_basic.csv,/users/cooperfoster/desktop/hoops/box_scores/202502270LAL_LAL_advance.csv,,,,,,,/users/cooperfoster/desktop/hoops/box_scores/202502270LAL_MIN_basic.csv,/users/cooperfoster/desktop/hoops/box_scores/202502270LAL_MIN_advance.csv,,,,,,,,,,,,,,,,,,,,,,,,,
202503040LAL,,,,,,,,,,,,,,,,,,,,,,,,,,,/users/cooperfoster/desktop/hoops/box_scores/202503040LAL_LAL_basic.csv,/users/cooperfoster/desktop/hoops/box_scores/202503040LAL_LAL_advance.csv,,,,,,,,,/users/cooperfoster/desktop/hoops/box_scores/202503040LAL_NOP_basic.csv,/users/cooperfoster/desktop/hoops/box_scores/202503040LAL_NOP_advance.csv,,,,,,,,,,,,,,,,,,,,,,,
202504040LAL,,,,,,,,,,,,,,,,,,,,,,,,,,,/users/cooperfoster/desktop/hoops/box_scores/202504040LAL_LAL_basic.csv,/users/cooperfoster/desktop/hoops/box_scores/202504040LAL_LAL_advance.csv,,,,,,,,,/users/cooperfoster/desktop/hoops/box_scores/202504040LAL_NOP_basic.csv,/users/cooperfoster/desktop/hoops/box_scores/202504040LAL_NOP_advance.csv,,,,,,,,,,,,,,,,,,,,,,,
202503060LAL,,,,,,,,,,,,,,,,,,,,,,,,,,,/users/cooperfoster/desktop/hoops/box_scores/202503060LAL_LAL_basic.csv,/users/cooperfoster/desktop/hoops/box_scores/202503060LAL_LAL_advance.csv,,,,,,,,,,,/users/cooperfoster/desktop/hoops/box_scores/202503060LAL_NYK_basic.csv,/users/cooperfoster/desktop/hoops/box_scores/202503060LAL_NYK_advance.csv,,,,,,,,,,,,,,,,,,,,,
202411290LAL,,,,,,,,,,,,,,,,,,,,,,,,,,,/users/cooperfoster/desktop/hoops/box_scores/202411290LAL_LAL_basic.csv,/users/cooperfoster/desktop/hoops/box_scores/202411290LAL_LAL_advance.csv,,,,,,,,,,,,,/users/cooperfoster/desktop/hoops/box_scores/202411290LAL_OKC_basic.csv,/users/cooperfoster/desktop/hoops/box_scores/202411290LAL_OKC_advance.csv,,,,,,,,,,,,,,,,,,,
202411210LAL,,,,,,,,,,,,,,,,,,,,,,,,,,,/users/cooperfoster/desktop/hoops/box_scores/202411210LAL_LAL_basic.csv,/users/cooperfoster/desktop/hoops/box_scores/202411210LAL_LAL_advance.csv,,,,,,,,,,,,,,,/users/cooperfoster/desktop/hoops/box_scores/202411210LAL_ORL_basic.csv,/users/cooperfoster/desktop/hoops/box_scores/202411210LAL_ORL_advance.csv,,,,,,,,,,,,,,,,,
202411080LAL,,,,,,,,,,,,,,,,,,,,,,,,,,,/users/cooperfoster/desktop/hoops/box_scores/202411080LAL_LAL_basic.csv,/users/cooperfoster/desktop/hoops/box_scores/202411080LAL_LAL_advance.csv,,,,,,,,,,,,,,,,,/users/cooperfoster/desktop/hoops/box_scores/202411080LAL_PHI_basic.csv,/users/cooperfoster/desktop/hoops/box_scores/202411080LAL_PHI_advance.csv,,,,,,,,,,,,,,,
202410250LAL,,,,,,,,,,,,,,,,,,,,,,,,,,,/users/cooperfoster/desktop/hoops/box_scores/202410250LAL_LAL_basic.csv,/users/cooperfoster/desktop/hoops/box_scores/202410250LAL_LAL_advance.csv,,,,,,,,,,,,,,,,,,,/users/cooperfoster/desktop/hoops/box_scores/202410250LAL_PHO_basic.csv,/users/cooperfoster/desktop/hoops/box_scores/202410250LAL_PHO_advance.csv,,,,,,,,,,,,,
202503160LAL,,,,,,,,,,,,,,,,,,,,,,,,,,,/users/cooperfoster/desktop/hoops/box_scores/202503160LAL_LAL_basic.csv,/users/cooperfoster/desktop/hoops/box_scores/202503160LAL_LAL_advance.csv,,,,,,,,,,,,,,,,,,,/users/cooperfoster/desktop/hoops/box_scores/202503160LAL_PHO_basic.csv,/users/cooperfoster/desktop/hoops/box_scores/202503160LAL_PHO_advance.csv,,,,,,,,,,,,,
202412080LAL,,,,,,,,,,,,,,,,,,,,,,,,,,,/users/cooperfoster/desktop/hoops/box_scores/202412080LAL_LAL_basic.csv,/users/cooperfoster/desktop/hoops/box_scores/202412080LAL_LAL_advance.csv,,,,,,,,,,,,,,,,,,,,,/users/cooperfoster/desktop/hoops/box_scores/202412080LAL_POR_basic.csv,/users/cooperfoster/desktop/hoops/box_scores/202412080LAL_POR_advance.csv,,,,,,,,,,,
202501020LAL,,,,,,,,,,,,,,,,,,,,,,,,,,,/users/cooperfoster/desktop/hoops/box_scores/202501020LAL_LAL_basic.csv,/users/cooperfoster/desktop/hoops/box_scores/202501020LAL_LAL_advance.csv,,,,,,,,,,,,,,,,,,,,,/users/cooperfoster/desktop/hoops/box_scores/202501020LAL_POR_basic.csv,/users/cooperfoster/desktop/hoops/box_scores/202501020LAL_POR_advance.csv,,,,,,,,,,,
202410260LAL,,,,,,,,,,,,,,,,,,,,,,,,,,,/users/cooperfoster/desktop/hoops/box_scores/202410260LAL_LAL_basic.csv,/users/cooperfoster/desktop/hoops/box_scores/202410260LAL_LAL_advance.csv,,,,,,,,,,,,,,,,,,,,,,,/users/cooperfoster/desktop/hoops/box_scores/202410260LAL_SAC_basic.csv,/users/cooperfoster/desktop/hoops/box_scores/202410260LAL_SAC_advance.csv,,,,,,,,,
202412280LAL,,,,,,,,,,,,,,,,,,,,,,,,,,,/users/cooperfoster/desktop/hoops/box_scores/202412280LAL_LAL_basic.csv,/users/cooperfoster/desktop/hoops/box_scores/202412280LAL_LAL_advance.csv,,,,,,,,,,,,,,,,,,,,,,,/users/cooperfoster/desktop/hoops/box_scores/202412280LAL_SAC_basic.csv,/users/cooperfoster/desktop/hoops/box_scores/202412280LAL_SAC_advance.csv,,,,,,,,,
202501130LAL,,,,,,,,,,,,,,,,,,,,,,,,,,,/users/cooperfoster/desktop/hoops/box_scores/202501130LAL_LAL_basic.csv,/users/cooperfoster/desktop/hoops/box_scores/202501130LAL_LAL_advance.csv,,,,,,,,,,,,,,,,,,,,,,,,,/users/cooperfoster/desktop/hoops/box_scores/202501130LAL_SAS_basic.csv,/users/cooperfoster/desktop/hoops/box_scores/202501130LAL_SAS_advance.csv,,,,,,,
202503170LAL,,,,,,,,,,,,,,,,,,,,,,,,,,,/users/cooperfoster/desktop/hoops/box_scores/202503170LAL_LAL_basic.csv,/users/cooperfoster/desktop/hoops/box_scores/202503170LAL_LAL_advance.csv,,,,,,,,,,,,,,,,,,,,,,,,,/users/cooperfoster/desktop/hoops/box_scores/202503170LAL_SAS_basic.csv,/users/cooperfoster/desktop/hoops/box_scores/202503170LAL_SAS_advance.csv,,,,,,,
202411100LAL,,,,,,,,,,,,,,,,,,,,,,,,,,,/users/cooperfoster/desktop/hoops/box_scores/202411100LAL_LAL_basic.csv,/users/cooperfoster/desktop/hoops/box_scores/202411100LAL_LAL_advance.csv,,,,,,,,,,,,,,,,,,,,,,,,,,,/users/cooperfoster/desktop/hoops/box_scores/202411100LAL_TOR_basic.csv,/users/cooperfoster/desktop/hoops/box_scores/202411100LAL_TOR_advance.csv,,,,,
202411190LAL,,,,,,,,,,,,,,,,,,,,,,,,,,,/users/cooperfoster/desktop/hoops/box_scores/202411190LAL_LAL_basic.csv,/users/cooperfoster/desktop/hoops/box_scores/202411190LAL_LAL_advance.csv,,,,,,,,,,,,,,,,,,,,,,,,,,,,,/users/cooperfoster/desktop/hoops/box_scores/202411190LAL_UTA_basic.csv,/users/cooperfoster/desktop/hoops/box_scores/202411190LAL_UTA_advance.csv,,,
202502100LAL,,,,,,,,,,,,,,,,,,,,,,,,,,,/users/cooperfoster/desktop/hoops/box_scores/202502100LAL_LAL_basic.csv,/users/cooperfoster/desktop/hoops/box_scores/202502100LAL_LAL_advance.csv,,,,,,,,,,,,,,,,,,,,,,,,,,,,,/users/cooperfoster/desktop/hoops/box_scores/202502100LAL_UTA_basic.csv,/users/cooperfoster/desktop/hoops/box_scores/202502100LAL_UTA_advance.csv,,,
202501210LAL,,,,,,,,,,,,,,,,,,,,,,,,,,,/users/cooperfoster/desktop/hoops/box_scores/202501210LAL_LAL_basic.csv,/users/cooperfoster/desktop/hoops/box_scores/202501210LAL_LAL_advance.csv,,,,,,,,,,,,,,,,,,,,,,,,,,,,,,,/users/cooperfoster/desktop/hoops/box_scores/202501210LAL_WAS_basic.csv,/users/cooperfoster/desktop/hoops/box_scores/202501210LAL_WAS_advance.csv,
202503030MEM,/users/cooperfoster/desktop/hoops/box_scores/202503030MEM_ATL_basic.csv,/users/cooperfoster/desktop/hoops/box_scores/202503030MEM_ATL_advance.csv,,,,,,,,,,,,,,,,,,,,,,,,,,,/users/cooperfoster/desktop/hoops/box_scores/202503030MEM_MEM_basic.csv,/users/cooperfoster/desktop/hoops/box_scores/202503030MEM_MEM_advance.csv,,,,,,,,,,,,,,,,,,,,,,,,,,,,,,,
202410300MEM,,,/users/cooperfoster/desktop/hoops/box_scores/202410300MEM_BRK_basic.csv,/users/cooperfoster/desktop/hoops/box_scores/202410300MEM_BRK_advance.csv,,,,,,,,,,,,,,,,,,,,,,,,,/users/cooperfoster/desktop/hoops/box_scores/202410300MEM_MEM_basic.csv,/users/cooperfoster/desktop/hoops/box_scores/202410300MEM_MEM_advance.csv,,,,,,,,,,,,,,,,,,,,,,,,,,,,,,,
202412130MEM,,,/users/cooperfoster/desktop/hoops/box_scores/202412130MEM_BRK_basic.csv,/users/cooperfoster/desktop/hoops/box_scores/202412130MEM_BRK_advance.csv,,,,,,,,,,,,,,,,,,,,,,,,,/users/cooperfoster/desktop/hoops/box_scores/202412130MEM_MEM_basic.csv,/users/cooperfoster/desktop/hoops/box_scores/202412130MEM_MEM_advance.csv,,,,,,,,,,,,,,,,,,,,,,,,,,,,,,,
202503310MEM,,,,,/users/cooperfoster/desktop/hoops/box_scores/202503310MEM_BOS_basic.csv,/users/cooperfoster/desktop/hoops/box_scores/202503310MEM_BOS_advance.csv,,,,,,,,,,,,,,,,,,,,,,,/users/cooperfoster/desktop/hoops/box_scores/202503310MEM_MEM_basic.csv,/users/cooperfoster/desktop/hoops/box_scores/202503310MEM_MEM_advance.csv,,,,,,,,,,,,,,,,,,,,,,,,,,,,,,,
202410280MEM,,,,,,,/users/cooperfoster/desktop/hoops/box_scores/202410280MEM_CHI_basic.csv,/users/cooperfoster/desktop/hoops/box_scores/202410280MEM_CHI_advance.csv,,,,,,,,,,,,,,,,,,,,,/users/cooperfoster/desktop/hoops/box_scores/202410280MEM_MEM_basic.csv,/users/cooperfoster/desktop/hoops/box_scores/202410280MEM_MEM_advance.csv,,,,,,,,,,,,,,,,,,,,,,,,,,,,,,,
202501220MEM,,,,,,,,,/users/cooperfoster/desktop/hoops/box_scores/202501220MEM_CHO_basic.csv,/users/cooperfoster/desktop/hoops/box_scores/202501220MEM_CHO_advance.csv,,,,,,,,,,,,,,,,,,,/users/cooperfoster/desktop/hoops/box_scores/202501220MEM_MEM_basic.csv,/users/cooperfoster/desktop/hoops/box_scores/202501220MEM_MEM_advance.csv,,,,,,,,,,,,,,,,,,,,,,,,,,,,,,,
202503140MEM,,,,,,,,,,,/users/cooperfoster/desktop/hoops/box_scores/202503140MEM_CLE_basic.csv,/users/cooperfoster/desktop/hoops/box_scores/202503140MEM_CLE_advance.csv,,,,,,,,,,,,,,,,,/users/cooperfoster/desktop/hoops/box_scores/202503140MEM_MEM_basic.csv,/users/cooperfoster/desktop/hoops/box_scores/202503140MEM_MEM_advance.csv,,,,,,,,,,,,,,,,,,,,,,,,,,,,,,,
202501060MEM,,,,,,,,,,,,,/users/cooperfoster/desktop/hoops/box_scores/202501060MEM_DAL_basic.csv,/users/cooperfoster/desktop/hoops/box_scores/202501060MEM_DAL_advance.csv,,,,,,,,,,,,,,,/users/cooperfoster/desktop/hoops/box_scores/202501060MEM_MEM_basic.csv,/users/cooperfoster/desktop/hoops/box_scores/202501060MEM_MEM_advance.csv,,,,,,,,,,,,,,,,,,,,,,,,,,,,,,,
202504130MEM,,,,,,,,,,,,,/users/cooperfoster/desktop/hoops/box_scores/202504130MEM_DAL_basic.csv,/users/cooperfoster/desktop/hoops/box_scores/202504130MEM_DAL_advance.csv,,,,,,,,,,,,,,,/users/cooperfoster/desktop/hoops/box_scores/202504130MEM_MEM_basic.csv,/users/cooperfoster/desktop/hoops/box_scores/202504130MEM_MEM_advance.csv,,,,,,,,,,,,,,,,,,,,,,,,,,,,,,,
202411170MEM,,,,,,,,,,,,,,,/users/cooperfoster/desktop/hoops/box_scores/202411170MEM_DEN_basic.csv,/users/cooperfoster/desktop/hoops/box_scores/202411170MEM_DEN_advance.csv,,,,,,,,,,,,,/users/cooperfoster/desktop/hoops/box_scores/202411170MEM_MEM_basic.csv,/users/cooperfoster/desktop/hoops/box_scores/202411170MEM_MEM_advance.csv,,,,,,,,,,,,,,,,,,,,,,,,,,,,,,,
202411190MEM,,,,,,,,,,,,,,,/users/cooperfoster/desktop/hoops/box_scores/202411190MEM_DEN_basic.csv,/users/cooperfoster/desktop/hoops/box_scores/202411190MEM_DEN_advance.csv,,,,,,,,,,,,,/users/cooperfoster/desktop/hoops/box_scores/202411190MEM_MEM_basic.csv,/users/cooperfoster/desktop/hoops/box_scores/202411190MEM_MEM_advance.csv,,,,,,,,,,,,,,,,,,,,,,,,,,,,,,,
202411270MEM,,,,,,,,,,,,,,,,,/users/cooperfoster/desktop/hoops/box_scores/202411270MEM_DET_basic.csv,/users/cooperfoster/desktop/hoops/box_scores/202411270MEM_DET_advance.csv,,,,,,,,,,,/users/cooperfoster/desktop/hoops/box_scores/202411270MEM_MEM_basic.csv,/users/cooperfoster/desktop/hoops/box_scores/202411270MEM_MEM_advance.csv,,,,,,,,,,,,,,,,,,,,,,,,,,,,,,,
202412190MEM,,,,,,,,,,,,,,,,,,,/users/cooperfoster/desktop/hoops/box_scores/202412190MEM_GSW_basic.csv,/users/cooperfoster/desktop/hoops/box_scores/202412190MEM_GSW_advance.csv,,,,,,,,,/users/cooperfoster/desktop/hoops/box_scores/202412190MEM_MEM_basic.csv,/users/cooperfoster/desktop/hoops/box_scores/202412190MEM_MEM_advance.csv,,,,,,,,,,,,,,,,,,,,,,,,,,,,,,,
202504010MEM,,,,,,,,,,,,,,,,,,,/users/cooperfoster/desktop/hoops/box_scores/202504010MEM_GSW_basic.csv,/users/cooperfoster/desktop/hoops/box_scores/202504010MEM_GSW_advance.csv,,,,,,,,,/users/cooperfoster/desktop/hoops/box_scores/202504010MEM_MEM_basic.csv,/users/cooperfoster/desktop/hoops/box_scores/202504010MEM_MEM_advance.csv,,,,,,,,,,,,,,,,,,,,,,,,,,,,,,,
202501090MEM,,,,,,,,,,,,,,,,,,,,,/users/cooperfoster/desktop/hoops/box_scores/202501090MEM_HOU_basic.csv,/users/cooperfoster/desktop/hoops/box_scores/202501090MEM_HOU_advance.csv,,,,,,,/users/cooperfoster/desktop/hoops/box_scores/202501090MEM_MEM_basic.csv,/users/cooperfoster/desktop/hoops/box_scores/202501090MEM_MEM_advance.csv,,,,,,,,,,,,,,,,,,,,,,,,,,,,,,,
202501300MEM,,,,,,,,,,,,,,,,,,,,,/users/cooperfoster/desktop/hoops/box_scores/202501300MEM_HOU_basic.csv,/users/cooperfoster/desktop/hoops/box_scores/202501300MEM_HOU_advance.csv,,,,,,,/users/cooperfoster/desktop/hoops/box_scores/202501300MEM_MEM_basic.csv,/users/cooperfoster/desktop/hoops/box_scores/202501300MEM_MEM_advance.csv,,,,,,,,,,,,,,,,,,,,,,,,,,,,,,,
202412010MEM,,,,,,,,,,,,,,,,,,,,,,,/users/cooperfoster/desktop/hoops/box_scores/202412010MEM_IND_basic.csv,/users/cooperfoster/desktop/hoops/box_scores/202412010MEM_IND_advance.csv,,,,,/users/cooperfoster/desktop/hoops/box_scores/202412010MEM_MEM_basic.csv,/users/cooperfoster/desktop/hoops/box_scores/202412010MEM_MEM_advance.csv,,,,,,,,,,,,,,,,,,,,,,,,,,,,,,,
202412230MEM,,,,,,,,,,,,,,,,,,,,,,,,,/users/cooperfoster/desktop/hoops/box_scores/202412230MEM_LAC_basic.csv,/users/cooperfoster/desktop/hoops/box_scores/202412230MEM_LAC_advance.csv,,,/users/cooperfoster/desktop/hoops/box_scores/202412230MEM_MEM_basic.csv,/users/cooperfoster/desktop/hoops/box_scores/202412230MEM_MEM_advance.csv,,,,,,,,,,,,,,,,,,,,,,,,,,,,,,,
202411060MEM,,,,,,,,,,,,,,,,,,,,,,,,,,,/users/cooperfoster/desktop/hoops/box_scores/202411060MEM_LAL_basic.csv,/users/cooperfoster/desktop/hoops/box_scores/202411060MEM_LAL_advance.csv,/users/cooperfoster/desktop/hoops/box_scores/202411060MEM_MEM_basic.csv,/users/cooperfoster/desktop/hoops/box_scores/202411060MEM_MEM_advance.csv,,,,,,,,,,,,,,,,,,,,,,,,,,,,,,,
202503290MEM,,,,,,,,,,,,,,,,,,,,,,,,,,,/users/cooperfoster/desktop/hoops/box_scores/202503290MEM_LAL_basic.csv,/users/cooperfoster/desktop/hoops/box_scores/202503290MEM_LAL_advance.csv,/users/cooperfoster/desktop/hoops/box_scores/202503290MEM_MEM_basic.csv,/users/cooperfoster/desktop/hoops/box_scores/202503290MEM_MEM_advance.csv,,,,,,,,,,,,,,,,,,,,,,,,,,,,,,,
202503150MEM,,,,,,,,,,,,,,,,,,,,,,,,,,,,,/users/cooperfoster/desktop/hoops/box_scores/202503150MEM_MEM_basic.csv,/users/cooperfoster/desktop/hoops/box_scores/202503150MEM_MEM_advance.csv,/users/cooperfoster/desktop/hoops/box_scores/202503150MEM_MIA_basic.csv,/users/cooperfoster/desktop/hoops/box_scores/202503150MEM_MIA_advance.csv,,,,,,,,,,,,,,,,,,,,,,,,,,,,,
202410310MEM,,,,,,,,,,,,,,,,,,,,,,,,,,,,,/users/cooperfoster/desktop/hoops/box_scores/202410310MEM_MEM_basic.csv,/users/cooperfoster/desktop/hoops/box_scores/202410310MEM_MEM_advance.csv,,,/users/cooperfoster/desktop/hoops/box_scores/202410310MEM_MIL_basic.csv,/users/cooperfoster/desktop/hoops/box_scores/202410310MEM_MIL_advance.csv,,,,,,,,,,,,,,,,,,,,,,,,,,,
202501200MEM,,,,,,,,,,,,,,,,,,,,,,,,,,,,,/users/cooperfoster/desktop/hoops/box_scores/202501200MEM_MEM_basic.csv,/users/cooperfoster/desktop/hoops/box_scores/202501200MEM_MEM_advance.csv,,,,,/users/cooperfoster/desktop/hoops/box_scores/202501200MEM_MIN_basic.csv,/users/cooperfoster/desktop/hoops/box_scores/202501200MEM_MIN_advance.csv,,,,,,,,,,,,,,,,,,,,,,,,,
202504100MEM,,,,,,,,,,,,,,,,,,,,,,,,,,,,,/users/cooperfoster/desktop/hoops/box_scores/202504100MEM_MEM_basic.csv,/users/cooperfoster/desktop/hoops/box_scores/202504100MEM_MEM_advance.csv,,,,,/users/cooperfoster/desktop/hoops/box_scores/202504100MEM_MIN_basic.csv,/users/cooperfoster/desktop/hoops/box_scores/202504100MEM_MIN_advance.csv,,,,,,,,,,,,,,,,,,,,,,,,,
202411290MEM,,,,,,,,,,,,,,,,,,,,,,,,,,,,,/users/cooperfoster/desktop/hoops/box_scores/202411290MEM_MEM_basic.csv,/users/cooperfoster/desktop/hoops/box_scores/202411290MEM_MEM_advance.csv,,,,,,,/users/cooperfoster/desktop/hoops/box_scores/202411290MEM_NOP_basic.csv,/users/cooperfoster/desktop/hoops/box_scores/202411290MEM_NOP_advance.csv,,,,,,,,,,,,,,,,,,,,,,,
202501240MEM,,,,,,,,,,,,,,,,,,,,,,,,,,,,,/users/cooperfoster/desktop/hoops/box_scores/202501240MEM_MEM_basic.csv,/users/cooperfoster/desktop/hoops/box_scores/202501240MEM_MEM_advance.csv,,,,,,,/users/cooperfoster/desktop/hoops/box_scores/202501240MEM_NOP_basic.csv,/users/cooperfoster/desktop/hoops/box_scores/202501240MEM_NOP_advance.csv,,,,,,,,,,,,,,,,,,,,,,,
202502280MEM,,,,,,,,,,,,,,,,,,,,,,,,,,,,,/users/cooperfoster/desktop/hoops/box_scores/202502280MEM_MEM_basic.csv,/users/cooperfoster/desktop/hoops/box_scores/202502280MEM_MEM_advance.csv,,,,,,,,,/users/cooperfoster/desktop/hoops/box_scores/202502280MEM_NYK_basic.csv,/users/cooperfoster/desktop/hoops/box_scores/202502280MEM_NYK_advance.csv,,,,,,,,,,,,,,,,,,,,,
202502080MEM,,,,,,,,,,,,,,,,,,,,,,,,,,,,,/users/cooperfoster/desktop/hoops/box_scores/202502080MEM_MEM_basic.csv,/users/cooperfoster/desktop/hoops/box_scores/202502080MEM_MEM_advance.csv,,,,,,,,,,,/users/cooperfoster/desktop/hoops/box_scores/202502080MEM_OKC_basic.csv,/users/cooperfoster/desktop/hoops/box_scores/202502080MEM_OKC_advance.csv,,,,,,,,,,,,,,,,,,,
202503050MEM,,,,,,,,,,,,,,,,,,,,,,,,,,,,,/users/cooperfoster/desktop/hoops/box_scores/202503050MEM_MEM_basic.csv,/users/cooperfoster/desktop/hoops/box_scores/202503050MEM_MEM_advance.csv,,,,,,,,,,,/users/cooperfoster/desktop/hoops/box_scores/202503050MEM_OKC_basic.csv,/users/cooperfoster/desktop/hoops/box_scores/202503050MEM_OKC_advance.csv,,,,,,,,,,,,,,,,,,,
202410260MEM,,,,,,,,,,,,,,,,,,,,,,,,,,,,,/users/cooperfoster/desktop/hoops/box_scores/202410260MEM_MEM_basic.csv,/users/cooperfoster/desktop/hoops/box_scores/202410260MEM_MEM_advance.csv,,,,,,,,,,,,,/users/cooperfoster/desktop/hoops/box_scores/202410260MEM_ORL_basic.csv,/users/cooperfoster/desktop/hoops/box_scores/202410260MEM_ORL_advance.csv,,,,,,,,,,,,,,,,,
202411200MEM,,,,,,,,,,,,,,,,,,,,,,,,,,,,,/users/cooperfoster/desktop/hoops/box_scores/202411200MEM_MEM_basic.csv,/users/cooperfoster/desktop/hoops/box_scores/202411200MEM_MEM_advance.csv,,,,,,,,,,,,,,,/users/cooperfoster/desktop/hoops/box_scores/202411200MEM_PHI_basic.csv,/users/cooperfoster/desktop/hoops/box_scores/202411200MEM_PHI_advance.csv,,,,,,,,,,,,,,,
202502250MEM,,,,,,,,,,,,,,,,,,,,,,,,,,,,,/users/cooperfoster/desktop/hoops/box_scores/202502250MEM_MEM_basic.csv,/users/cooperfoster/desktop/hoops/box_scores/202502250MEM_MEM_advance.csv,,,,,,,,,,,,,,,,,/users/cooperfoster/desktop/hoops/box_scores/202502250MEM_PHO_basic.csv,/users/cooperfoster/desktop/hoops/box_scores/202502250MEM_PHO_advance.csv,,,,,,,,,,,,,
202503100MEM,,,,,,,,,,,,,,,,,,,,,,,,,,,,,/users/cooperfoster/desktop/hoops/box_scores/202503100MEM_MEM_basic.csv,/users/cooperfoster/desktop/hoops/box_scores/202503100MEM_MEM_advance.csv,,,,,,,,,,,,,,,,,/users/cooperfoster/desktop/hoops/box_scores/202503100MEM_PHO_basic.csv,/users/cooperfoster/desktop/hoops/box_scores/202503100MEM_PHO_advance.csv,,,,,,,,,,,,,
202411250MEM,,,,,,,,,,,,,,,,,,,,,,,,,,,,,/users/cooperfoster/desktop/hoops/box_scores/202411250MEM_MEM_basic.csv,/users/cooperfoster/desktop/hoops/box_scores/202411250MEM_MEM_advance.csv,,,,,,,,,,,,,,,,,,,/users/cooperfoster/desktop/hoops/box_scores/202411250MEM_POR_basic.csv,/users/cooperfoster/desktop/hoops/box_scores/202411250MEM_POR_advance.csv,,,,,,,,,,,
202412050MEM,,,,,,,,,,,,,,,,,,,,,,,,,,,,,/users/cooperfoster/desktop/hoops/box_scores/202412050MEM_MEM_basic.csv,/users/cooperfoster/desktop/hoops/box_scores/202412050MEM_MEM_advance.csv,,,,,,,,,,,,,,,,,,,,,/users/cooperfoster/desktop/hoops/box_scores/202412050MEM_SAC_basic.csv,/users/cooperfoster/desktop/hoops/box_scores/202412050MEM_SAC_advance.csv,,,,,,,,,
202502030MEM,,,,,,,,,,,,,,,,,,,,,,,,,,,,,/users/cooperfoster/desktop/hoops/box_scores/202502030MEM_MEM_basic.csv,/users/cooperfoster/desktop/hoops/box_scores/202502030MEM_MEM_advance.csv,,,,,,,,,,,,,,,,,,,,,,,/users/cooperfoster/desktop/hoops/box_scores/202502030MEM_SAS_basic.csv,/users/cooperfoster/desktop/hoops/box_scores/202502030MEM_SAS_advance.csv,,,,,,,
202503010MEM,,,,,,,,,,,,,,,,,,,,,,,,,,,,,/users/cooperfoster/desktop/hoops/box_scores/202503010MEM_MEM_basic.csv,/users/cooperfoster/desktop/hoops/box_scores/202503010MEM_MEM_advance.csv,,,,,,,,,,,,,,,,,,,,,,,/users/cooperfoster/desktop/hoops/box_scores/202503010MEM_SAS_basic.csv,/users/cooperfoster/desktop/hoops/box_scores/202503010MEM_SAS_advance.csv,,,,,,,
202412260MEM,,,,,,,,,,,,,,,,,,,,,,,,,,,,,/users/cooperfoster/desktop/hoops/box_scores/202412260MEM_MEM_basic.csv,/users/cooperfoster/desktop/hoops/box_scores/202412260MEM_MEM_advance.csv,,,,,,,,,,,,,,,,,,,,,,,,,/users/cooperfoster/desktop/hoops/box_scores/202412260MEM_TOR_basic.csv,/users/cooperfoster/desktop/hoops/box_scores/202412260MEM_TOR_advance.csv,,,,,
202501250MEM,,,,,,,,,,,,,,,,,,,,,,,,,,,,,/users/cooperfoster/desktop/hoops/box_scores/202501250MEM_MEM_basic.csv,/users/cooperfoster/desktop/hoops/box_scores/202501250MEM_MEM_advance.csv,,,,,,,,,,,,,,,,,,,,,,,,,,,/users/cooperfoster/desktop/hoops/box_scores/202501250MEM_UTA_basic.csv,/users/cooperfoster/desktop/hoops/box_scores/202501250MEM_UTA_advance.csv,,,
202503120MEM,,,,,,,,,,,,,,,,,,,,,,,,,,,,,/users/cooperfoster/desktop/hoops/box_scores/202503120MEM_MEM_basic.csv,/users/cooperfoster/desktop/hoops/box_scores/202503120MEM_MEM_advance.csv,,,,,,,,,,,,,,,,,,,,,,,,,,,/users/cooperfoster/desktop/hoops/box_scores/202503120MEM_UTA_basic.csv,/users/cooperfoster/desktop/hoops/box_scores/202503120MEM_UTA_advance.csv,,,
202411080MEM,,,,,,,,,,,,,,,,,,,,,,,,,,,,,/users/cooperfoster/desktop/hoops/box_scores/202411080MEM_MEM_basic.csv,/users/cooperfoster/desktop/hoops/box_scores/202411080MEM_MEM_advance.csv,,,,,,,,,,,,,,,,,,,,,,,,,,,,,/users/cooperfoster/desktop/hoops/box_scores/202411080MEM_WAS_basic.csv,/users/cooperfoster/desktop/hoops/box_scores/202411080MEM_WAS_advance.csv,
202502260MIA,/users/cooperfoster/desktop/hoops/box_scores/202502260MIA_ATL_basic.csv,/users/cooperfoster/desktop/hoops/box_scores/202502260MIA_ATL_advance.csv,,,,,,,,,,,,,,,,,,,,,,,,,,,,,/users/cooperfoster/desktop/hoops/box_scores/202502260MIA_MIA_basic.csv,/users/cooperfoster/desktop/hoops/box_scores/202502260MIA_MIA_advance.csv,,,,,,,,,,,,,,,,,,,,,,,,,,,,,
202503270MIA,/users/cooperfoster/desktop/hoops/box_scores/202503270MIA_ATL_basic.csv,/users/cooperfoster/desktop/hoops/box_scores/202503270MIA_ATL_advance.csv,,,,,,,,,,,,,,,,,,,,,,,,,,,,,/users/cooperfoster/desktop/hoops/box_scores/202503270MIA_MIA_basic.csv,/users/cooperfoster/desktop/hoops/box_scores/202503270MIA_MIA_advance.csv,,,,,,,,,,,,,,,,,,,,,,,,,,,,,
202412230MIA,,,/users/cooperfoster/desktop/hoops/box_scores/202412230MIA_BRK_basic.csv,/users/cooperfoster/desktop/hoops/box_scores/202412230MIA_BRK_advance.csv,,,,,,,,,,,,,,,,,,,,,,,,,,,/users/cooperfoster/desktop/hoops/box_scores/202412230MIA_MIA_basic.csv,/users/cooperfoster/desktop/hoops/box_scores/202412230MIA_MIA_advance.csv,,,,,,,,,,,,,,,,,,,,,,,,,,,,,
202502100MIA,,,,,/users/cooperfoster/desktop/hoops/box_scores/202502100MIA_BOS_basic.csv,/users/cooperfoster/desktop/hoops/box_scores/202502100MIA_BOS_advance.csv,,,,,,,,,,,,,,,,,,,,,,,,,/users/cooperfoster/desktop/hoops/box_scores/202502100MIA_MIA_basic.csv,/users/cooperfoster/desktop/hoops/box_scores/202502100MIA_MIA_advance.csv,,,,,,,,,,,,,,,,,,,,,,,,,,,,,
202503140MIA,,,,,/users/cooperfoster/desktop/hoops/box_scores/202503140MIA_BOS_basic.csv,/users/cooperfoster/desktop/hoops/box_scores/202503140MIA_BOS_advance.csv,,,,,,,,,,,,,,,,,,,,,,,,,/users/cooperfoster/desktop/hoops/box_scores/202503140MIA_MIA_basic.csv,/users/cooperfoster/desktop/hoops/box_scores/202503140MIA_MIA_advance.csv,,,,,,,,,,,,,,,,,,,,,,,,,,,,,
202503080MIA,,,,,,,/users/cooperfoster/desktop/hoops/box_scores/202503080MIA_CHI_basic.csv,/users/cooperfoster/desktop/hoops/box_scores/202503080MIA_CHI_advance.csv,,,,,,,,,,,,,,,,,,,,,,,/users/cooperfoster/desktop/hoops/box_scores/202503080MIA_MIA_basic.csv,/users/cooperfoster/desktop/hoops/box_scores/202503080MIA_MIA_advance.csv,,,,,,,,,,,,,,,,,,,,,,,,,,,,,
202503100MIA,,,,,,,,,/users/cooperfoster/desktop/hoops/box_scores/202503100MIA_CHO_basic.csv,/users/cooperfoster/desktop/hoops/box_scores/202503100MIA_CHO_advance.csv,,,,,,,,,,,,,,,,,,,,,/users/cooperfoster/desktop/hoops/box_scores/202503100MIA_MIA_basic.csv,/users/cooperfoster/desktop/hoops/box_scores/202503100MIA_MIA_advance.csv,,,,,,,,,,,,,,,,,,,,,,,,,,,,,
202503230MIA,,,,,,,,,/users/cooperfoster/desktop/hoops/box_scores/202503230MIA_CHO_basic.csv,/users/cooperfoster/desktop/hoops/box_scores/202503230MIA_CHO_advance.csv,,,,,,,,,,,,,,,,,,,,,/users/cooperfoster/desktop/hoops/box_scores/202503230MIA_MIA_basic.csv,/users/cooperfoster/desktop/hoops/box_scores/202503230MIA_MIA_advance.csv,,,,,,,,,,,,,,,,,,,,,,,,,,,,,
202412080MIA,,,,,,,,,,,/users/cooperfoster/desktop/hoops/box_scores/202412080MIA_CLE_basic.csv,/users/cooperfoster/desktop/hoops/box_scores/202412080MIA_CLE_advance.csv,,,,,,,,,,,,,,,,,,,/users/cooperfoster/desktop/hoops/box_scores/202412080MIA_MIA_basic.csv,/users/cooperfoster/desktop/hoops/box_scores/202412080MIA_MIA_advance.csv,,,,,,,,,,,,,,,,,,,,,,,,,,,,,
202501290MIA,,,,,,,,,,,/users/cooperfoster/desktop/hoops/box_scores/202501290MIA_CLE_basic.csv,/users/cooperfoster/desktop/hoops/box_scores/202501290MIA_CLE_advance.csv,,,,,,,,,,,,,,,,,,,/users/cooperfoster/desktop/hoops/box_scores/202501290MIA_MIA_basic.csv,/users/cooperfoster/desktop/hoops/box_scores/202501290MIA_MIA_advance.csv,,,,,,,,,,,,,,,,,,,,,,,,,,,,,
202411240MIA,,,,,,,,,,,,,/users/cooperfoster/desktop/hoops/box_scores/202411240MIA_DAL_basic.csv,/users/cooperfoster/desktop/hoops/box_scores/202411240MIA_DAL_advance.csv,,,,,,,,,,,,,,,,,/users/cooperfoster/desktop/hoops/box_scores/202411240MIA_MIA_basic.csv,/users/cooperfoster/desktop/hoops/box_scores/202411240MIA_MIA_advance.csv,,,,,,,,,,,,,,,,,,,,,,,,,,,,,
202501170MIA,,,,,,,,,,,,,,,/users/cooperfoster/desktop/hoops/box_scores/202501170MIA_DEN_basic.csv,/users/cooperfoster/desktop/hoops/box_scores/202501170MIA_DEN_advance.csv,,,,,,,,,,,,,,,/users/cooperfoster/desktop/hoops/box_scores/202501170MIA_MIA_basic.csv,/users/cooperfoster/desktop/hoops/box_scores/202501170MIA_MIA_advance.csv,,,,,,,,,,,,,,,,,,,,,,,,,,,,,
202410280MIA,,,,,,,,,,,,,,,,,/users/cooperfoster/desktop/hoops/box_scores/202410280MIA_DET_basic.csv,/users/cooperfoster/desktop/hoops/box_scores/202410280MIA_DET_advance.csv,,,,,,,,,,,,,/users/cooperfoster/desktop/hoops/box_scores/202410280MIA_MIA_basic.csv,/users/cooperfoster/desktop/hoops/box_scores/202410280MIA_MIA_advance.csv,,,,,,,,,,,,,,,,,,,,,,,,,,,,,
202503190MIA,,,,,,,,,,,,,,,,,/users/cooperfoster/desktop/hoops/box_scores/202503190MIA_DET_basic.csv,/users/cooperfoster/desktop/hoops/box_scores/202503190MIA_DET_advance.csv,,,,,,,,,,,,,/users/cooperfoster/desktop/hoops/box_scores/202503190MIA_MIA_basic.csv,/users/cooperfoster/desktop/hoops/box_scores/202503190MIA_MIA_advance.csv,,,,,,,,,,,,,,,,,,,,,,,,,,,,,
202503250MIA,,,,,,,,,,,,,,,,,,,/users/cooperfoster/desktop/hoops/box_scores/202503250MIA_GSW_basic.csv,/users/cooperfoster/desktop/hoops/box_scores/202503250MIA_GSW_advance.csv,,,,,,,,,,,/users/cooperfoster/desktop/hoops/box_scores/202503250MIA_MIA_basic.csv,/users/cooperfoster/desktop/hoops/box_scores/202503250MIA_MIA_advance.csv,,,,,,,,,,,,,,,,,,,,,,,,,,,,,
202503210MIA,,,,,,,,,,,,,,,,,,,,,/users/cooperfoster/desktop/hoops/box_scores/202503210MIA_HOU_basic.csv,/users/cooperfoster/desktop/hoops/box_scores/202503210MIA_HOU_advance.csv,,,,,,,,,/users/cooperfoster/desktop/hoops/box_scores/202503210MIA_MIA_basic.csv,/users/cooperfoster/desktop/hoops/box_scores/202503210MIA_MIA_advance.csv,,,,,,,,,,,,,,,,,,,,,,,,,,,,,
202501020MIA,,,,,,,,,,,,,,,,,,,,,,,/users/cooperfoster/desktop/hoops/box_scores/202501020MIA_IND_basic.csv,/users/cooperfoster/desktop/hoops/box_scores/202501020MIA_IND_advance.csv,,,,,,,/users/cooperfoster/desktop/hoops/box_scores/202501020MIA_MIA_basic.csv,/users/cooperfoster/desktop/hoops/box_scores/202501020MIA_MIA_advance.csv,,,,,,,,,,,,,,,,,,,,,,,,,,,,,
202502280MIA,,,,,,,,,,,,,,,,,,,,,,,/users/cooperfoster/desktop/hoops/box_scores/202502280MIA_IND_basic.csv,/users/cooperfoster/desktop/hoops/box_scores/202502280MIA_IND_advance.csv,,,,,,,/users/cooperfoster/desktop/hoops/box_scores/202502280MIA_MIA_basic.csv,/users/cooperfoster/desktop/hoops/box_scores/202502280MIA_MIA_advance.csv,,,,,,,,,,,,,,,,,,,,,,,,,,,,,
202503120MIA,,,,,,,,,,,,,,,,,,,,,,,,,/users/cooperfoster/desktop/hoops/box_scores/202503120MIA_LAC_basic.csv,/users/cooperfoster/desktop/hoops/box_scores/202503120MIA_LAC_advance.csv,,,,,/users/cooperfoster/desktop/hoops/box_scores/202503120MIA_MIA_basic.csv,/users/cooperfoster/desktop/hoops/box_scores/202503120MIA_MIA_advance.csv,,,,,,,,,,,,,,,,,,,,,,,,,,,,,
202412040MIA,,,,,,,,,,,,,,,,,,,,,,,,,,,/users/cooperfoster/desktop/hoops/box_scores/202412040MIA_LAL_basic.csv,/users/cooperfoster/desktop/hoops/box_scores/202412040MIA_LAL_advance.csv,,,/users/cooperfoster/desktop/hoops/box_scores/202412040MIA_MIA_basic.csv,/users/cooperfoster/desktop/hoops/box_scores/202412040MIA_MIA_advance.csv,,,,,,,,,,,,,,,,,,,,,,,,,,,,,
202504030MIA,,,,,,,,,,,,,,,,,,,,,,,,,,,,,/users/cooperfoster/desktop/hoops/box_scores/202504030MIA_MEM_basic.csv,/users/cooperfoster/desktop/hoops/box_scores/202504030MIA_MEM_advance.csv,/users/cooperfoster/desktop/hoops/box_scores/202504030MIA_MIA_basic.csv,/users/cooperfoster/desktop/hoops/box_scores/202504030MIA_MIA_advance.csv,,,,,,,,,,,,,,,,,,,,,,,,,,,,,
202411260MIA,,,,,,,,,,,,,,,,,,,,,,,,,,,,,,,/users/cooperfoster/desktop/hoops/box_scores/202411260MIA_MIA_basic.csv,/users/cooperfoster/desktop/hoops/box_scores/202411260MIA_MIA_advance.csv,/users/cooperfoster/desktop/hoops/box_scores/202411260MIA_MIL_basic.csv,/users/cooperfoster/desktop/hoops/box_scores/202411260MIA_MIL_advance.csv,,,,,,,,,,,,,,,,,,,,,,,,,,,
202504050MIA,,,,,,,,,,,,,,,,,,,,,,,,,,,,,,,/users/cooperfoster/desktop/hoops/box_scores/202504050MIA_MIA_basic.csv,/users/cooperfoster/desktop/hoops/box_scores/202504050MIA_MIA_advance.csv,/users/cooperfoster/desktop/hoops/box_scores/202504050MIA_MIL_basic.csv,/users/cooperfoster/desktop/hoops/box_scores/202504050MIA_MIL_advance.csv,,,,,,,,,,,,,,,,,,,,,,,,,,,
202503070MIA,,,,,,,,,,,,,,,,,,,,,,,,,,,,,,,/users/cooperfoster/desktop/hoops/box_scores/202503070MIA_MIA_basic.csv,/users/cooperfoster/desktop/hoops/box_scores/202503070MIA_MIA_advance.csv,,,/users/cooperfoster/desktop/hoops/box_scores/202503070MIA_MIN_basic.csv,/users/cooperfoster/desktop/hoops/box_scores/202503070MIA_MIN_advance.csv,,,,,,,,,,,,,,,,,,,,,,,,,
202501010MIA,,,,,,,,,,,,,,,,,,,,,,,,,,,,,,,/users/cooperfoster/desktop/hoops/box_scores/202501010MIA_MIA_basic.csv,/users/cooperfoster/desktop/hoops/box_scores/202501010MIA_MIA_advance.csv,,,,,/users/cooperfoster/desktop/hoops/box_scores/202501010MIA_NOP_basic.csv,/users/cooperfoster/desktop/hoops/box_scores/202501010MIA_NOP_advance.csv,,,,,,,,,,,,,,,,,,,,,,,
202410300MIA,,,,,,,,,,,,,,,,,,,,,,,,,,,,,,,/users/cooperfoster/desktop/hoops/box_scores/202410300MIA_MIA_basic.csv,/users/cooperfoster/desktop/hoops/box_scores/202410300MIA_MIA_advance.csv,,,,,,,/users/cooperfoster/desktop/hoops/box_scores/202410300MIA_NYK_basic.csv,/users/cooperfoster/desktop/hoops/box_scores/202410300MIA_NYK_advance.csv,,,,,,,,,,,,,,,,,,,,,
202503020MIA,,,,,,,,,,,,,,,,,,,,,,,,,,,,,,,/users/cooperfoster/desktop/hoops/box_scores/202503020MIA_MIA_basic.csv,/users/cooperfoster/desktop/hoops/box_scores/202503020MIA_MIA_advance.csv,,,,,,,/users/cooperfoster/desktop/hoops/box_scores/202503020MIA_NYK_basic.csv,/users/cooperfoster/desktop/hoops/box_scores/202503020MIA_NYK_advance.csv,,,,,,,,,,,,,,,,,,,,,
202412200MIA,,,,,,,,,,,,,,,,,,,,,,,,,,,,,,,/users/cooperfoster/desktop/hoops/box_scores/202412200MIA_MIA_basic.csv,/users/cooperfoster/desktop/hoops/box_scores/202412200MIA_MIA_advance.csv,,,,,,,,,/users/cooperfoster/desktop/hoops/box_scores/202412200MIA_OKC_basic.csv,/users/cooperfoster/desktop/hoops/box_scores/202412200MIA_OKC_advance.csv,,,,,,,,,,,,,,,,,,,
202410230MIA,,,,,,,,,,,,,,,,,,,,,,,,,,,,,,,/users/cooperfoster/desktop/hoops/box_scores/202410230MIA_MIA_basic.csv,/users/cooperfoster/desktop/hoops/box_scores/202410230MIA_MIA_advance.csv,,,,,,,,,,,/users/cooperfoster/desktop/hoops/box_scores/202410230MIA_ORL_basic.csv,/users/cooperfoster/desktop/hoops/box_scores/202410230MIA_ORL_advance.csv,,,,,,,,,,,,,,,,,
202501270MIA,,,,,,,,,,,,,,,,,,,,,,,,,,,,,,,/users/cooperfoster/desktop/hoops/box_scores/202501270MIA_MIA_basic.csv,/users/cooperfoster/desktop/hoops/box_scores/202501270MIA_MIA_advance.csv,,,,,,,,,,,/users/cooperfoster/desktop/hoops/box_scores/202501270MIA_ORL_basic.csv,/users/cooperfoster/desktop/hoops/box_scores/202501270MIA_ORL_advance.csv,,,,,,,,,,,,,,,,,
202411180MIA,,,,,,,,,,,,,,,,,,,,,,,,,,,,,,,/users/cooperfoster/desktop/hoops/box_scores/202411180MIA_MIA_basic.csv,/users/cooperfoster/desktop/hoops/box_scores/202411180MIA_MIA_advance.csv,,,,,,,,,,,,,/users/cooperfoster/desktop/hoops/box_scores/202411180MIA_PHI_basic.csv,/users/cooperfoster/desktop/hoops/box_scores/202411180MIA_PHI_advance.csv,,,,,,,,,,,,,,,
202504070MIA,,,,,,,,,,,,,,,,,,,,,,,,,,,,,,,/users/cooperfoster/desktop/hoops/box_scores/202504070MIA_MIA_basic.csv,/users/cooperfoster/desktop/hoops/box_scores/202504070MIA_MIA_advance.csv,,,,,,,,,,,,,/users/cooperfoster/desktop/hoops/box_scores/202504070MIA_PHI_basic.csv,/users/cooperfoster/desktop/hoops/box_scores/202504070MIA_PHI_advance.csv,,,,,,,,,,,,,,,
202412070MIA,,,,,,,,,,,,,,,,,,,,,,,,,,,,,,,/users/cooperfoster/desktop/hoops/box_scores/202412070MIA_MIA_basic.csv,/users/cooperfoster/desktop/hoops/box_scores/202412070MIA_MIA_advance.csv,,,,,,,,,,,,,,,/users/cooperfoster/desktop/hoops/box_scores/202412070MIA_PHO_basic.csv,/users/cooperfoster/desktop/hoops/box_scores/202412070MIA_PHO_advance.csv,,,,,,,,,,,,,
202501210MIA,,,,,,,,,,,,,,,,,,,,,,,,,,,,,,,/users/cooperfoster/desktop/hoops/box_scores/202501210MIA_MIA_basic.csv,/users/cooperfoster/desktop/hoops/box_scores/202501210MIA_MIA_advance.csv,,,,,,,,,,,,,,,,,/users/cooperfoster/desktop/hoops/box_scores/202501210MIA_POR_basic.csv,/users/cooperfoster/desktop/hoops/box_scores/202501210MIA_POR_advance.csv,,,,,,,,,,,
202411040MIA,,,,,,,,,,,,,,,,,,,,,,,,,,,,,,,/users/cooperfoster/desktop/hoops/box_scores/202411040MIA_MIA_basic.csv,/users/cooperfoster/desktop/hoops/box_scores/202411040MIA_MIA_advance.csv,,,,,,,,,,,,,,,,,,,/users/cooperfoster/desktop/hoops/box_scores/202411040MIA_SAC_basic.csv,/users/cooperfoster/desktop/hoops/box_scores/202411040MIA_SAC_advance.csv,,,,,,,,,
202501190MIA,,,,,,,,,,,,,,,,,,,,,,,,,,,,,,,/users/cooperfoster/desktop/hoops/box_scores/202501190MIA_MIA_basic.csv,/users/cooperfoster/desktop/hoops/box_scores/202501190MIA_MIA_advance.csv,,,,,,,,,,,,,,,,,,,,,/users/cooperfoster/desktop/hoops/box_scores/202501190MIA_SAS_basic.csv,/users/cooperfoster/desktop/hoops/box_scores/202501190MIA_SAS_advance.csv,,,,,,,
202411290MIA,,,,,,,,,,,,,,,,,,,,,,,,,,,,,,,/users/cooperfoster/desktop/hoops/box_scores/202411290MIA_MIA_basic.csv,/users/cooperfoster/desktop/hoops/box_scores/202411290MIA_MIA_advance.csv,,,,,,,,,,,,,,,,,,,,,,,/users/cooperfoster/desktop/hoops/box_scores/202411290MIA_TOR_basic.csv,/users/cooperfoster/desktop/hoops/box_scores/202411290MIA_TOR_advance.csv,,,,,
202412120MIA,,,,,,,,,,,,,,,,,,,,,,,,,,,,,,,/users/cooperfoster/desktop/hoops/box_scores/202412120MIA_MIA_basic.csv,/users/cooperfoster/desktop/hoops/box_scores/202412120MIA_MIA_advance.csv,,,,,,,,,,,,,,,,,,,,,,,/users/cooperfoster/desktop/hoops/box_scores/202412120MIA_TOR_basic.csv,/users/cooperfoster/desktop/hoops/box_scores/202412120MIA_TOR_advance.csv,,,,,
202501040MIA,,,,,,,,,,,,,,,,,,,,,,,,,,,,,,,/users/cooperfoster/desktop/hoops/box_scores/202501040MIA_MIA_basic.csv,/users/cooperfoster/desktop/hoops/box_scores/202501040MIA_MIA_advance.csv,,,,,,,,,,,,,,,,,,,,,,,,,/users/cooperfoster/desktop/hoops/box_scores/202501040MIA_UTA_basic.csv,/users/cooperfoster/desktop/hoops/box_scores/202501040MIA_UTA_advance.csv,,,
202503030MIA,,,,,,,,,,,,,,,,,,,,,,,,,,,,,,,/users/cooperfoster/desktop/hoops/box_scores/202503030MIA_MIA_basic.csv,/users/cooperfoster/desktop/hoops/box_scores/202503030MIA_MIA_advance.csv,,,,,,,,,,,,,,,,,,,,,,,,,,,/users/cooperfoster/desktop/hoops/box_scores/202503030MIA_WAS_basic.csv,/users/cooperfoster/desktop/hoops/box_scores/202503030MIA_WAS_advance.csv,
202504130MIA,,,,,,,,,,,,,,,,,,,,,,,,,,,,,,,/users/cooperfoster/desktop/hoops/box_scores/202504130MIA_MIA_basic.csv,/users/cooperfoster/desktop/hoops/box_scores/202504130MIA_MIA_advance.csv,,,,,,,,,,,,,,,,,,,,,,,,,,,/users/cooperfoster/desktop/hoops/box_scores/202504130MIA_WAS_basic.csv,/users/cooperfoster/desktop/hoops/box_scores/202504130MIA_WAS_advance.csv,
202412040MIL,/users/cooperfoster/desktop/hoops/box_scores/202412040MIL_ATL_basic.csv,/users/cooperfoster/desktop/hoops/box_scores/202412040MIL_ATL_advance.csv,,,,,,,,,,,,,,,,,,,,,,,,,,,,,,,/users/cooperfoster/desktop/hoops/box_scores/202412040MIL_MIL_basic.csv,/users/cooperfoster/desktop/hoops/box_scores/202412040MIL_MIL_advance.csv,,,,,,,,,,,,,,,,,,,,,,,,,,,
202412140MIL,/users/cooperfoster/desktop/hoops/box_scores/202412140MIL_ATL_basic.csv,/users/cooperfoster/desktop/hoops/box_scores/202412140MIL_ATL_advance.csv,,,,,,,,,,,,,,,,,,,,,,,,,,,,,,,/users/cooperfoster/desktop/hoops/box_scores/202412140MIL_MIL_basic.csv,/users/cooperfoster/desktop/hoops/box_scores/202412140MIL_MIL_advance.csv,,,,,,,,,,,,,,,,,,,,,,,,,,,
202503300MIL,/users/cooperfoster/desktop/hoops/box_scores/202503300MIL_ATL_basic.csv,/users/cooperfoster/desktop/hoops/box_scores/202503300MIL_ATL_advance.csv,,,,,,,,,,,,,,,,,,,,,,,,,,,,,,,/users/cooperfoster/desktop/hoops/box_scores/202503300MIL_MIL_basic.csv,/users/cooperfoster/desktop/hoops/box_scores/202503300MIL_MIL_advance.csv,,,,,,,,,,,,,,,,,,,,,,,,,,,
202412260MIL,,,/users/cooperfoster/desktop/hoops/box_scores/202412260MIL_BRK_basic.csv,/users/cooperfoster/desktop/hoops/box_scores/202412260MIL_BRK_advance.csv,,,,,,,,,,,,,,,,,,,,,,,,,,,,,/users/cooperfoster/desktop/hoops/box_scores/202412260MIL_MIL_basic.csv,/users/cooperfoster/desktop/hoops/box_scores/202412260MIL_MIL_advance.csv,,,,,,,,,,,,,,,,,,,,,,,,,,,
202501020MIL,,,/users/cooperfoster/desktop/hoops/box_scores/202501020MIL_BRK_basic.csv,/users/cooperfoster/desktop/hoops/box_scores/202501020MIL_BRK_advance.csv,,,,,,,,,,,,,,,,,,,,,,,,,,,,,/users/cooperfoster/desktop/hoops/box_scores/202501020MIL_MIL_basic.csv,/users/cooperfoster/desktop/hoops/box_scores/202501020MIL_MIL_advance.csv,,,,,,,,,,,,,,,,,,,,,,,,,,,
202411100MIL,,,,,/users/cooperfoster/desktop/hoops/box_scores/202411100MIL_BOS_basic.csv,/users/cooperfoster/desktop/hoops/box_scores/202411100MIL_BOS_advance.csv,,,,,,,,,,,,,,,,,,,,,,,,,,,/users/cooperfoster/desktop/hoops/box_scores/202411100MIL_MIL_basic.csv,/users/cooperfoster/desktop/hoops/box_scores/202411100MIL_MIL_advance.csv,,,,,,,,,,,,,,,,,,,,,,,,,,,
202410250MIL,,,,,,,/users/cooperfoster/desktop/hoops/box_scores/202410250MIL_CHI_basic.csv,/users/cooperfoster/desktop/hoops/box_scores/202410250MIL_CHI_advance.csv,,,,,,,,,,,,,,,,,,,,,,,,,/users/cooperfoster/desktop/hoops/box_scores/202410250MIL_MIL_basic.csv,/users/cooperfoster/desktop/hoops/box_scores/202410250MIL_MIL_advance.csv,,,,,,,,,,,,,,,,,,,,,,,,,,,
202411200MIL,,,,,,,/users/cooperfoster/desktop/hoops/box_scores/202411200MIL_CHI_basic.csv,/users/cooperfoster/desktop/hoops/box_scores/202411200MIL_CHI_advance.csv,,,,,,,,,,,,,,,,,,,,,,,,,/users/cooperfoster/desktop/hoops/box_scores/202411200MIL_MIL_basic.csv,/users/cooperfoster/desktop/hoops/box_scores/202411200MIL_MIL_advance.csv,,,,,,,,,,,,,,,,,,,,,,,,,,,
202411230MIL,,,,,,,,,/users/cooperfoster/desktop/hoops/box_scores/202411230MIL_CHO_basic.csv,/users/cooperfoster/desktop/hoops/box_scores/202411230MIL_CHO_advance.csv,,,,,,,,,,,,,,,,,,,,,,,/users/cooperfoster/desktop/hoops/box_scores/202411230MIL_MIL_basic.csv,/users/cooperfoster/desktop/hoops/box_scores/202411230MIL_MIL_advance.csv,,,,,,,,,,,,,,,,,,,,,,,,,,,
202411020MIL,,,,,,,,,,,/users/cooperfoster/desktop/hoops/box_scores/202411020MIL_CLE_basic.csv,/users/cooperfoster/desktop/hoops/box_scores/202411020MIL_CLE_advance.csv,,,,,,,,,,,,,,,,,,,,,/users/cooperfoster/desktop/hoops/box_scores/202411020MIL_MIL_basic.csv,/users/cooperfoster/desktop/hoops/box_scores/202411020MIL_MIL_advance.csv,,,,,,,,,,,,,,,,,,,,,,,,,,,
202503090MIL,,,,,,,,,,,/users/cooperfoster/desktop/hoops/box_scores/202503090MIL_CLE_basic.csv,/users/cooperfoster/desktop/hoops/box_scores/202503090MIL_CLE_advance.csv,,,,,,,,,,,,,,,,,,,,,/users/cooperfoster/desktop/hoops/box_scores/202503090MIL_MIL_basic.csv,/users/cooperfoster/desktop/hoops/box_scores/202503090MIL_MIL_advance.csv,,,,,,,,,,,,,,,,,,,,,,,,,,,
202503050MIL,,,,,,,,,,,,,/users/cooperfoster/desktop/hoops/box_scores/202503050MIL_DAL_basic.csv,/users/cooperfoster/desktop/hoops/box_scores/202503050MIL_DAL_advance.csv,,,,,,,,,,,,,,,,,,,/users/cooperfoster/desktop/hoops/box_scores/202503050MIL_MIL_basic.csv,/users/cooperfoster/desktop/hoops/box_scores/202503050MIL_MIL_advance.csv,,,,,,,,,,,,,,,,,,,,,,,,,,,
202502270MIL,,,,,,,,,,,,,,,/users/cooperfoster/desktop/hoops/box_scores/202502270MIL_DEN_basic.csv,/users/cooperfoster/desktop/hoops/box_scores/202502270MIL_DEN_advance.csv,,,,,,,,,,,,,,,,,/users/cooperfoster/desktop/hoops/box_scores/202502270MIL_MIL_basic.csv,/users/cooperfoster/desktop/hoops/box_scores/202502270MIL_MIL_advance.csv,,,,,,,,,,,,,,,,,,,,,,,,,,,
202411130MIL,,,,,,,,,,,,,,,,,/users/cooperfoster/desktop/hoops/box_scores/202411130MIL_DET_basic.csv,/users/cooperfoster/desktop/hoops/box_scores/202411130MIL_DET_advance.csv,,,,,,,,,,,,,,,/users/cooperfoster/desktop/hoops/box_scores/202411130MIL_MIL_basic.csv,/users/cooperfoster/desktop/hoops/box_scores/202411130MIL_MIL_advance.csv,,,,,,,,,,,,,,,,,,,,,,,,,,,
202504130MIL,,,,,,,,,,,,,,,,,/users/cooperfoster/desktop/hoops/box_scores/202504130MIL_DET_basic.csv,/users/cooperfoster/desktop/hoops/box_scores/202504130MIL_DET_advance.csv,,,,,,,,,,,,,,,/users/cooperfoster/desktop/hoops/box_scores/202504130MIL_MIL_basic.csv,/users/cooperfoster/desktop/hoops/box_scores/202504130MIL_MIL_advance.csv,,,,,,,,,,,,,,,,,,,,,,,,,,,
202502100MIL,,,,,,,,,,,,,,,,,,,/users/cooperfoster/desktop/hoops/box_scores/202502100MIL_GSW_basic.csv,/users/cooperfoster/desktop/hoops/box_scores/202502100MIL_GSW_advance.csv,,,,,,,,,,,,,/users/cooperfoster/desktop/hoops/box_scores/202502100MIL_MIL_basic.csv,/users/cooperfoster/desktop/hoops/box_scores/202502100MIL_MIL_advance.csv,,,,,,,,,,,,,,,,,,,,,,,,,,,
202411180MIL,,,,,,,,,,,,,,,,,,,,,/users/cooperfoster/desktop/hoops/box_scores/202411180MIL_HOU_basic.csv,/users/cooperfoster/desktop/hoops/box_scores/202411180MIL_HOU_advance.csv,,,,,,,,,,,/users/cooperfoster/desktop/hoops/box_scores/202411180MIL_MIL_basic.csv,/users/cooperfoster/desktop/hoops/box_scores/202411180MIL_MIL_advance.csv,,,,,,,,,,,,,,,,,,,,,,,,,,,
202411220MIL,,,,,,,,,,,,,,,,,,,,,,,/users/cooperfoster/desktop/hoops/box_scores/202411220MIL_IND_basic.csv,/users/cooperfoster/desktop/hoops/box_scores/202411220MIL_IND_advance.csv,,,,,,,,,/users/cooperfoster/desktop/hoops/box_scores/202411220MIL_MIL_basic.csv,/users/cooperfoster/desktop/hoops/box_scores/202411220MIL_MIL_advance.csv,,,,,,,,,,,,,,,,,,,,,,,,,,,
202503150MIL,,,,,,,,,,,,,,,,,,,,,,,/users/cooperfoster/desktop/hoops/box_scores/202503150MIL_IND_basic.csv,/users/cooperfoster/desktop/hoops/box_scores/202503150MIL_IND_advance.csv,,,,,,,,,/users/cooperfoster/desktop/hoops/box_scores/202503150MIL_MIL_basic.csv,/users/cooperfoster/desktop/hoops/box_scores/202503150MIL_MIL_advance.csv,,,,,,,,,,,,,,,,,,,,,,,,,,,
202502200MIL,,,,,,,,,,,,,,,,,,,,,,,,,/users/cooperfoster/desktop/hoops/box_scores/202502200MIL_LAC_basic.csv,/users/cooperfoster/desktop/hoops/box_scores/202502200MIL_LAC_advance.csv,,,,,,,/users/cooperfoster/desktop/hoops/box_scores/202502200MIL_MIL_basic.csv,/users/cooperfoster/desktop/hoops/box_scores/202502200MIL_MIL_advance.csv,,,,,,,,,,,,,,,,,,,,,,,,,,,
202503130MIL,,,,,,,,,,,,,,,,,,,,,,,,,,,/users/cooperfoster/desktop/hoops/box_scores/202503130MIL_LAL_basic.csv,/users/cooperfoster/desktop/hoops/box_scores/202503130MIL_LAL_advance.csv,,,,,/users/cooperfoster/desktop/hoops/box_scores/202503130MIL_MIL_basic.csv,/users/cooperfoster/desktop/hoops/box_scores/202503130MIL_MIL_advance.csv,,,,,,,,,,,,,,,,,,,,,,,,,,,
202502020MIL,,,,,,,,,,,,,,,,,,,,,,,,,,,,,/users/cooperfoster/desktop/hoops/box_scores/202502020MIL_MEM_basic.csv,/users/cooperfoster/desktop/hoops/box_scores/202502020MIL_MEM_advance.csv,,,/users/cooperfoster/desktop/hoops/box_scores/202502020MIL_MIL_basic.csv,/users/cooperfoster/desktop/hoops/box_scores/202502020MIL_MIL_advance.csv,,,,,,,,,,,,,,,,,,,,,,,,,,,
202501230MIL,,,,,,,,,,,,,,,,,,,,,,,,,,,,,,,/users/cooperfoster/desktop/hoops/box_scores/202501230MIL_MIA_basic.csv,/users/cooperfoster/desktop/hoops/box_scores/202501230MIL_MIA_advance.csv,/users/cooperfoster/desktop/hoops/box_scores/202501230MIL_MIL_basic.csv,/users/cooperfoster/desktop/hoops/box_scores/202501230MIL_MIL_advance.csv,,,,,,,,,,,,,,,,,,,,,,,,,,,
202502230MIL,,,,,,,,,,,,,,,,,,,,,,,,,,,,,,,/users/cooperfoster/desktop/hoops/box_scores/202502230MIL_MIA_basic.csv,/users/cooperfoster/desktop/hoops/box_scores/202502230MIL_MIA_advance.csv,/users/cooperfoster/desktop/hoops/box_scores/202502230MIL_MIL_basic.csv,/users/cooperfoster/desktop/hoops/box_scores/202502230MIL_MIL_advance.csv,,,,,,,,,,,,,,,,,,,,,,,,,,,
202504080MIL,,,,,,,,,,,,,,,,,,,,,,,,,,,,,,,,,/users/cooperfoster/desktop/hoops/box_scores/202504080MIL_MIL_basic.csv,/users/cooperfoster/desktop/hoops/box_scores/202504080MIL_MIL_advance.csv,/users/cooperfoster/desktop/hoops/box_scores/202504080MIL_MIN_basic.csv,/users/cooperfoster/desktop/hoops/box_scores/202504080MIL_MIN_advance.csv,,,,,,,,,,,,,,,,,,,,,,,,,
202504100MIL,,,,,,,,,,,,,,,,,,,,,,,,,,,,,,,,,/users/cooperfoster/desktop/hoops/box_scores/202504100MIL_MIL_basic.csv,/users/cooperfoster/desktop/hoops/box_scores/202504100MIL_MIL_advance.csv,,,/users/cooperfoster/desktop/hoops/box_scores/202504100MIL_NOP_basic.csv,/users/cooperfoster/desktop/hoops/box_scores/202504100MIL_NOP_advance.csv,,,,,,,,,,,,,,,,,,,,,,,
202503280MIL,,,,,,,,,,,,,,,,,,,,,,,,,,,,,,,,,/users/cooperfoster/desktop/hoops/box_scores/202503280MIL_MIL_basic.csv,/users/cooperfoster/desktop/hoops/box_scores/202503280MIL_MIL_advance.csv,,,,,/users/cooperfoster/desktop/hoops/box_scores/202503280MIL_NYK_basic.csv,/users/cooperfoster/desktop/hoops/box_scores/202503280MIL_NYK_advance.csv,,,,,,,,,,,,,,,,,,,,,
202503160MIL,,,,,,,,,,,,,,,,,,,,,,,,,,,,,,,,,/users/cooperfoster/desktop/hoops/box_scores/202503160MIL_MIL_basic.csv,/users/cooperfoster/desktop/hoops/box_scores/202503160MIL_MIL_advance.csv,,,,,,,/users/cooperfoster/desktop/hoops/box_scores/202503160MIL_OKC_basic.csv,/users/cooperfoster/desktop/hoops/box_scores/202503160MIL_OKC_advance.csv,,,,,,,,,,,,,,,,,,,
202412100MIL,,,,,,,,,,,,,,,,,,,,,,,,,,,,,,,,,/users/cooperfoster/desktop/hoops/box_scores/202412100MIL_MIL_basic.csv,/users/cooperfoster/desktop/hoops/box_scores/202412100MIL_MIL_advance.csv,,,,,,,,,/users/cooperfoster/desktop/hoops/box_scores/202412100MIL_ORL_basic.csv,/users/cooperfoster/desktop/hoops/box_scores/202412100MIL_ORL_advance.csv,,,,,,,,,,,,,,,,,
202501150MIL,,,,,,,,,,,,,,,,,,,,,,,,,,,,,,,,,/users/cooperfoster/desktop/hoops/box_scores/202501150MIL_MIL_basic.csv,/users/cooperfoster/desktop/hoops/box_scores/202501150MIL_MIL_advance.csv,,,,,,,,,/users/cooperfoster/desktop/hoops/box_scores/202501150MIL_ORL_basic.csv,/users/cooperfoster/desktop/hoops/box_scores/202501150MIL_ORL_advance.csv,,,,,,,,,,,,,,,,,
202503080MIL,,,,,,,,,,,,,,,,,,,,,,,,,,,,,,,,,/users/cooperfoster/desktop/hoops/box_scores/202503080MIL_MIL_basic.csv,/users/cooperfoster/desktop/hoops/box_scores/202503080MIL_MIL_advance.csv,,,,,,,,,/users/cooperfoster/desktop/hoops/box_scores/202503080MIL_ORL_basic.csv,/users/cooperfoster/desktop/hoops/box_scores/202503080MIL_ORL_advance.csv,,,,,,,,,,,,,,,,,
202501190MIL,,,,,,,,,,,,,,,,,,,,,,,,,,,,,,,,,/users/cooperfoster/desktop/hoops/box_scores/202501190MIL_MIL_basic.csv,/users/cooperfoster/desktop/hoops/box_scores/202501190MIL_MIL_advance.csv,,,,,,,,,,,/users/cooperfoster/desktop/hoops/box_scores/202501190MIL_PHI_basic.csv,/users/cooperfoster/desktop/hoops/box_scores/202501190MIL_PHI_advance.csv,,,,,,,,,,,,,,,
202502090MIL,,,,,,,,,,,,,,,,,,,,,,,,,,,,,,,,,/users/cooperfoster/desktop/hoops/box_scores/202502090MIL_MIL_basic.csv,/users/cooperfoster/desktop/hoops/box_scores/202502090MIL_MIL_advance.csv,,,,,,,,,,,/users/cooperfoster/desktop/hoops/box_scores/202502090MIL_PHI_basic.csv,/users/cooperfoster/desktop/hoops/box_scores/202502090MIL_PHI_advance.csv,,,,,,,,,,,,,,,
202504010MIL,,,,,,,,,,,,,,,,,,,,,,,,,,,,,,,,,/users/cooperfoster/desktop/hoops/box_scores/202504010MIL_MIL_basic.csv,/users/cooperfoster/desktop/hoops/box_scores/202504010MIL_MIL_advance.csv,,,,,,,,,,,,,/users/cooperfoster/desktop/hoops/box_scores/202504010MIL_PHO_basic.csv,/users/cooperfoster/desktop/hoops/box_scores/202504010MIL_PHO_advance.csv,,,,,,,,,,,,,
202501040MIL,,,,,,,,,,,,,,,,,,,,,,,,,,,,,,,,,/users/cooperfoster/desktop/hoops/box_scores/202501040MIL_MIL_basic.csv,/users/cooperfoster/desktop/hoops/box_scores/202501040MIL_MIL_advance.csv,,,,,,,,,,,,,,,/users/cooperfoster/desktop/hoops/box_scores/202501040MIL_POR_basic.csv,/users/cooperfoster/desktop/hoops/box_scores/202501040MIL_POR_advance.csv,,,,,,,,,,,
202501140MIL,,,,,,,,,,,,,,,,,,,,,,,,,,,,,,,,,/users/cooperfoster/desktop/hoops/box_scores/202501140MIL_MIL_basic.csv,/users/cooperfoster/desktop/hoops/box_scores/202501140MIL_MIL_advance.csv,,,,,,,,,,,,,,,,,/users/cooperfoster/desktop/hoops/box_scores/202501140MIL_SAC_basic.csv,/users/cooperfoster/desktop/hoops/box_scores/202501140MIL_SAC_advance.csv,,,,,,,,,
202501080MIL,,,,,,,,,,,,,,,,,,,,,,,,,,,,,,,,,/users/cooperfoster/desktop/hoops/box_scores/202501080MIL_MIL_basic.csv,/users/cooperfoster/desktop/hoops/box_scores/202501080MIL_MIL_advance.csv,,,,,,,,,,,,,,,,,,,/users/cooperfoster/desktop/hoops/box_scores/202501080MIL_SAS_basic.csv,/users/cooperfoster/desktop/hoops/box_scores/202501080MIL_SAS_advance.csv,,,,,,,
202411120MIL,,,,,,,,,,,,,,,,,,,,,,,,,,,,,,,,,/users/cooperfoster/desktop/hoops/box_scores/202411120MIL_MIL_basic.csv,/users/cooperfoster/desktop/hoops/box_scores/202411120MIL_MIL_advance.csv,,,,,,,,,,,,,,,,,,,,,/users/cooperfoster/desktop/hoops/box_scores/202411120MIL_TOR_basic.csv,/users/cooperfoster/desktop/hoops/box_scores/202411120MIL_TOR_advance.csv,,,,,
202501170MIL,,,,,,,,,,,,,,,,,,,,,,,,,,,,,,,,,/users/cooperfoster/desktop/hoops/box_scores/202501170MIL_MIL_basic.csv,/users/cooperfoster/desktop/hoops/box_scores/202501170MIL_MIL_advance.csv,,,,,,,,,,,,,,,,,,,,,/users/cooperfoster/desktop/hoops/box_scores/202501170MIL_TOR_basic.csv,/users/cooperfoster/desktop/hoops/box_scores/202501170MIL_TOR_advance.csv,,,,,
202411070MIL,,,,,,,,,,,,,,,,,,,,,,,,,,,,,,,,,/users/cooperfoster/desktop/hoops/box_scores/202411070MIL_MIL_basic.csv,/users/cooperfoster/desktop/hoops/box_scores/202411070MIL_MIL_advance.csv,,,,,,,,,,,,,,,,,,,,,,,/users/cooperfoster/desktop/hoops/box_scores/202411070MIL_UTA_basic.csv,/users/cooperfoster/desktop/hoops/box_scores/202411070MIL_UTA_advance.csv,,,
202411300MIL,,,,,,,,,,,,,,,,,,,,,,,,,,,,,,,,,/users/cooperfoster/desktop/hoops/box_scores/202411300MIL_MIL_basic.csv,/users/cooperfoster/desktop/hoops/box_scores/202411300MIL_MIL_advance.csv,,,,,,,,,,,,,,,,,,,,,,,,,/users/cooperfoster/desktop/hoops/box_scores/202411300MIL_WAS_basic.csv,/users/cooperfoster/desktop/hoops/box_scores/202411300MIL_WAS_advance.csv,
202412210MIL,,,,,,,,,,,,,,,,,,,,,,,,,,,,,,,,,/users/cooperfoster/desktop/hoops/box_scores/202412210MIL_MIL_basic.csv,/users/cooperfoster/desktop/hoops/box_scores/202412210MIL_MIL_advance.csv,,,,,,,,,,,,,,,,,,,,,,,,,/users/cooperfoster/desktop/hoops/box_scores/202412210MIL_WAS_basic.csv,/users/cooperfoster/desktop/hoops/box_scores/202412210MIL_WAS_advance.csv,
202501270MIN,/users/cooperfoster/desktop/hoops/box_scores/202501270MIN_ATL_basic.csv,/users/cooperfoster/desktop/hoops/box_scores/202501270MIN_ATL_advance.csv,,,,,,,,,,,,,,,,,,,,,,,,,,,,,,,,,/users/cooperfoster/desktop/hoops/box_scores/202501270MIN_MIN_basic.csv,/users/cooperfoster/desktop/hoops/box_scores/202501270MIN_MIN_advance.csv,,,,,,,,,,,,,,,,,,,,,,,,,
202504110MIN,,,/users/cooperfoster/desktop/hoops/box_scores/202504110MIN_BRK_basic.csv,/users/cooperfoster/desktop/hoops/box_scores/202504110MIN_BRK_advance.csv,,,,,,,,,,,,,,,,,,,,,,,,,,,,,,,/users/cooperfoster/desktop/hoops/box_scores/202504110MIN_MIN_basic.csv,/users/cooperfoster/desktop/hoops/box_scores/202504110MIN_MIN_advance.csv,,,,,,,,,,,,,,,,,,,,,,,,,
202501020MIN,,,,,/users/cooperfoster/desktop/hoops/box_scores/202501020MIN_BOS_basic.csv,/users/cooperfoster/desktop/hoops/box_scores/202501020MIN_BOS_advance.csv,,,,,,,,,,,,,,,,,,,,,,,,,,,,,/users/cooperfoster/desktop/hoops/box_scores/202501020MIN_MIN_basic.csv,/users/cooperfoster/desktop/hoops/box_scores/202501020MIN_MIN_advance.csv,,,,,,,,,,,,,,,,,,,,,,,,,
202502050MIN,,,,,,,/users/cooperfoster/desktop/hoops/box_scores/202502050MIN_CHI_basic.csv,/users/cooperfoster/desktop/hoops/box_scores/202502050MIN_CHI_advance.csv,,,,,,,,,,,,,,,,,,,,,,,,,,,/users/cooperfoster/desktop/hoops/box_scores/202502050MIN_MIN_basic.csv,/users/cooperfoster/desktop/hoops/box_scores/202502050MIN_MIN_advance.csv,,,,,,,,,,,,,,,,,,,,,,,,,
202411040MIN,,,,,,,,,/users/cooperfoster/desktop/hoops/box_scores/202411040MIN_CHO_basic.csv,/users/cooperfoster/desktop/hoops/box_scores/202411040MIN_CHO_advance.csv,,,,,,,,,,,,,,,,,,,,,,,,,/users/cooperfoster/desktop/hoops/box_scores/202411040MIN_MIN_basic.csv,/users/cooperfoster/desktop/hoops/box_scores/202411040MIN_MIN_advance.csv,,,,,,,,,,,,,,,,,,,,,,,,,
202501180MIN,,,,,,,,,,,/users/cooperfoster/desktop/hoops/box_scores/202501180MIN_CLE_basic.csv,/users/cooperfoster/desktop/hoops/box_scores/202501180MIN_CLE_advance.csv,,,,,,,,,,,,,,,,,,,,,,,/users/cooperfoster/desktop/hoops/box_scores/202501180MIN_MIN_basic.csv,/users/cooperfoster/desktop/hoops/box_scores/202501180MIN_MIN_advance.csv,,,,,,,,,,,,,,,,,,,,,,,,,
202410290MIN,,,,,,,,,,,,,/users/cooperfoster/desktop/hoops/box_scores/202410290MIN_DAL_basic.csv,/users/cooperfoster/desktop/hoops/box_scores/202410290MIN_DAL_advance.csv,,,,,,,,,,,,,,,,,,,,,/users/cooperfoster/desktop/hoops/box_scores/202410290MIN_MIN_basic.csv,/users/cooperfoster/desktop/hoops/box_scores/202410290MIN_MIN_advance.csv,,,,,,,,,,,,,,,,,,,,,,,,,
202411010MIN,,,,,,,,,,,,,,,/users/cooperfoster/desktop/hoops/box_scores/202411010MIN_DEN_basic.csv,/users/cooperfoster/desktop/hoops/box_scores/202411010MIN_DEN_advance.csv,,,,,,,,,,,,,,,,,,,/users/cooperfoster/desktop/hoops/box_scores/202411010MIN_MIN_basic.csv,/users/cooperfoster/desktop/hoops/box_scores/202411010MIN_MIN_advance.csv,,,,,,,,,,,,,,,,,,,,,,,,,
202501250MIN,,,,,,,,,,,,,,,/users/cooperfoster/desktop/hoops/box_scores/202501250MIN_DEN_basic.csv,/users/cooperfoster/desktop/hoops/box_scores/202501250MIN_DEN_advance.csv,,,,,,,,,,,,,,,,,,,/users/cooperfoster/desktop/hoops/box_scores/202501250MIN_MIN_basic.csv,/users/cooperfoster/desktop/hoops/box_scores/202501250MIN_MIN_advance.csv,,,,,,,,,,,,,,,,,,,,,,,,,
202503300MIN,,,,,,,,,,,,,,,,,/users/cooperfoster/desktop/hoops/box_scores/202503300MIN_DET_basic.csv,/users/cooperfoster/desktop/hoops/box_scores/202503300MIN_DET_advance.csv,,,,,,,,,,,,,,,,,/users/cooperfoster/desktop/hoops/box_scores/202503300MIN_MIN_basic.csv,/users/cooperfoster/desktop/hoops/box_scores/202503300MIN_MIN_advance.csv,,,,,,,,,,,,,,,,,,,,,,,,,
202412210MIN,,,,,,,,,,,,,,,,,,,/users/cooperfoster/desktop/hoops/box_scores/202412210MIN_GSW_basic.csv,/users/cooperfoster/desktop/hoops/box_scores/202412210MIN_GSW_advance.csv,,,,,,,,,,,,,,,/users/cooperfoster/desktop/hoops/box_scores/202412210MIN_MIN_basic.csv,/users/cooperfoster/desktop/hoops/box_scores/202412210MIN_MIN_advance.csv,,,,,,,,,,,,,,,,,,,,,,,,,
202501150MIN,,,,,,,,,,,,,,,,,,,/users/cooperfoster/desktop/hoops/box_scores/202501150MIN_GSW_basic.csv,/users/cooperfoster/desktop/hoops/box_scores/202501150MIN_GSW_advance.csv,,,,,,,,,,,,,,,/users/cooperfoster/desktop/hoops/box_scores/202501150MIN_MIN_basic.csv,/users/cooperfoster/desktop/hoops/box_scores/202501150MIN_MIN_advance.csv,,,,,,,,,,,,,,,,,,,,,,,,,
202411260MIN,,,,,,,,,,,,,,,,,,,,,/users/cooperfoster/desktop/hoops/box_scores/202411260MIN_HOU_basic.csv,/users/cooperfoster/desktop/hoops/box_scores/202411260MIN_HOU_advance.csv,,,,,,,,,,,,,/users/cooperfoster/desktop/hoops/box_scores/202411260MIN_MIN_basic.csv,/users/cooperfoster/desktop/hoops/box_scores/202411260MIN_MIN_advance.csv,,,,,,,,,,,,,,,,,,,,,,,,,
202502060MIN,,,,,,,,,,,,,,,,,,,,,/users/cooperfoster/desktop/hoops/box_scores/202502060MIN_HOU_basic.csv,/users/cooperfoster/desktop/hoops/box_scores/202502060MIN_HOU_advance.csv,,,,,,,,,,,,,/users/cooperfoster/desktop/hoops/box_scores/202502060MIN_MIN_basic.csv,/users/cooperfoster/desktop/hoops/box_scores/202502060MIN_MIN_advance.csv,,,,,,,,,,,,,,,,,,,,,,,,,
202503170MIN,,,,,,,,,,,,,,,,,,,,,,,/users/cooperfoster/desktop/hoops/box_scores/202503170MIN_IND_basic.csv,/users/cooperfoster/desktop/hoops/box_scores/202503170MIN_IND_advance.csv,,,,,,,,,,,/users/cooperfoster/desktop/hoops/box_scores/202503170MIN_MIN_basic.csv,/users/cooperfoster/desktop/hoops/box_scores/202503170MIN_MIN_advance.csv,,,,,,,,,,,,,,,,,,,,,,,,,
202411290MIN,,,,,,,,,,,,,,,,,,,,,,,,,/users/cooperfoster/desktop/hoops/box_scores/202411290MIN_LAC_basic.csv,/users/cooperfoster/desktop/hoops/box_scores/202411290MIN_LAC_advance.csv,,,,,,,,,/users/cooperfoster/desktop/hoops/box_scores/202411290MIN_MIN_basic.csv,/users/cooperfoster/desktop/hoops/box_scores/202411290MIN_MIN_advance.csv,,,,,,,,,,,,,,,,,,,,,,,,,
202501060MIN,,,,,,,,,,,,,,,,,,,,,,,,,/users/cooperfoster/desktop/hoops/box_scores/202501060MIN_LAC_basic.csv,/users/cooperfoster/desktop/hoops/box_scores/202501060MIN_LAC_advance.csv,,,,,,,,,/users/cooperfoster/desktop/hoops/box_scores/202501060MIN_MIN_basic.csv,/users/cooperfoster/desktop/hoops/box_scores/202501060MIN_MIN_advance.csv,,,,,,,,,,,,,,,,,,,,,,,,,
202412020MIN,,,,,,,,,,,,,,,,,,,,,,,,,,,/users/cooperfoster/desktop/hoops/box_scores/202412020MIN_LAL_basic.csv,/users/cooperfoster/desktop/hoops/box_scores/202412020MIN_LAL_advance.csv,,,,,,,/users/cooperfoster/desktop/hoops/box_scores/202412020MIN_MIN_basic.csv,/users/cooperfoster/desktop/hoops/box_scores/202412020MIN_MIN_advance.csv,,,,,,,,,,,,,,,,,,,,,,,,,
202412130MIN,,,,,,,,,,,,,,,,,,,,,,,,,,,/users/cooperfoster/desktop/hoops/box_scores/202412130MIN_LAL_basic.csv,/users/cooperfoster/desktop/hoops/box_scores/202412130MIN_LAL_advance.csv,,,,,,,/users/cooperfoster/desktop/hoops/box_scores/202412130MIN_MIN_basic.csv,/users/cooperfoster/desktop/hoops/box_scores/202412130MIN_MIN_advance.csv,,,,,,,,,,,,,,,,,,,,,,,,,
202501110MIN,,,,,,,,,,,,,,,,,,,,,,,,,,,,,/users/cooperfoster/desktop/hoops/box_scores/202501110MIN_MEM_basic.csv,/users/cooperfoster/desktop/hoops/box_scores/202501110MIN_MEM_advance.csv,,,,,/users/cooperfoster/desktop/hoops/box_scores/202501110MIN_MIN_basic.csv,/users/cooperfoster/desktop/hoops/box_scores/202501110MIN_MIN_advance.csv,,,,,,,,,,,,,,,,,,,,,,,,,
202411100MIN,,,,,,,,,,,,,,,,,,,,,,,,,,,,,,,/users/cooperfoster/desktop/hoops/box_scores/202411100MIN_MIA_basic.csv,/users/cooperfoster/desktop/hoops/box_scores/202411100MIN_MIA_advance.csv,,,/users/cooperfoster/desktop/hoops/box_scores/202411100MIN_MIN_basic.csv,/users/cooperfoster/desktop/hoops/box_scores/202411100MIN_MIN_advance.csv,,,,,,,,,,,,,,,,,,,,,,,,,
202502120MIN,,,,,,,,,,,,,,,,,,,,,,,,,,,,,,,,,/users/cooperfoster/desktop/hoops/box_scores/202502120MIN_MIL_basic.csv,/users/cooperfoster/desktop/hoops/box_scores/202502120MIN_MIL_advance.csv,/users/cooperfoster/desktop/hoops/box_scores/202502120MIN_MIN_basic.csv,/users/cooperfoster/desktop/hoops/box_scores/202502120MIN_MIN_advance.csv,,,,,,,,,,,,,,,,,,,,,,,,,
202503190MIN,,,,,,,,,,,,,,,,,,,,,,,,,,,,,,,,,,,/users/cooperfoster/desktop/hoops/box_scores/202503190MIN_MIN_basic.csv,/users/cooperfoster/desktop/hoops/box_scores/202503190MIN_MIN_advance.csv,/users/cooperfoster/desktop/hoops/box_scores/202503190MIN_NOP_basic.csv,/users/cooperfoster/desktop/hoops/box_scores/202503190MIN_NOP_advance.csv,,,,,,,,,,,,,,,,,,,,,,,
202503210MIN,,,,,,,,,,,,,,,,,,,,,,,,,,,,,,,,,,,/users/cooperfoster/desktop/hoops/box_scores/202503210MIN_MIN_basic.csv,/users/cooperfoster/desktop/hoops/box_scores/202503210MIN_MIN_advance.csv,/users/cooperfoster/desktop/hoops/box_scores/202503210MIN_NOP_basic.csv,/users/cooperfoster/desktop/hoops/box_scores/202503210MIN_NOP_advance.csv,,,,,,,,,,,,,,,,,,,,,,,
202412190MIN,,,,,,,,,,,,,,,,,,,,,,,,,,,,,,,,,,,/users/cooperfoster/desktop/hoops/box_scores/202412190MIN_MIN_basic.csv,/users/cooperfoster/desktop/hoops/box_scores/202412190MIN_MIN_advance.csv,,,/users/cooperfoster/desktop/hoops/box_scores/202412190MIN_NYK_basic.csv,/users/cooperfoster/desktop/hoops/box_scores/202412190MIN_NYK_advance.csv,,,,,,,,,,,,,,,,,,,,,
202502130MIN,,,,,,,,,,,,,,,,,,,,,,,,,,,,,,,,,,,/users/cooperfoster/desktop/hoops/box_scores/202502130MIN_MIN_basic.csv,/users/cooperfoster/desktop/hoops/box_scores/202502130MIN_MIN_advance.csv,,,,,/users/cooperfoster/desktop/hoops/box_scores/202502130MIN_OKC_basic.csv,/users/cooperfoster/desktop/hoops/box_scores/202502130MIN_OKC_advance.csv,,,,,,,,,,,,,,,,,,,
202502230MIN,,,,,,,,,,,,,,,,,,,,,,,,,,,,,,,,,,,/users/cooperfoster/desktop/hoops/box_scores/202502230MIN_MIN_basic.csv,/users/cooperfoster/desktop/hoops/box_scores/202502230MIN_MIN_advance.csv,,,,,/users/cooperfoster/desktop/hoops/box_scores/202502230MIN_OKC_basic.csv,/users/cooperfoster/desktop/hoops/box_scores/202502230MIN_OKC_advance.csv,,,,,,,,,,,,,,,,,,,
202503140MIN,,,,,,,,,,,,,,,,,,,,,,,,,,,,,,,,,,,/users/cooperfoster/desktop/hoops/box_scores/202503140MIN_MIN_basic.csv,/users/cooperfoster/desktop/hoops/box_scores/202503140MIN_MIN_advance.csv,,,,,,,/users/cooperfoster/desktop/hoops/box_scores/202503140MIN_ORL_basic.csv,/users/cooperfoster/desktop/hoops/box_scores/202503140MIN_ORL_advance.csv,,,,,,,,,,,,,,,,,
202503040MIN,,,,,,,,,,,,,,,,,,,,,,,,,,,,,,,,,,,/users/cooperfoster/desktop/hoops/box_scores/202503040MIN_MIN_basic.csv,/users/cooperfoster/desktop/hoops/box_scores/202503040MIN_MIN_advance.csv,,,,,,,,,/users/cooperfoster/desktop/hoops/box_scores/202503040MIN_PHI_basic.csv,/users/cooperfoster/desktop/hoops/box_scores/202503040MIN_PHI_advance.csv,,,,,,,,,,,,,,,
202411170MIN,,,,,,,,,,,,,,,,,,,,,,,,,,,,,,,,,,,/users/cooperfoster/desktop/hoops/box_scores/202411170MIN_MIN_basic.csv,/users/cooperfoster/desktop/hoops/box_scores/202411170MIN_MIN_advance.csv,,,,,,,,,,,/users/cooperfoster/desktop/hoops/box_scores/202411170MIN_PHO_basic.csv,/users/cooperfoster/desktop/hoops/box_scores/202411170MIN_PHO_advance.csv,,,,,,,,,,,,,
202503280MIN,,,,,,,,,,,,,,,,,,,,,,,,,,,,,,,,,,,/users/cooperfoster/desktop/hoops/box_scores/202503280MIN_MIN_basic.csv,/users/cooperfoster/desktop/hoops/box_scores/202503280MIN_MIN_advance.csv,,,,,,,,,,,/users/cooperfoster/desktop/hoops/box_scores/202503280MIN_PHO_basic.csv,/users/cooperfoster/desktop/hoops/box_scores/202503280MIN_PHO_advance.csv,,,,,,,,,,,,,
202411080MIN,,,,,,,,,,,,,,,,,,,,,,,,,,,,,,,,,,,/users/cooperfoster/desktop/hoops/box_scores/202411080MIN_MIN_basic.csv,/users/cooperfoster/desktop/hoops/box_scores/202411080MIN_MIN_advance.csv,,,,,,,,,,,,,/users/cooperfoster/desktop/hoops/box_scores/202411080MIN_POR_basic.csv,/users/cooperfoster/desktop/hoops/box_scores/202411080MIN_POR_advance.csv,,,,,,,,,,,
202502080MIN,,,,,,,,,,,,,,,,,,,,,,,,,,,,,,,,,,,/users/cooperfoster/desktop/hoops/box_scores/202502080MIN_MIN_basic.csv,/users/cooperfoster/desktop/hoops/box_scores/202502080MIN_MIN_advance.csv,,,,,,,,,,,,,/users/cooperfoster/desktop/hoops/box_scores/202502080MIN_POR_basic.csv,/users/cooperfoster/desktop/hoops/box_scores/202502080MIN_POR_advance.csv,,,,,,,,,,,
202411270MIN,,,,,,,,,,,,,,,,,,,,,,,,,,,,,,,,,,,/users/cooperfoster/desktop/hoops/box_scores/202411270MIN_MIN_basic.csv,/users/cooperfoster/desktop/hoops/box_scores/202411270MIN_MIN_advance.csv,,,,,,,,,,,,,,,/users/cooperfoster/desktop/hoops/box_scores/202411270MIN_SAC_basic.csv,/users/cooperfoster/desktop/hoops/box_scores/202411270MIN_SAC_advance.csv,,,,,,,,,
202502030MIN,,,,,,,,,,,,,,,,,,,,,,,,,,,,,,,,,,,/users/cooperfoster/desktop/hoops/box_scores/202502030MIN_MIN_basic.csv,/users/cooperfoster/desktop/hoops/box_scores/202502030MIN_MIN_advance.csv,,,,,,,,,,,,,,,/users/cooperfoster/desktop/hoops/box_scores/202502030MIN_SAC_basic.csv,/users/cooperfoster/desktop/hoops/box_scores/202502030MIN_SAC_advance.csv,,,,,,,,,
202412290MIN,,,,,,,,,,,,,,,,,,,,,,,,,,,,,,,,,,,/users/cooperfoster/desktop/hoops/box_scores/202412290MIN_MIN_basic.csv,/users/cooperfoster/desktop/hoops/box_scores/202412290MIN_MIN_advance.csv,,,,,,,,,,,,,,,,,/users/cooperfoster/desktop/hoops/box_scores/202412290MIN_SAS_basic.csv,/users/cooperfoster/desktop/hoops/box_scores/202412290MIN_SAS_advance.csv,,,,,,,
202503090MIN,,,,,,,,,,,,,,,,,,,,,,,,,,,,,,,,,,,/users/cooperfoster/desktop/hoops/box_scores/202503090MIN_MIN_basic.csv,/users/cooperfoster/desktop/hoops/box_scores/202503090MIN_MIN_advance.csv,,,,,,,,,,,,,,,,,/users/cooperfoster/desktop/hoops/box_scores/202503090MIN_SAS_basic.csv,/users/cooperfoster/desktop/hoops/box_scores/202503090MIN_SAS_advance.csv,,,,,,,
202410260MIN,,,,,,,,,,,,,,,,,,,,,,,,,,,,,,,,,,,/users/cooperfoster/desktop/hoops/box_scores/202410260MIN_MIN_basic.csv,/users/cooperfoster/desktop/hoops/box_scores/202410260MIN_MIN_advance.csv,,,,,,,,,,,,,,,,,,,/users/cooperfoster/desktop/hoops/box_scores/202410260MIN_TOR_basic.csv,/users/cooperfoster/desktop/hoops/box_scores/202410260MIN_TOR_advance.csv,,,,,
202503160MIN,,,,,,,,,,,,,,,,,,,,,,,,,,,,,,,,,,,/users/cooperfoster/desktop/hoops/box_scores/202503160MIN_MIN_basic.csv,/users/cooperfoster/desktop/hoops/box_scores/202503160MIN_MIN_advance.csv,,,,,,,,,,,,,,,,,,,,,/users/cooperfoster/desktop/hoops/box_scores/202503160MIN_UTA_basic.csv,/users/cooperfoster/desktop/hoops/box_scores/202503160MIN_UTA_advance.csv,,,
202504130MIN,,,,,,,,,,,,,,,,,,,,,,,,,,,,,,,,,,,/users/cooperfoster/desktop/hoops/box_scores/202504130MIN_MIN_basic.csv,/users/cooperfoster/desktop/hoops/box_scores/202504130MIN_MIN_advance.csv,,,,,,,,,,,,,,,,,,,,,/users/cooperfoster/desktop/hoops/box_scores/202504130MIN_UTA_basic.csv,/users/cooperfoster/desktop/hoops/box_scores/202504130MIN_UTA_advance.csv,,,
202502010MIN,,,,,,,,,,,,,,,,,,,,,,,,,,,,,,,,,,,/users/cooperfoster/desktop/hoops/box_scores/202502010MIN_MIN_basic.csv,/users/cooperfoster/desktop/hoops/box_scores/202502010MIN_MIN_advance.csv,,,,,,,,,,,,,,,,,,,,,,,/users/cooperfoster/desktop/hoops/box_scores/202502010MIN_WAS_basic.csv,/users/cooperfoster/desktop/hoops/box_scores/202502010MIN_WAS_advance.csv,
202411030NOP,/users/cooperfoster/desktop/hoops/box_scores/202411030NOP_ATL_basic.csv,/users/cooperfoster/desktop/hoops/box_scores/202411030NOP_ATL_advance.csv,,,,,,,,,,,,,,,,,,,,,,,,,,,,,,,,,,,/users/cooperfoster/desktop/hoops/box_scores/202411030NOP_NOP_basic.csv,/users/cooperfoster/desktop/hoops/box_scores/202411030NOP_NOP_advance.csv,,,,,,,,,,,,,,,,,,,,,,,
202411110NOP,,,/users/cooperfoster/desktop/hoops/box_scores/202411110NOP_BRK_basic.csv,/users/cooperfoster/desktop/hoops/box_scores/202411110NOP_BRK_advance.csv,,,,,,,,,,,,,,,,,,,,,,,,,,,,,,,,,/users/cooperfoster/desktop/hoops/box_scores/202411110NOP_NOP_basic.csv,/users/cooperfoster/desktop/hoops/box_scores/202411110NOP_NOP_advance.csv,,,,,,,,,,,,,,,,,,,,,,,
202501310NOP,,,,,/users/cooperfoster/desktop/hoops/box_scores/202501310NOP_BOS_basic.csv,/users/cooperfoster/desktop/hoops/box_scores/202501310NOP_BOS_advance.csv,,,,,,,,,,,,,,,,,,,,,,,,,,,,,,,/users/cooperfoster/desktop/hoops/box_scores/202501310NOP_NOP_basic.csv,/users/cooperfoster/desktop/hoops/box_scores/202501310NOP_NOP_advance.csv,,,,,,,,,,,,,,,,,,,,,,,
202410230NOP,,,,,,,/users/cooperfoster/desktop/hoops/box_scores/202410230NOP_CHI_basic.csv,/users/cooperfoster/desktop/hoops/box_scores/202410230NOP_CHI_advance.csv,,,,,,,,,,,,,,,,,,,,,,,,,,,,,/users/cooperfoster/desktop/hoops/box_scores/202410230NOP_NOP_basic.csv,/users/cooperfoster/desktop/hoops/box_scores/202410230NOP_NOP_advance.csv,,,,,,,,,,,,,,,,,,,,,,,
202503300NOP,,,,,,,,,/users/cooperfoster/desktop/hoops/box_scores/202503300NOP_CHO_basic.csv,/users/cooperfoster/desktop/hoops/box_scores/202503300NOP_CHO_advance.csv,,,,,,,,,,,,,,,,,,,,,,,,,,,/users/cooperfoster/desktop/hoops/box_scores/202503300NOP_NOP_basic.csv,/users/cooperfoster/desktop/hoops/box_scores/202503300NOP_NOP_advance.csv,,,,,,,,,,,,,,,,,,,,,,,
202411060NOP,,,,,,,,,,,/users/cooperfoster/desktop/hoops/box_scores/202411060NOP_CLE_basic.csv,/users/cooperfoster/desktop/hoops/box_scores/202411060NOP_CLE_advance.csv,,,,,,,,,,,,,,,,,,,,,,,,,/users/cooperfoster/desktop/hoops/box_scores/202411060NOP_NOP_basic.csv,/users/cooperfoster/desktop/hoops/box_scores/202411060NOP_NOP_advance.csv,,,,,,,,,,,,,,,,,,,,,,,
202501150NOP,,,,,,,,,,,,,/users/cooperfoster/desktop/hoops/box_scores/202501150NOP_DAL_basic.csv,/users/cooperfoster/desktop/hoops/box_scores/202501150NOP_DAL_advance.csv,,,,,,,,,,,,,,,,,,,,,,,/users/cooperfoster/desktop/hoops/box_scores/202501150NOP_NOP_basic.csv,/users/cooperfoster/desktop/hoops/box_scores/202501150NOP_NOP_advance.csv,,,,,,,,,,,,,,,,,,,,,,,
202501290NOP,,,,,,,,,,,,,/users/cooperfoster/desktop/hoops/box_scores/202501290NOP_DAL_basic.csv,/users/cooperfoster/desktop/hoops/box_scores/202501290NOP_DAL_advance.csv,,,,,,,,,,,,,,,,,,,,,,,/users/cooperfoster/desktop/hoops/box_scores/202501290NOP_NOP_basic.csv,/users/cooperfoster/desktop/hoops/box_scores/202501290NOP_NOP_advance.csv,,,,,,,,,,,,,,,,,,,,,,,
202411150NOP,,,,,,,,,,,,,,,/users/cooperfoster/desktop/hoops/box_scores/202411150NOP_DEN_basic.csv,/users/cooperfoster/desktop/hoops/box_scores/202411150NOP_DEN_advance.csv,,,,,,,,,,,,,,,,,,,,,/users/cooperfoster/desktop/hoops/box_scores/202411150NOP_NOP_basic.csv,/users/cooperfoster/desktop/hoops/box_scores/202411150NOP_NOP_advance.csv,,,,,,,,,,,,,,,,,,,,,,,
202412220NOP,,,,,,,,,,,,,,,/users/cooperfoster/desktop/hoops/box_scores/202412220NOP_DEN_basic.csv,/users/cooperfoster/desktop/hoops/box_scores/202412220NOP_DEN_advance.csv,,,,,,,,,,,,,,,,,,,,,/users/cooperfoster/desktop/hoops/box_scores/202412220NOP_NOP_basic.csv,/users/cooperfoster/desktop/hoops/box_scores/202412220NOP_NOP_advance.csv,,,,,,,,,,,,,,,,,,,,,,,
202503170NOP,,,,,,,,,,,,,,,,,/users/cooperfoster/desktop/hoops/box_scores/202503170NOP_DET_basic.csv,/users/cooperfoster/desktop/hoops/box_scores/202503170NOP_DET_advance.csv,,,,,,,,,,,,,,,,,,,/users/cooperfoster/desktop/hoops/box_scores/202503170NOP_NOP_basic.csv,/users/cooperfoster/desktop/hoops/box_scores/202503170NOP_NOP_advance.csv,,,,,,,,,,,,,,,,,,,,,,,
202411220NOP,,,,,,,,,,,,,,,,,,,/users/cooperfoster/desktop/hoops/box_scores/202411220NOP_GSW_basic.csv,/users/cooperfoster/desktop/hoops/box_scores/202411220NOP_GSW_advance.csv,,,,,,,,,,,,,,,,,/users/cooperfoster/desktop/hoops/box_scores/202411220NOP_NOP_basic.csv,/users/cooperfoster/desktop/hoops/box_scores/202411220NOP_NOP_advance.csv,,,,,,,,,,,,,,,,,,,,,,,
202503280NOP,,,,,,,,,,,,,,,,,,,/users/cooperfoster/desktop/hoops/box_scores/202503280NOP_GSW_basic.csv,/users/cooperfoster/desktop/hoops/box_scores/202503280NOP_GSW_advance.csv,,,,,,,,,,,,,,,,,/users/cooperfoster/desktop/hoops/box_scores/202503280NOP_NOP_basic.csv,/users/cooperfoster/desktop/hoops/box_scores/202503280NOP_NOP_advance.csv,,,,,,,,,,,,,,,,,,,,,,,
202412260NOP,,,,,,,,,,,,,,,,,,,,,/users/cooperfoster/desktop/hoops/box_scores/202412260NOP_HOU_basic.csv,/users/cooperfoster/desktop/hoops/box_scores/202412260NOP_HOU_advance.csv,,,,,,,,,,,,,,,/users/cooperfoster/desktop/hoops/box_scores/202412260NOP_NOP_basic.csv,/users/cooperfoster/desktop/hoops/box_scores/202412260NOP_NOP_advance.csv,,,,,,,,,,,,,,,,,,,,,,,
202503060NOP,,,,,,,,,,,,,,,,,,,,,/users/cooperfoster/desktop/hoops/box_scores/202503060NOP_HOU_basic.csv,/users/cooperfoster/desktop/hoops/box_scores/202503060NOP_HOU_advance.csv,,,,,,,,,,,,,,,/users/cooperfoster/desktop/hoops/box_scores/202503060NOP_NOP_basic.csv,/users/cooperfoster/desktop/hoops/box_scores/202503060NOP_NOP_advance.csv,,,,,,,,,,,,,,,,,,,,,,,
202411010NOP,,,,,,,,,,,,,,,,,,,,,,,/users/cooperfoster/desktop/hoops/box_scores/202411010NOP_IND_basic.csv,/users/cooperfoster/desktop/hoops/box_scores/202411010NOP_IND_advance.csv,,,,,,,,,,,,,/users/cooperfoster/desktop/hoops/box_scores/202411010NOP_NOP_basic.csv,/users/cooperfoster/desktop/hoops/box_scores/202411010NOP_NOP_advance.csv,,,,,,,,,,,,,,,,,,,,,,,
202412300NOP,,,,,,,,,,,,,,,,,,,,,,,,,/users/cooperfoster/desktop/hoops/box_scores/202412300NOP_LAC_basic.csv,/users/cooperfoster/desktop/hoops/box_scores/202412300NOP_LAC_advance.csv,,,,,,,,,,,/users/cooperfoster/desktop/hoops/box_scores/202412300NOP_NOP_basic.csv,/users/cooperfoster/desktop/hoops/box_scores/202412300NOP_NOP_advance.csv,,,,,,,,,,,,,,,,,,,,,,,
202503110NOP,,,,,,,,,,,,,,,,,,,,,,,,,/users/cooperfoster/desktop/hoops/box_scores/202503110NOP_LAC_basic.csv,/users/cooperfoster/desktop/hoops/box_scores/202503110NOP_LAC_advance.csv,,,,,,,,,,,/users/cooperfoster/desktop/hoops/box_scores/202503110NOP_NOP_basic.csv,/users/cooperfoster/desktop/hoops/box_scores/202503110NOP_NOP_advance.csv,,,,,,,,,,,,,,,,,,,,,,,
202411160NOP,,,,,,,,,,,,,,,,,,,,,,,,,,,/users/cooperfoster/desktop/hoops/box_scores/202411160NOP_LAL_basic.csv,/users/cooperfoster/desktop/hoops/box_scores/202411160NOP_LAL_advance.csv,,,,,,,,,/users/cooperfoster/desktop/hoops/box_scores/202411160NOP_NOP_basic.csv,/users/cooperfoster/desktop/hoops/box_scores/202411160NOP_NOP_advance.csv,,,,,,,,,,,,,,,,,,,,,,,
202412270NOP,,,,,,,,,,,,,,,,,,,,,,,,,,,,,/users/cooperfoster/desktop/hoops/box_scores/202412270NOP_MEM_basic.csv,/users/cooperfoster/desktop/hoops/box_scores/202412270NOP_MEM_advance.csv,,,,,,,/users/cooperfoster/desktop/hoops/box_scores/202412270NOP_NOP_basic.csv,/users/cooperfoster/desktop/hoops/box_scores/202412270NOP_NOP_advance.csv,,,,,,,,,,,,,,,,,,,,,,,
202503090NOP,,,,,,,,,,,,,,,,,,,,,,,,,,,,,/users/cooperfoster/desktop/hoops/box_scores/202503090NOP_MEM_basic.csv,/users/cooperfoster/desktop/hoops/box_scores/202503090NOP_MEM_advance.csv,,,,,,,/users/cooperfoster/desktop/hoops/box_scores/202503090NOP_NOP_basic.csv,/users/cooperfoster/desktop/hoops/box_scores/202503090NOP_NOP_advance.csv,,,,,,,,,,,,,,,,,,,,,,,
202504110NOP,,,,,,,,,,,,,,,,,,,,,,,,,,,,,,,/users/cooperfoster/desktop/hoops/box_scores/202504110NOP_MIA_basic.csv,/users/cooperfoster/desktop/hoops/box_scores/202504110NOP_MIA_advance.csv,,,,,/users/cooperfoster/desktop/hoops/box_scores/202504110NOP_NOP_basic.csv,/users/cooperfoster/desktop/hoops/box_scores/202504110NOP_NOP_advance.csv,,,,,,,,,,,,,,,,,,,,,,,
202504060NOP,,,,,,,,,,,,,,,,,,,,,,,,,,,,,,,,,/users/cooperfoster/desktop/hoops/box_scores/202504060NOP_MIL_basic.csv,/users/cooperfoster/desktop/hoops/box_scores/202504060NOP_MIL_advance.csv,,,/users/cooperfoster/desktop/hoops/box_scores/202504060NOP_NOP_basic.csv,/users/cooperfoster/desktop/hoops/box_scores/202504060NOP_NOP_advance.csv,,,,,,,,,,,,,,,,,,,,,,,
202501070NOP,,,,,,,,,,,,,,,,,,,,,,,,,,,,,,,,,,,/users/cooperfoster/desktop/hoops/box_scores/202501070NOP_MIN_basic.csv,/users/cooperfoster/desktop/hoops/box_scores/202501070NOP_MIN_advance.csv,/users/cooperfoster/desktop/hoops/box_scores/202501070NOP_NOP_basic.csv,/users/cooperfoster/desktop/hoops/box_scores/202501070NOP_NOP_advance.csv,,,,,,,,,,,,,,,,,,,,,,,
202412210NOP,,,,,,,,,,,,,,,,,,,,,,,,,,,,,,,,,,,,,/users/cooperfoster/desktop/hoops/box_scores/202412210NOP_NOP_basic.csv,/users/cooperfoster/desktop/hoops/box_scores/202412210NOP_NOP_advance.csv,/users/cooperfoster/desktop/hoops/box_scores/202412210NOP_NYK_basic.csv,/users/cooperfoster/desktop/hoops/box_scores/202412210NOP_NYK_advance.csv,,,,,,,,,,,,,,,,,,,,,
202412070NOP,,,,,,,,,,,,,,,,,,,,,,,,,,,,,,,,,,,,,/users/cooperfoster/desktop/hoops/box_scores/202412070NOP_NOP_basic.csv,/users/cooperfoster/desktop/hoops/box_scores/202412070NOP_NOP_advance.csv,,,/users/cooperfoster/desktop/hoops/box_scores/202412070NOP_OKC_basic.csv,/users/cooperfoster/desktop/hoops/box_scores/202412070NOP_OKC_advance.csv,,,,,,,,,,,,,,,,,,,
202504130NOP,,,,,,,,,,,,,,,,,,,,,,,,,,,,,,,,,,,,,/users/cooperfoster/desktop/hoops/box_scores/202504130NOP_NOP_basic.csv,/users/cooperfoster/desktop/hoops/box_scores/202504130NOP_NOP_advance.csv,,,/users/cooperfoster/desktop/hoops/box_scores/202504130NOP_OKC_basic.csv,/users/cooperfoster/desktop/hoops/box_scores/202504130NOP_OKC_advance.csv,,,,,,,,,,,,,,,,,,,
202503130NOP,,,,,,,,,,,,,,,,,,,,,,,,,,,,,,,,,,,,,/users/cooperfoster/desktop/hoops/box_scores/202503130NOP_NOP_basic.csv,/users/cooperfoster/desktop/hoops/box_scores/202503130NOP_NOP_advance.csv,,,,,/users/cooperfoster/desktop/hoops/box_scores/202503130NOP_ORL_basic.csv,/users/cooperfoster/desktop/hoops/box_scores/202503130NOP_ORL_advance.csv,,,,,,,,,,,,,,,,,
202503240NOP,,,,,,,,,,,,,,,,,,,,,,,,,,,,,,,,,,,,,/users/cooperfoster/desktop/hoops/box_scores/202503240NOP_NOP_basic.csv,/users/cooperfoster/desktop/hoops/box_scores/202503240NOP_NOP_advance.csv,,,,,,,/users/cooperfoster/desktop/hoops/box_scores/202503240NOP_PHI_basic.csv,/users/cooperfoster/desktop/hoops/box_scores/202503240NOP_PHI_advance.csv,,,,,,,,,,,,,,,
202412050NOP,,,,,,,,,,,,,,,,,,,,,,,,,,,,,,,,,,,,,/users/cooperfoster/desktop/hoops/box_scores/202412050NOP_NOP_basic.csv,/users/cooperfoster/desktop/hoops/box_scores/202412050NOP_NOP_advance.csv,,,,,,,,,/users/cooperfoster/desktop/hoops/box_scores/202412050NOP_PHO_basic.csv,/users/cooperfoster/desktop/hoops/box_scores/202412050NOP_PHO_advance.csv,,,,,,,,,,,,,
202411040NOP,,,,,,,,,,,,,,,,,,,,,,,,,,,,,,,,,,,,,/users/cooperfoster/desktop/hoops/box_scores/202411040NOP_NOP_basic.csv,/users/cooperfoster/desktop/hoops/box_scores/202411040NOP_NOP_advance.csv,,,,,,,,,,,/users/cooperfoster/desktop/hoops/box_scores/202411040NOP_POR_basic.csv,/users/cooperfoster/desktop/hoops/box_scores/202411040NOP_POR_advance.csv,,,,,,,,,,,
202501080NOP,,,,,,,,,,,,,,,,,,,,,,,,,,,,,,,,,,,,,/users/cooperfoster/desktop/hoops/box_scores/202501080NOP_NOP_basic.csv,/users/cooperfoster/desktop/hoops/box_scores/202501080NOP_NOP_advance.csv,,,,,,,,,,,/users/cooperfoster/desktop/hoops/box_scores/202501080NOP_POR_basic.csv,/users/cooperfoster/desktop/hoops/box_scores/202501080NOP_POR_advance.csv,,,,,,,,,,,
202412120NOP,,,,,,,,,,,,,,,,,,,,,,,,,,,,,,,,,,,,,/users/cooperfoster/desktop/hoops/box_scores/202412120NOP_NOP_basic.csv,/users/cooperfoster/desktop/hoops/box_scores/202412120NOP_NOP_advance.csv,,,,,,,,,,,,,/users/cooperfoster/desktop/hoops/box_scores/202412120NOP_SAC_basic.csv,/users/cooperfoster/desktop/hoops/box_scores/202412120NOP_SAC_advance.csv,,,,,,,,,
202502120NOP,,,,,,,,,,,,,,,,,,,,,,,,,,,,,,,,,,,,,/users/cooperfoster/desktop/hoops/box_scores/202502120NOP_NOP_basic.csv,/users/cooperfoster/desktop/hoops/box_scores/202502120NOP_NOP_advance.csv,,,,,,,,,,,,,/users/cooperfoster/desktop/hoops/box_scores/202502120NOP_SAC_basic.csv,/users/cooperfoster/desktop/hoops/box_scores/202502120NOP_SAC_advance.csv,,,,,,,,,
202502130NOP,,,,,,,,,,,,,,,,,,,,,,,,,,,,,,,,,,,,,/users/cooperfoster/desktop/hoops/box_scores/202502130NOP_NOP_basic.csv,/users/cooperfoster/desktop/hoops/box_scores/202502130NOP_NOP_advance.csv,,,,,,,,,,,,,/users/cooperfoster/desktop/hoops/box_scores/202502130NOP_SAC_basic.csv,/users/cooperfoster/desktop/hoops/box_scores/202502130NOP_SAC_advance.csv,,,,,,,,,
202502230NOP,,,,,,,,,,,,,,,,,,,,,,,,,,,,,,,,,,,,,/users/cooperfoster/desktop/hoops/box_scores/202502230NOP_NOP_basic.csv,/users/cooperfoster/desktop/hoops/box_scores/202502230NOP_NOP_advance.csv,,,,,,,,,,,,,,,/users/cooperfoster/desktop/hoops/box_scores/202502230NOP_SAS_basic.csv,/users/cooperfoster/desktop/hoops/box_scores/202502230NOP_SAS_advance.csv,,,,,,,
202502250NOP,,,,,,,,,,,,,,,,,,,,,,,,,,,,,,,,,,,,,/users/cooperfoster/desktop/hoops/box_scores/202502250NOP_NOP_basic.csv,/users/cooperfoster/desktop/hoops/box_scores/202502250NOP_NOP_advance.csv,,,,,,,,,,,,,,,/users/cooperfoster/desktop/hoops/box_scores/202502250NOP_SAS_basic.csv,/users/cooperfoster/desktop/hoops/box_scores/202502250NOP_SAS_advance.csv,,,,,,,
202411270NOP,,,,,,,,,,,,,,,,,,,,,,,,,,,,,,,,,,,,,/users/cooperfoster/desktop/hoops/box_scores/202411270NOP_NOP_basic.csv,/users/cooperfoster/desktop/hoops/box_scores/202411270NOP_NOP_advance.csv,,,,,,,,,,,,,,,,,/users/cooperfoster/desktop/hoops/box_scores/202411270NOP_TOR_basic.csv,/users/cooperfoster/desktop/hoops/box_scores/202411270NOP_TOR_advance.csv,,,,,
202501170NOP,,,,,,,,,,,,,,,,,,,,,,,,,,,,,,,,,,,,,/users/cooperfoster/desktop/hoops/box_scores/202501170NOP_NOP_basic.csv,/users/cooperfoster/desktop/hoops/box_scores/202501170NOP_NOP_advance.csv,,,,,,,,,,,,,,,,,,,/users/cooperfoster/desktop/hoops/box_scores/202501170NOP_UTA_basic.csv,/users/cooperfoster/desktop/hoops/box_scores/202501170NOP_UTA_advance.csv,,,
202501200NOP,,,,,,,,,,,,,,,,,,,,,,,,,,,,,,,,,,,,,/users/cooperfoster/desktop/hoops/box_scores/202501200NOP_NOP_basic.csv,/users/cooperfoster/desktop/hoops/box_scores/202501200NOP_NOP_advance.csv,,,,,,,,,,,,,,,,,,,/users/cooperfoster/desktop/hoops/box_scores/202501200NOP_UTA_basic.csv,/users/cooperfoster/desktop/hoops/box_scores/202501200NOP_UTA_advance.csv,,,
202501030NOP,,,,,,,,,,,,,,,,,,,,,,,,,,,,,,,,,,,,,/users/cooperfoster/desktop/hoops/box_scores/202501030NOP_NOP_basic.csv,/users/cooperfoster/desktop/hoops/box_scores/202501030NOP_NOP_advance.csv,,,,,,,,,,,,,,,,,,,,,/users/cooperfoster/desktop/hoops/box_scores/202501030NOP_WAS_basic.csv,/users/cooperfoster/desktop/hoops/box_scores/202501030NOP_WAS_advance.csv,
202412110NYK,/users/cooperfoster/desktop/hoops/box_scores/202412110NYK_ATL_basic.csv,/users/cooperfoster/desktop/hoops/box_scores/202412110NYK_ATL_advance.csv,,,,,,,,,,,,,,,,,,,,,,,,,,,,,,,,,,,,,/users/cooperfoster/desktop/hoops/box_scores/202412110NYK_NYK_basic.csv,/users/cooperfoster/desktop/hoops/box_scores/202412110NYK_NYK_advance.csv,,,,,,,,,,,,,,,,,,,,,
202501200NYK,/users/cooperfoster/desktop/hoops/box_scores/202501200NYK_ATL_basic.csv,/users/cooperfoster/desktop/hoops/box_scores/202501200NYK_ATL_advance.csv,,,,,,,,,,,,,,,,,,,,,,,,,,,,,,,,,,,,,/users/cooperfoster/desktop/hoops/box_scores/202501200NYK_NYK_basic.csv,/users/cooperfoster/desktop/hoops/box_scores/202501200NYK_NYK_advance.csv,,,,,,,,,,,,,,,,,,,,,
202502120NYK,/users/cooperfoster/desktop/hoops/box_scores/202502120NYK_ATL_basic.csv,/users/cooperfoster/desktop/hoops/box_scores/202502120NYK_ATL_advance.csv,,,,,,,,,,,,,,,,,,,,,,,,,,,,,,,,,,,,,/users/cooperfoster/desktop/hoops/box_scores/202502120NYK_NYK_basic.csv,/users/cooperfoster/desktop/hoops/box_scores/202502120NYK_NYK_advance.csv,,,,,,,,,,,,,,,,,,,,,
202411150NYK,,,/users/cooperfoster/desktop/hoops/box_scores/202411150NYK_BRK_basic.csv,/users/cooperfoster/desktop/hoops/box_scores/202411150NYK_BRK_advance.csv,,,,,,,,,,,,,,,,,,,,,,,,,,,,,,,,,,,/users/cooperfoster/desktop/hoops/box_scores/202411150NYK_NYK_basic.csv,/users/cooperfoster/desktop/hoops/box_scores/202411150NYK_NYK_advance.csv,,,,,,,,,,,,,,,,,,,,,
202411170NYK,,,/users/cooperfoster/desktop/hoops/box_scores/202411170NYK_BRK_basic.csv,/users/cooperfoster/desktop/hoops/box_scores/202411170NYK_BRK_advance.csv,,,,,,,,,,,,,,,,,,,,,,,,,,,,,,,,,,,/users/cooperfoster/desktop/hoops/box_scores/202411170NYK_NYK_basic.csv,/users/cooperfoster/desktop/hoops/box_scores/202411170NYK_NYK_advance.csv,,,,,,,,,,,,,,,,,,,,,
202502080NYK,,,,,/users/cooperfoster/desktop/hoops/box_scores/202502080NYK_BOS_basic.csv,/users/cooperfoster/desktop/hoops/box_scores/202502080NYK_BOS_advance.csv,,,,,,,,,,,,,,,,,,,,,,,,,,,,,,,,,/users/cooperfoster/desktop/hoops/box_scores/202502080NYK_NYK_basic.csv,/users/cooperfoster/desktop/hoops/box_scores/202502080NYK_NYK_advance.csv,,,,,,,,,,,,,,,,,,,,,
202504080NYK,,,,,/users/cooperfoster/desktop/hoops/box_scores/202504080NYK_BOS_basic.csv,/users/cooperfoster/desktop/hoops/box_scores/202504080NYK_BOS_advance.csv,,,,,,,,,,,,,,,,,,,,,,,,,,,,,,,,,/users/cooperfoster/desktop/hoops/box_scores/202504080NYK_NYK_basic.csv,/users/cooperfoster/desktop/hoops/box_scores/202504080NYK_NYK_advance.csv,,,,,,,,,,,,,,,,,,,,,
202411130NYK,,,,,,,/users/cooperfoster/desktop/hoops/box_scores/202411130NYK_CHI_basic.csv,/users/cooperfoster/desktop/hoops/box_scores/202411130NYK_CHI_advance.csv,,,,,,,,,,,,,,,,,,,,,,,,,,,,,,,/users/cooperfoster/desktop/hoops/box_scores/202411130NYK_NYK_basic.csv,/users/cooperfoster/desktop/hoops/box_scores/202411130NYK_NYK_advance.csv,,,,,,,,,,,,,,,,,,,,,
202502200NYK,,,,,,,/users/cooperfoster/desktop/hoops/box_scores/202502200NYK_CHI_basic.csv,/users/cooperfoster/desktop/hoops/box_scores/202502200NYK_CHI_advance.csv,,,,,,,,,,,,,,,,,,,,,,,,,,,,,,,/users/cooperfoster/desktop/hoops/box_scores/202502200NYK_NYK_basic.csv,/users/cooperfoster/desktop/hoops/box_scores/202502200NYK_NYK_advance.csv,,,,,,,,,,,,,,,,,,,,,
202412050NYK,,,,,,,,,/users/cooperfoster/desktop/hoops/box_scores/202412050NYK_CHO_basic.csv,/users/cooperfoster/desktop/hoops/box_scores/202412050NYK_CHO_advance.csv,,,,,,,,,,,,,,,,,,,,,,,,,,,,,/users/cooperfoster/desktop/hoops/box_scores/202412050NYK_NYK_basic.csv,/users/cooperfoster/desktop/hoops/box_scores/202412050NYK_NYK_advance.csv,,,,,,,,,,,,,,,,,,,,,
202410280NYK,,,,,,,,,,,/users/cooperfoster/desktop/hoops/box_scores/202410280NYK_CLE_basic.csv,/users/cooperfoster/desktop/hoops/box_scores/202410280NYK_CLE_advance.csv,,,,,,,,,,,,,,,,,,,,,,,,,,,/users/cooperfoster/desktop/hoops/box_scores/202410280NYK_NYK_basic.csv,/users/cooperfoster/desktop/hoops/box_scores/202410280NYK_NYK_advance.csv,,,,,,,,,,,,,,,,,,,,,
202504110NYK,,,,,,,,,,,/users/cooperfoster/desktop/hoops/box_scores/202504110NYK_CLE_basic.csv,/users/cooperfoster/desktop/hoops/box_scores/202504110NYK_CLE_advance.csv,,,,,,,,,,,,,,,,,,,,,,,,,,,/users/cooperfoster/desktop/hoops/box_scores/202504110NYK_NYK_basic.csv,/users/cooperfoster/desktop/hoops/box_scores/202504110NYK_NYK_advance.csv,,,,,,,,,,,,,,,,,,,,,
202503250NYK,,,,,,,,,,,,,/users/cooperfoster/desktop/hoops/box_scores/202503250NYK_DAL_basic.csv,/users/cooperfoster/desktop/hoops/box_scores/202503250NYK_DAL_advance.csv,,,,,,,,,,,,,,,,,,,,,,,,,/users/cooperfoster/desktop/hoops/box_scores/202503250NYK_NYK_basic.csv,/users/cooperfoster/desktop/hoops/box_scores/202503250NYK_NYK_advance.csv,,,,,,,,,,,,,,,,,,,,,
202501290NYK,,,,,,,,,,,,,,,/users/cooperfoster/desktop/hoops/box_scores/202501290NYK_DEN_basic.csv,/users/cooperfoster/desktop/hoops/box_scores/202501290NYK_DEN_advance.csv,,,,,,,,,,,,,,,,,,,,,,,/users/cooperfoster/desktop/hoops/box_scores/202501290NYK_NYK_basic.csv,/users/cooperfoster/desktop/hoops/box_scores/202501290NYK_NYK_advance.csv,,,,,,,,,,,,,,,,,,,,,
202412070NYK,,,,,,,,,,,,,,,,,/users/cooperfoster/desktop/hoops/box_scores/202412070NYK_DET_basic.csv,/users/cooperfoster/desktop/hoops/box_scores/202412070NYK_DET_advance.csv,,,,,,,,,,,,,,,,,,,,,/users/cooperfoster/desktop/hoops/box_scores/202412070NYK_NYK_basic.csv,/users/cooperfoster/desktop/hoops/box_scores/202412070NYK_NYK_advance.csv,,,,,,,,,,,,,,,,,,,,,
202501130NYK,,,,,,,,,,,,,,,,,/users/cooperfoster/desktop/hoops/box_scores/202501130NYK_DET_basic.csv,/users/cooperfoster/desktop/hoops/box_scores/202501130NYK_DET_advance.csv,,,,,,,,,,,,,,,,,,,,,/users/cooperfoster/desktop/hoops/box_scores/202501130NYK_NYK_basic.csv,/users/cooperfoster/desktop/hoops/box_scores/202501130NYK_NYK_advance.csv,,,,,,,,,,,,,,,,,,,,,
202503040NYK,,,,,,,,,,,,,,,,,,,/users/cooperfoster/desktop/hoops/box_scores/202503040NYK_GSW_basic.csv,/users/cooperfoster/desktop/hoops/box_scores/202503040NYK_GSW_advance.csv,,,,,,,,,,,,,,,,,,,/users/cooperfoster/desktop/hoops/box_scores/202503040NYK_NYK_basic.csv,/users/cooperfoster/desktop/hoops/box_scores/202503040NYK_NYK_advance.csv,,,,,,,,,,,,,,,,,,,,,
202502030NYK,,,,,,,,,,,,,,,,,,,,,/users/cooperfoster/desktop/hoops/box_scores/202502030NYK_HOU_basic.csv,/users/cooperfoster/desktop/hoops/box_scores/202502030NYK_HOU_advance.csv,,,,,,,,,,,,,,,,,/users/cooperfoster/desktop/hoops/box_scores/202502030NYK_NYK_basic.csv,/users/cooperfoster/desktop/hoops/box_scores/202502030NYK_NYK_advance.csv,,,,,,,,,,,,,,,,,,,,,
202410250NYK,,,,,,,,,,,,,,,,,,,,,,,/users/cooperfoster/desktop/hoops/box_scores/202410250NYK_IND_basic.csv,/users/cooperfoster/desktop/hoops/box_scores/202410250NYK_IND_advance.csv,,,,,,,,,,,,,,,/users/cooperfoster/desktop/hoops/box_scores/202410250NYK_NYK_basic.csv,/users/cooperfoster/desktop/hoops/box_scores/202410250NYK_NYK_advance.csv,,,,,,,,,,,,,,,,,,,,,
202503260NYK,,,,,,,,,,,,,,,,,,,,,,,,,/users/cooperfoster/desktop/hoops/box_scores/202503260NYK_LAC_basic.csv,/users/cooperfoster/desktop/hoops/box_scores/202503260NYK_LAC_advance.csv,,,,,,,,,,,,,/users/cooperfoster/desktop/hoops/box_scores/202503260NYK_NYK_basic.csv,/users/cooperfoster/desktop/hoops/box_scores/202503260NYK_NYK_advance.csv,,,,,,,,,,,,,,,,,,,,,
202502010NYK,,,,,,,,,,,,,,,,,,,,,,,,,,,/users/cooperfoster/desktop/hoops/box_scores/202502010NYK_LAL_basic.csv,/users/cooperfoster/desktop/hoops/box_scores/202502010NYK_LAL_advance.csv,,,,,,,,,,,/users/cooperfoster/desktop/hoops/box_scores/202502010NYK_NYK_basic.csv,/users/cooperfoster/desktop/hoops/box_scores/202502010NYK_NYK_advance.csv,,,,,,,,,,,,,,,,,,,,,
202501270NYK,,,,,,,,,,,,,,,,,,,,,,,,,,,,,/users/cooperfoster/desktop/hoops/box_scores/202501270NYK_MEM_basic.csv,/users/cooperfoster/desktop/hoops/box_scores/202501270NYK_MEM_advance.csv,,,,,,,,,/users/cooperfoster/desktop/hoops/box_scores/202501270NYK_NYK_basic.csv,/users/cooperfoster/desktop/hoops/box_scores/202501270NYK_NYK_advance.csv,,,,,,,,,,,,,,,,,,,,,
202503170NYK,,,,,,,,,,,,,,,,,,,,,,,,,,,,,,,/users/cooperfoster/desktop/hoops/box_scores/202503170NYK_MIA_basic.csv,/users/cooperfoster/desktop/hoops/box_scores/202503170NYK_MIA_advance.csv,,,,,,,/users/cooperfoster/desktop/hoops/box_scores/202503170NYK_NYK_basic.csv,/users/cooperfoster/desktop/hoops/box_scores/202503170NYK_NYK_advance.csv,,,,,,,,,,,,,,,,,,,,,
202411080NYK,,,,,,,,,,,,,,,,,,,,,,,,,,,,,,,,,/users/cooperfoster/desktop/hoops/box_scores/202411080NYK_MIL_basic.csv,/users/cooperfoster/desktop/hoops/box_scores/202411080NYK_MIL_advance.csv,,,,,/users/cooperfoster/desktop/hoops/box_scores/202411080NYK_NYK_basic.csv,/users/cooperfoster/desktop/hoops/box_scores/202411080NYK_NYK_advance.csv,,,,,,,,,,,,,,,,,,,,,
202501120NYK,,,,,,,,,,,,,,,,,,,,,,,,,,,,,,,,,/users/cooperfoster/desktop/hoops/box_scores/202501120NYK_MIL_basic.csv,/users/cooperfoster/desktop/hoops/box_scores/202501120NYK_MIL_advance.csv,,,,,/users/cooperfoster/desktop/hoops/box_scores/202501120NYK_NYK_basic.csv,/users/cooperfoster/desktop/hoops/box_scores/202501120NYK_NYK_advance.csv,,,,,,,,,,,,,,,,,,,,,
202501170NYK,,,,,,,,,,,,,,,,,,,,,,,,,,,,,,,,,,,/users/cooperfoster/desktop/hoops/box_scores/202501170NYK_MIN_basic.csv,/users/cooperfoster/desktop/hoops/box_scores/202501170NYK_MIN_advance.csv,,,/users/cooperfoster/desktop/hoops/box_scores/202501170NYK_NYK_basic.csv,/users/cooperfoster/desktop/hoops/box_scores/202501170NYK_NYK_advance.csv,,,,,,,,,,,,,,,,,,,,,
202412010NYK,,,,,,,,,,,,,,,,,,,,,,,,,,,,,,,,,,,,,/users/cooperfoster/desktop/hoops/box_scores/202412010NYK_NOP_basic.csv,/users/cooperfoster/desktop/hoops/box_scores/202412010NYK_NOP_advance.csv,/users/cooperfoster/desktop/hoops/box_scores/202412010NYK_NYK_basic.csv,/users/cooperfoster/desktop/hoops/box_scores/202412010NYK_NYK_advance.csv,,,,,,,,,,,,,,,,,,,,,
202501100NYK,,,,,,,,,,,,,,,,,,,,,,,,,,,,,,,,,,,,,,,/users/cooperfoster/desktop/hoops/box_scores/202501100NYK_NYK_basic.csv,/users/cooperfoster/desktop/hoops/box_scores/202501100NYK_NYK_advance.csv,/users/cooperfoster/desktop/hoops/box_scores/202501100NYK_OKC_basic.csv,/users/cooperfoster/desktop/hoops/box_scores/202501100NYK_OKC_advance.csv,,,,,,,,,,,,,,,,,,,
202412030NYK,,,,,,,,,,,,,,,,,,,,,,,,,,,,,,,,,,,,,,,/users/cooperfoster/desktop/hoops/box_scores/202412030NYK_NYK_basic.csv,/users/cooperfoster/desktop/hoops/box_scores/202412030NYK_NYK_advance.csv,,,/users/cooperfoster/desktop/hoops/box_scores/202412030NYK_ORL_basic.csv,/users/cooperfoster/desktop/hoops/box_scores/202412030NYK_ORL_advance.csv,,,,,,,,,,,,,,,,,
202501060NYK,,,,,,,,,,,,,,,,,,,,,,,,,,,,,,,,,,,,,,,/users/cooperfoster/desktop/hoops/box_scores/202501060NYK_NYK_basic.csv,/users/cooperfoster/desktop/hoops/box_scores/202501060NYK_NYK_advance.csv,,,/users/cooperfoster/desktop/hoops/box_scores/202501060NYK_ORL_basic.csv,/users/cooperfoster/desktop/hoops/box_scores/202501060NYK_ORL_advance.csv,,,,,,,,,,,,,,,,,
202502260NYK,,,,,,,,,,,,,,,,,,,,,,,,,,,,,,,,,,,,,,,/users/cooperfoster/desktop/hoops/box_scores/202502260NYK_NYK_basic.csv,/users/cooperfoster/desktop/hoops/box_scores/202502260NYK_NYK_advance.csv,,,,,/users/cooperfoster/desktop/hoops/box_scores/202502260NYK_PHI_basic.csv,/users/cooperfoster/desktop/hoops/box_scores/202502260NYK_PHI_advance.csv,,,,,,,,,,,,,,,
202504010NYK,,,,,,,,,,,,,,,,,,,,,,,,,,,,,,,,,,,,,,,/users/cooperfoster/desktop/hoops/box_scores/202504010NYK_NYK_basic.csv,/users/cooperfoster/desktop/hoops/box_scores/202504010NYK_NYK_advance.csv,,,,,/users/cooperfoster/desktop/hoops/box_scores/202504010NYK_PHI_basic.csv,/users/cooperfoster/desktop/hoops/box_scores/202504010NYK_PHI_advance.csv,,,,,,,,,,,,,,,
202504060NYK,,,,,,,,,,,,,,,,,,,,,,,,,,,,,,,,,,,,,,,/users/cooperfoster/desktop/hoops/box_scores/202504060NYK_NYK_basic.csv,/users/cooperfoster/desktop/hoops/box_scores/202504060NYK_NYK_advance.csv,,,,,,,/users/cooperfoster/desktop/hoops/box_scores/202504060NYK_PHO_basic.csv,/users/cooperfoster/desktop/hoops/box_scores/202504060NYK_PHO_advance.csv,,,,,,,,,,,,,
202503300NYK,,,,,,,,,,,,,,,,,,,,,,,,,,,,,,,,,,,,,,,/users/cooperfoster/desktop/hoops/box_scores/202503300NYK_NYK_basic.csv,/users/cooperfoster/desktop/hoops/box_scores/202503300NYK_NYK_advance.csv,,,,,,,,,/users/cooperfoster/desktop/hoops/box_scores/202503300NYK_POR_basic.csv,/users/cooperfoster/desktop/hoops/box_scores/202503300NYK_POR_advance.csv,,,,,,,,,,,
202501250NYK,,,,,,,,,,,,,,,,,,,,,,,,,,,,,,,,,,,,,,,/users/cooperfoster/desktop/hoops/box_scores/202501250NYK_NYK_basic.csv,/users/cooperfoster/desktop/hoops/box_scores/202501250NYK_NYK_advance.csv,,,,,,,,,,,/users/cooperfoster/desktop/hoops/box_scores/202501250NYK_SAC_basic.csv,/users/cooperfoster/desktop/hoops/box_scores/202501250NYK_SAC_advance.csv,,,,,,,,,
202412250NYK,,,,,,,,,,,,,,,,,,,,,,,,,,,,,,,,,,,,,,,/users/cooperfoster/desktop/hoops/box_scores/202412250NYK_NYK_basic.csv,/users/cooperfoster/desktop/hoops/box_scores/202412250NYK_NYK_advance.csv,,,,,,,,,,,,,/users/cooperfoster/desktop/hoops/box_scores/202412250NYK_SAS_basic.csv,/users/cooperfoster/desktop/hoops/box_scores/202412250NYK_SAS_advance.csv,,,,,,,
202412230NYK,,,,,,,,,,,,,,,,,,,,,,,,,,,,,,,,,,,,,,,/users/cooperfoster/desktop/hoops/box_scores/202412230NYK_NYK_basic.csv,/users/cooperfoster/desktop/hoops/box_scores/202412230NYK_NYK_advance.csv,,,,,,,,,,,,,,,/users/cooperfoster/desktop/hoops/box_scores/202412230NYK_TOR_basic.csv,/users/cooperfoster/desktop/hoops/box_scores/202412230NYK_TOR_advance.csv,,,,,
202501080NYK,,,,,,,,,,,,,,,,,,,,,,,,,,,,,,,,,,,,,,,/users/cooperfoster/desktop/hoops/box_scores/202501080NYK_NYK_basic.csv,/users/cooperfoster/desktop/hoops/box_scores/202501080NYK_NYK_advance.csv,,,,,,,,,,,,,,,/users/cooperfoster/desktop/hoops/box_scores/202501080NYK_TOR_basic.csv,/users/cooperfoster/desktop/hoops/box_scores/202501080NYK_TOR_advance.csv,,,,,
202501010NYK,,,,,,,,,,,,,,,,,,,,,,,,,,,,,,,,,,,,,,,/users/cooperfoster/desktop/hoops/box_scores/202501010NYK_NYK_basic.csv,/users/cooperfoster/desktop/hoops/box_scores/202501010NYK_NYK_advance.csv,,,,,,,,,,,,,,,,,/users/cooperfoster/desktop/hoops/box_scores/202501010NYK_UTA_basic.csv,/users/cooperfoster/desktop/hoops/box_scores/202501010NYK_UTA_advance.csv,,,
202411180NYK,,,,,,,,,,,,,,,,,,,,,,,,,,,,,,,,,,,,,,,/users/cooperfoster/desktop/hoops/box_scores/202411180NYK_NYK_basic.csv,/users/cooperfoster/desktop/hoops/box_scores/202411180NYK_NYK_advance.csv,,,,,,,,,,,,,,,,,,,/users/cooperfoster/desktop/hoops/box_scores/202411180NYK_WAS_basic.csv,/users/cooperfoster/desktop/hoops/box_scores/202411180NYK_WAS_advance.csv,
202503220NYK,,,,,,,,,,,,,,,,,,,,,,,,,,,,,,,,,,,,,,,/users/cooperfoster/desktop/hoops/box_scores/202503220NYK_NYK_basic.csv,/users/cooperfoster/desktop/hoops/box_scores/202503220NYK_NYK_advance.csv,,,,,,,,,,,,,,,,,,,/users/cooperfoster/desktop/hoops/box_scores/202503220NYK_WAS_basic.csv,/users/cooperfoster/desktop/hoops/box_scores/202503220NYK_WAS_advance.csv,
202410270OKC,/users/cooperfoster/desktop/hoops/box_scores/202410270OKC_ATL_basic.csv,/users/cooperfoster/desktop/hoops/box_scores/202410270OKC_ATL_advance.csv,,,,,,,,,,,,,,,,,,,,,,,,,,,,,,,,,,,,,,,/users/cooperfoster/desktop/hoops/box_scores/202410270OKC_OKC_basic.csv,/users/cooperfoster/desktop/hoops/box_scores/202410270OKC_OKC_advance.csv,,,,,,,,,,,,,,,,,,,
202501190OKC,,,/users/cooperfoster/desktop/hoops/box_scores/202501190OKC_BRK_basic.csv,/users/cooperfoster/desktop/hoops/box_scores/202501190OKC_BRK_advance.csv,,,,,,,,,,,,,,,,,,,,,,,,,,,,,,,,,,,,,/users/cooperfoster/desktop/hoops/box_scores/202501190OKC_OKC_basic.csv,/users/cooperfoster/desktop/hoops/box_scores/202501190OKC_OKC_advance.csv,,,,,,,,,,,,,,,,,,,
202501050OKC,,,,,/users/cooperfoster/desktop/hoops/box_scores/202501050OKC_BOS_basic.csv,/users/cooperfoster/desktop/hoops/box_scores/202501050OKC_BOS_advance.csv,,,,,,,,,,,,,,,,,,,,,,,,,,,,,,,,,,,/users/cooperfoster/desktop/hoops/box_scores/202501050OKC_OKC_basic.csv,/users/cooperfoster/desktop/hoops/box_scores/202501050OKC_OKC_advance.csv,,,,,,,,,,,,,,,,,,,
202503310OKC,,,,,,,/users/cooperfoster/desktop/hoops/box_scores/202503310OKC_CHI_basic.csv,/users/cooperfoster/desktop/hoops/box_scores/202503310OKC_CHI_advance.csv,,,,,,,,,,,,,,,,,,,,,,,,,,,,,,,,,/users/cooperfoster/desktop/hoops/box_scores/202503310OKC_OKC_basic.csv,/users/cooperfoster/desktop/hoops/box_scores/202503310OKC_OKC_advance.csv,,,,,,,,,,,,,,,,,,,
202503210OKC,,,,,,,,,/users/cooperfoster/desktop/hoops/box_scores/202503210OKC_CHO_basic.csv,/users/cooperfoster/desktop/hoops/box_scores/202503210OKC_CHO_advance.csv,,,,,,,,,,,,,,,,,,,,,,,,,,,,,,,/users/cooperfoster/desktop/hoops/box_scores/202503210OKC_OKC_basic.csv,/users/cooperfoster/desktop/hoops/box_scores/202503210OKC_OKC_advance.csv,,,,,,,,,,,,,,,,,,,
202501160OKC,,,,,,,,,,,/users/cooperfoster/desktop/hoops/box_scores/202501160OKC_CLE_basic.csv,/users/cooperfoster/desktop/hoops/box_scores/202501160OKC_CLE_advance.csv,,,,,,,,,,,,,,,,,,,,,,,,,,,,,/users/cooperfoster/desktop/hoops/box_scores/202501160OKC_OKC_basic.csv,/users/cooperfoster/desktop/hoops/box_scores/202501160OKC_OKC_advance.csv,,,,,,,,,,,,,,,,,,,
202411170OKC,,,,,,,,,,,,,/users/cooperfoster/desktop/hoops/box_scores/202411170OKC_DAL_basic.csv,/users/cooperfoster/desktop/hoops/box_scores/202411170OKC_DAL_advance.csv,,,,,,,,,,,,,,,,,,,,,,,,,,,/users/cooperfoster/desktop/hoops/box_scores/202411170OKC_OKC_basic.csv,/users/cooperfoster/desktop/hoops/box_scores/202411170OKC_OKC_advance.csv,,,,,,,,,,,,,,,,,,,
202412100OKC,,,,,,,,,,,,,/users/cooperfoster/desktop/hoops/box_scores/202412100OKC_DAL_basic.csv,/users/cooperfoster/desktop/hoops/box_scores/202412100OKC_DAL_advance.csv,,,,,,,,,,,,,,,,,,,,,,,,,,,/users/cooperfoster/desktop/hoops/box_scores/202412100OKC_OKC_basic.csv,/users/cooperfoster/desktop/hoops/box_scores/202412100OKC_OKC_advance.csv,,,,,,,,,,,,,,,,,,,
202501230OKC,,,,,,,,,,,,,/users/cooperfoster/desktop/hoops/box_scores/202501230OKC_DAL_basic.csv,/users/cooperfoster/desktop/hoops/box_scores/202501230OKC_DAL_advance.csv,,,,,,,,,,,,,,,,,,,,,,,,,,,/users/cooperfoster/desktop/hoops/box_scores/202501230OKC_OKC_basic.csv,/users/cooperfoster/desktop/hoops/box_scores/202501230OKC_OKC_advance.csv,,,,,,,,,,,,,,,,,,,
202503090OKC,,,,,,,,,,,,,,,/users/cooperfoster/desktop/hoops/box_scores/202503090OKC_DEN_basic.csv,/users/cooperfoster/desktop/hoops/box_scores/202503090OKC_DEN_advance.csv,,,,,,,,,,,,,,,,,,,,,,,,,/users/cooperfoster/desktop/hoops/box_scores/202503090OKC_OKC_basic.csv,/users/cooperfoster/desktop/hoops/box_scores/202503090OKC_OKC_advance.csv,,,,,,,,,,,,,,,,,,,
202503100OKC,,,,,,,,,,,,,,,/users/cooperfoster/desktop/hoops/box_scores/202503100OKC_DEN_basic.csv,/users/cooperfoster/desktop/hoops/box_scores/202503100OKC_DEN_advance.csv,,,,,,,,,,,,,,,,,,,,,,,,,/users/cooperfoster/desktop/hoops/box_scores/202503100OKC_OKC_basic.csv,/users/cooperfoster/desktop/hoops/box_scores/202503100OKC_OKC_advance.csv,,,,,,,,,,,,,,,,,,,
202504020OKC,,,,,,,,,,,,,,,,,/users/cooperfoster/desktop/hoops/box_scores/202504020OKC_DET_basic.csv,/users/cooperfoster/desktop/hoops/box_scores/202504020OKC_DET_advance.csv,,,,,,,,,,,,,,,,,,,,,,,/users/cooperfoster/desktop/hoops/box_scores/202504020OKC_OKC_basic.csv,/users/cooperfoster/desktop/hoops/box_scores/202504020OKC_OKC_advance.csv,,,,,,,,,,,,,,,,,,,
202411100OKC,,,,,,,,,,,,,,,,,,,/users/cooperfoster/desktop/hoops/box_scores/202411100OKC_GSW_basic.csv,/users/cooperfoster/desktop/hoops/box_scores/202411100OKC_GSW_advance.csv,,,,,,,,,,,,,,,,,,,,,/users/cooperfoster/desktop/hoops/box_scores/202411100OKC_OKC_basic.csv,/users/cooperfoster/desktop/hoops/box_scores/202411100OKC_OKC_advance.csv,,,,,,,,,,,,,,,,,,,
202411080OKC,,,,,,,,,,,,,,,,,,,,,/users/cooperfoster/desktop/hoops/box_scores/202411080OKC_HOU_basic.csv,/users/cooperfoster/desktop/hoops/box_scores/202411080OKC_HOU_advance.csv,,,,,,,,,,,,,,,,,,,/users/cooperfoster/desktop/hoops/box_scores/202411080OKC_OKC_basic.csv,/users/cooperfoster/desktop/hoops/box_scores/202411080OKC_OKC_advance.csv,,,,,,,,,,,,,,,,,,,
202412140OKC,,,,,,,,,,,,,,,,,,,,,/users/cooperfoster/desktop/hoops/box_scores/202412140OKC_HOU_basic.csv,/users/cooperfoster/desktop/hoops/box_scores/202412140OKC_HOU_advance.csv,,,,,,,,,,,,,,,,,,,/users/cooperfoster/desktop/hoops/box_scores/202412140OKC_OKC_basic.csv,/users/cooperfoster/desktop/hoops/box_scores/202412140OKC_OKC_advance.csv,,,,,,,,,,,,,,,,,,,
202503030OKC,,,,,,,,,,,,,,,,,,,,,/users/cooperfoster/desktop/hoops/box_scores/202503030OKC_HOU_basic.csv,/users/cooperfoster/desktop/hoops/box_scores/202503030OKC_HOU_advance.csv,,,,,,,,,,,,,,,,,,,/users/cooperfoster/desktop/hoops/box_scores/202503030OKC_OKC_basic.csv,/users/cooperfoster/desktop/hoops/box_scores/202503030OKC_OKC_advance.csv,,,,,,,,,,,,,,,,,,,
202503290OKC,,,,,,,,,,,,,,,,,,,,,,,/users/cooperfoster/desktop/hoops/box_scores/202503290OKC_IND_basic.csv,/users/cooperfoster/desktop/hoops/box_scores/202503290OKC_IND_advance.csv,,,,,,,,,,,,,,,,,/users/cooperfoster/desktop/hoops/box_scores/202503290OKC_OKC_basic.csv,/users/cooperfoster/desktop/hoops/box_scores/202503290OKC_OKC_advance.csv,,,,,,,,,,,,,,,,,,,
202411110OKC,,,,,,,,,,,,,,,,,,,,,,,,,/users/cooperfoster/desktop/hoops/box_scores/202411110OKC_LAC_basic.csv,/users/cooperfoster/desktop/hoops/box_scores/202411110OKC_LAC_advance.csv,,,,,,,,,,,,,,,/users/cooperfoster/desktop/hoops/box_scores/202411110OKC_OKC_basic.csv,/users/cooperfoster/desktop/hoops/box_scores/202411110OKC_OKC_advance.csv,,,,,,,,,,,,,,,,,,,
202501020OKC,,,,,,,,,,,,,,,,,,,,,,,,,/users/cooperfoster/desktop/hoops/box_scores/202501020OKC_LAC_basic.csv,/users/cooperfoster/desktop/hoops/box_scores/202501020OKC_LAC_advance.csv,,,,,,,,,,,,,,,/users/cooperfoster/desktop/hoops/box_scores/202501020OKC_OKC_basic.csv,/users/cooperfoster/desktop/hoops/box_scores/202501020OKC_OKC_advance.csv,,,,,,,,,,,,,,,,,,,
202504060OKC,,,,,,,,,,,,,,,,,,,,,,,,,,,/users/cooperfoster/desktop/hoops/box_scores/202504060OKC_LAL_basic.csv,/users/cooperfoster/desktop/hoops/box_scores/202504060OKC_LAL_advance.csv,,,,,,,,,,,,,/users/cooperfoster/desktop/hoops/box_scores/202504060OKC_OKC_basic.csv,/users/cooperfoster/desktop/hoops/box_scores/202504060OKC_OKC_advance.csv,,,,,,,,,,,,,,,,,,,
202504080OKC,,,,,,,,,,,,,,,,,,,,,,,,,,,/users/cooperfoster/desktop/hoops/box_scores/202504080OKC_LAL_basic.csv,/users/cooperfoster/desktop/hoops/box_scores/202504080OKC_LAL_advance.csv,,,,,,,,,,,,,/users/cooperfoster/desktop/hoops/box_scores/202504080OKC_OKC_basic.csv,/users/cooperfoster/desktop/hoops/box_scores/202504080OKC_OKC_advance.csv,,,,,,,,,,,,,,,,,,,
202412290OKC,,,,,,,,,,,,,,,,,,,,,,,,,,,,,/users/cooperfoster/desktop/hoops/box_scores/202412290OKC_MEM_basic.csv,/users/cooperfoster/desktop/hoops/box_scores/202412290OKC_MEM_advance.csv,,,,,,,,,,,/users/cooperfoster/desktop/hoops/box_scores/202412290OKC_OKC_basic.csv,/users/cooperfoster/desktop/hoops/box_scores/202412290OKC_OKC_advance.csv,,,,,,,,,,,,,,,,,,,
202503270OKC,,,,,,,,,,,,,,,,,,,,,,,,,,,,,/users/cooperfoster/desktop/hoops/box_scores/202503270OKC_MEM_basic.csv,/users/cooperfoster/desktop/hoops/box_scores/202503270OKC_MEM_advance.csv,,,,,,,,,,,/users/cooperfoster/desktop/hoops/box_scores/202503270OKC_OKC_basic.csv,/users/cooperfoster/desktop/hoops/box_scores/202503270OKC_OKC_advance.csv,,,,,,,,,,,,,,,,,,,
202502120OKC,,,,,,,,,,,,,,,,,,,,,,,,,,,,,,,/users/cooperfoster/desktop/hoops/box_scores/202502120OKC_MIA_basic.csv,/users/cooperfoster/desktop/hoops/box_scores/202502120OKC_MIA_advance.csv,,,,,,,,,/users/cooperfoster/desktop/hoops/box_scores/202502120OKC_OKC_basic.csv,/users/cooperfoster/desktop/hoops/box_scores/202502120OKC_OKC_advance.csv,,,,,,,,,,,,,,,,,,,
202412170OKC,,,,,,,,,,,,,,,,,,,,,,,,,,,,,,,,,/users/cooperfoster/desktop/hoops/box_scores/202412170OKC_MIL_basic.csv,/users/cooperfoster/desktop/hoops/box_scores/202412170OKC_MIL_advance.csv,,,,,,,/users/cooperfoster/desktop/hoops/box_scores/202412170OKC_OKC_basic.csv,/users/cooperfoster/desktop/hoops/box_scores/202412170OKC_OKC_advance.csv,,,,,,,,,,,,,,,,,,,
202502030OKC,,,,,,,,,,,,,,,,,,,,,,,,,,,,,,,,,/users/cooperfoster/desktop/hoops/box_scores/202502030OKC_MIL_basic.csv,/users/cooperfoster/desktop/hoops/box_scores/202502030OKC_MIL_advance.csv,,,,,,,/users/cooperfoster/desktop/hoops/box_scores/202502030OKC_OKC_basic.csv,/users/cooperfoster/desktop/hoops/box_scores/202502030OKC_OKC_advance.csv,,,,,,,,,,,,,,,,,,,
202412310OKC,,,,,,,,,,,,,,,,,,,,,,,,,,,,,,,,,,,/users/cooperfoster/desktop/hoops/box_scores/202412310OKC_MIN_basic.csv,/users/cooperfoster/desktop/hoops/box_scores/202412310OKC_MIN_advance.csv,,,,,/users/cooperfoster/desktop/hoops/box_scores/202412310OKC_OKC_basic.csv,/users/cooperfoster/desktop/hoops/box_scores/202412310OKC_OKC_advance.csv,,,,,,,,,,,,,,,,,,,
202502240OKC,,,,,,,,,,,,,,,,,,,,,,,,,,,,,,,,,,,/users/cooperfoster/desktop/hoops/box_scores/202502240OKC_MIN_basic.csv,/users/cooperfoster/desktop/hoops/box_scores/202502240OKC_MIN_advance.csv,,,,,/users/cooperfoster/desktop/hoops/box_scores/202502240OKC_OKC_basic.csv,/users/cooperfoster/desktop/hoops/box_scores/202502240OKC_OKC_advance.csv,,,,,,,,,,,,,,,,,,,
202411130OKC,,,,,,,,,,,,,,,,,,,,,,,,,,,,,,,,,,,,,/users/cooperfoster/desktop/hoops/box_scores/202411130OKC_NOP_basic.csv,/users/cooperfoster/desktop/hoops/box_scores/202411130OKC_NOP_advance.csv,,,/users/cooperfoster/desktop/hoops/box_scores/202411130OKC_OKC_basic.csv,/users/cooperfoster/desktop/hoops/box_scores/202411130OKC_OKC_advance.csv,,,,,,,,,,,,,,,,,,,
202502100OKC,,,,,,,,,,,,,,,,,,,,,,,,,,,,,,,,,,,,,/users/cooperfoster/desktop/hoops/box_scores/202502100OKC_NOP_basic.csv,/users/cooperfoster/desktop/hoops/box_scores/202502100OKC_NOP_advance.csv,,,/users/cooperfoster/desktop/hoops/box_scores/202502100OKC_OKC_basic.csv,/users/cooperfoster/desktop/hoops/box_scores/202502100OKC_OKC_advance.csv,,,,,,,,,,,,,,,,,,,
202501030OKC,,,,,,,,,,,,,,,,,,,,,,,,,,,,,,,,,,,,,,,/users/cooperfoster/desktop/hoops/box_scores/202501030OKC_NYK_basic.csv,/users/cooperfoster/desktop/hoops/box_scores/202501030OKC_NYK_advance.csv,/users/cooperfoster/desktop/hoops/box_scores/202501030OKC_OKC_basic.csv,/users/cooperfoster/desktop/hoops/box_scores/202501030OKC_OKC_advance.csv,,,,,,,,,,,,,,,,,,,
202411040OKC,,,,,,,,,,,,,,,,,,,,,,,,,,,,,,,,,,,,,,,,,/users/cooperfoster/desktop/hoops/box_scores/202411040OKC_OKC_basic.csv,/users/cooperfoster/desktop/hoops/box_scores/202411040OKC_OKC_advance.csv,/users/cooperfoster/desktop/hoops/box_scores/202411040OKC_ORL_basic.csv,/users/cooperfoster/desktop/hoops/box_scores/202411040OKC_ORL_advance.csv,,,,,,,,,,,,,,,,,
202503190OKC,,,,,,,,,,,,,,,,,,,,,,,,,,,,,,,,,,,,,,,,,/users/cooperfoster/desktop/hoops/box_scores/202503190OKC_OKC_basic.csv,/users/cooperfoster/desktop/hoops/box_scores/202503190OKC_OKC_advance.csv,,,/users/cooperfoster/desktop/hoops/box_scores/202503190OKC_PHI_basic.csv,/users/cooperfoster/desktop/hoops/box_scores/202503190OKC_PHI_advance.csv,,,,,,,,,,,,,,,
202411150OKC,,,,,,,,,,,,,,,,,,,,,,,,,,,,,,,,,,,,,,,,,/users/cooperfoster/desktop/hoops/box_scores/202411150OKC_OKC_basic.csv,/users/cooperfoster/desktop/hoops/box_scores/202411150OKC_OKC_advance.csv,,,,,/users/cooperfoster/desktop/hoops/box_scores/202411150OKC_PHO_basic.csv,/users/cooperfoster/desktop/hoops/box_scores/202411150OKC_PHO_advance.csv,,,,,,,,,,,,,
202502050OKC,,,,,,,,,,,,,,,,,,,,,,,,,,,,,,,,,,,,,,,,,/users/cooperfoster/desktop/hoops/box_scores/202502050OKC_OKC_basic.csv,/users/cooperfoster/desktop/hoops/box_scores/202502050OKC_OKC_advance.csv,,,,,/users/cooperfoster/desktop/hoops/box_scores/202502050OKC_PHO_basic.csv,/users/cooperfoster/desktop/hoops/box_scores/202502050OKC_PHO_advance.csv,,,,,,,,,,,,,
202411200OKC,,,,,,,,,,,,,,,,,,,,,,,,,,,,,,,,,,,,,,,,,/users/cooperfoster/desktop/hoops/box_scores/202411200OKC_OKC_basic.csv,/users/cooperfoster/desktop/hoops/box_scores/202411200OKC_OKC_advance.csv,,,,,,,/users/cooperfoster/desktop/hoops/box_scores/202411200OKC_POR_basic.csv,/users/cooperfoster/desktop/hoops/box_scores/202411200OKC_POR_advance.csv,,,,,,,,,,,
202503070OKC,,,,,,,,,,,,,,,,,,,,,,,,,,,,,,,,,,,,,,,,,/users/cooperfoster/desktop/hoops/box_scores/202503070OKC_OKC_basic.csv,/users/cooperfoster/desktop/hoops/box_scores/202503070OKC_OKC_advance.csv,,,,,,,/users/cooperfoster/desktop/hoops/box_scores/202503070OKC_POR_basic.csv,/users/cooperfoster/desktop/hoops/box_scores/202503070OKC_POR_advance.csv,,,,,,,,,,,
202502010OKC,,,,,,,,,,,,,,,,,,,,,,,,,,,,,,,,,,,,,,,,,/users/cooperfoster/desktop/hoops/box_scores/202502010OKC_OKC_basic.csv,/users/cooperfoster/desktop/hoops/box_scores/202502010OKC_OKC_advance.csv,,,,,,,,,/users/cooperfoster/desktop/hoops/box_scores/202502010OKC_SAC_basic.csv,/users/cooperfoster/desktop/hoops/box_scores/202502010OKC_SAC_advance.csv,,,,,,,,,
202410300OKC,,,,,,,,,,,,,,,,,,,,,,,,,,,,,,,,,,,,,,,,,/users/cooperfoster/desktop/hoops/box_scores/202410300OKC_OKC_basic.csv,/users/cooperfoster/desktop/hoops/box_scores/202410300OKC_OKC_advance.csv,,,,,,,,,,,/users/cooperfoster/desktop/hoops/box_scores/202410300OKC_SAS_basic.csv,/users/cooperfoster/desktop/hoops/box_scores/202410300OKC_SAS_advance.csv,,,,,,,
202502070OKC,,,,,,,,,,,,,,,,,,,,,,,,,,,,,,,,,,,,,,,,,/users/cooperfoster/desktop/hoops/box_scores/202502070OKC_OKC_basic.csv,/users/cooperfoster/desktop/hoops/box_scores/202502070OKC_OKC_advance.csv,,,,,,,,,,,,,/users/cooperfoster/desktop/hoops/box_scores/202502070OKC_TOR_basic.csv,/users/cooperfoster/desktop/hoops/box_scores/202502070OKC_TOR_advance.csv,,,,,
202412030OKC,,,,,,,,,,,,,,,,,,,,,,,,,,,,,,,,,,,,,,,,,/users/cooperfoster/desktop/hoops/box_scores/202412030OKC_OKC_basic.csv,/users/cooperfoster/desktop/hoops/box_scores/202412030OKC_OKC_advance.csv,,,,,,,,,,,,,,,/users/cooperfoster/desktop/hoops/box_scores/202412030OKC_UTA_basic.csv,/users/cooperfoster/desktop/hoops/box_scores/202412030OKC_UTA_advance.csv,,,
202501220OKC,,,,,,,,,,,,,,,,,,,,,,,,,,,,,,,,,,,,,,,,,/users/cooperfoster/desktop/hoops/box_scores/202501220OKC_OKC_basic.csv,/users/cooperfoster/desktop/hoops/box_scores/202501220OKC_OKC_advance.csv,,,,,,,,,,,,,,,/users/cooperfoster/desktop/hoops/box_scores/202501220OKC_UTA_basic.csv,/users/cooperfoster/desktop/hoops/box_scores/202501220OKC_UTA_advance.csv,,,
202412230OKC,,,,,,,,,,,,,,,,,,,,,,,,,,,,,,,,,,,,,,,,,/users/cooperfoster/desktop/hoops/box_scores/202412230OKC_OKC_basic.csv,/users/cooperfoster/desktop/hoops/box_scores/202412230OKC_OKC_advance.csv,,,,,,,,,,,,,,,,,/users/cooperfoster/desktop/hoops/box_scores/202412230OKC_WAS_basic.csv,/users/cooperfoster/desktop/hoops/box_scores/202412230OKC_WAS_advance.csv,
202502100ORL,/users/cooperfoster/desktop/hoops/box_scores/202502100ORL_ATL_basic.csv,/users/cooperfoster/desktop/hoops/box_scores/202502100ORL_ATL_advance.csv,,,,,,,,,,,,,,,,,,,,,,,,,,,,,,,,,,,,,,,,,/users/cooperfoster/desktop/hoops/box_scores/202502100ORL_ORL_basic.csv,/users/cooperfoster/desktop/hoops/box_scores/202502100ORL_ORL_advance.csv,,,,,,,,,,,,,,,,,
202504080ORL,/users/cooperfoster/desktop/hoops/box_scores/202504080ORL_ATL_basic.csv,/users/cooperfoster/desktop/hoops/box_scores/202504080ORL_ATL_advance.csv,,,,,,,,,,,,,,,,,,,,,,,,,,,,,,,,,,,,,,,,,/users/cooperfoster/desktop/hoops/box_scores/202504080ORL_ORL_basic.csv,/users/cooperfoster/desktop/hoops/box_scores/202504080ORL_ORL_advance.csv,,,,,,,,,,,,,,,,,
202410250ORL,,,/users/cooperfoster/desktop/hoops/box_scores/202410250ORL_BRK_basic.csv,/users/cooperfoster/desktop/hoops/box_scores/202410250ORL_BRK_advance.csv,,,,,,,,,,,,,,,,,,,,,,,,,,,,,,,,,,,,,,,/users/cooperfoster/desktop/hoops/box_scores/202410250ORL_ORL_basic.csv,/users/cooperfoster/desktop/hoops/box_scores/202410250ORL_ORL_advance.csv,,,,,,,,,,,,,,,,,
202412290ORL,,,/users/cooperfoster/desktop/hoops/box_scores/202412290ORL_BRK_basic.csv,/users/cooperfoster/desktop/hoops/box_scores/202412290ORL_BRK_advance.csv,,,,,,,,,,,,,,,,,,,,,,,,,,,,,,,,,,,,,,,/users/cooperfoster/desktop/hoops/box_scores/202412290ORL_ORL_basic.csv,/users/cooperfoster/desktop/hoops/box_scores/202412290ORL_ORL_advance.csv,,,,,,,,,,,,,,,,,
202412230ORL,,,,,/users/cooperfoster/desktop/hoops/box_scores/202412230ORL_BOS_basic.csv,/users/cooperfoster/desktop/hoops/box_scores/202412230ORL_BOS_advance.csv,,,,,,,,,,,,,,,,,,,,,,,,,,,,,,,,,,,,,/users/cooperfoster/desktop/hoops/box_scores/202412230ORL_ORL_basic.csv,/users/cooperfoster/desktop/hoops/box_scores/202412230ORL_ORL_advance.csv,,,,,,,,,,,,,,,,,
202504090ORL,,,,,/users/cooperfoster/desktop/hoops/box_scores/202504090ORL_BOS_basic.csv,/users/cooperfoster/desktop/hoops/box_scores/202504090ORL_BOS_advance.csv,,,,,,,,,,,,,,,,,,,,,,,,,,,,,,,,,,,,,/users/cooperfoster/desktop/hoops/box_scores/202504090ORL_ORL_basic.csv,/users/cooperfoster/desktop/hoops/box_scores/202504090ORL_ORL_advance.csv,,,,,,,,,,,,,,,,,
202411270ORL,,,,,,,/users/cooperfoster/desktop/hoops/box_scores/202411270ORL_CHI_basic.csv,/users/cooperfoster/desktop/hoops/box_scores/202411270ORL_CHI_advance.csv,,,,,,,,,,,,,,,,,,,,,,,,,,,,,,,,,,,/users/cooperfoster/desktop/hoops/box_scores/202411270ORL_ORL_basic.csv,/users/cooperfoster/desktop/hoops/box_scores/202411270ORL_ORL_advance.csv,,,,,,,,,,,,,,,,,
202503060ORL,,,,,,,/users/cooperfoster/desktop/hoops/box_scores/202503060ORL_CHI_basic.csv,/users/cooperfoster/desktop/hoops/box_scores/202503060ORL_CHI_advance.csv,,,,,,,,,,,,,,,,,,,,,,,,,,,,,,,,,,,/users/cooperfoster/desktop/hoops/box_scores/202503060ORL_ORL_basic.csv,/users/cooperfoster/desktop/hoops/box_scores/202503060ORL_ORL_advance.csv,,,,,,,,,,,,,,,,,
202411120ORL,,,,,,,,,/users/cooperfoster/desktop/hoops/box_scores/202411120ORL_CHO_basic.csv,/users/cooperfoster/desktop/hoops/box_scores/202411120ORL_CHO_advance.csv,,,,,,,,,,,,,,,,,,,,,,,,,,,,,,,,,/users/cooperfoster/desktop/hoops/box_scores/202411120ORL_ORL_basic.csv,/users/cooperfoster/desktop/hoops/box_scores/202411120ORL_ORL_advance.csv,,,,,,,,,,,,,,,,,
202502120ORL,,,,,,,,,/users/cooperfoster/desktop/hoops/box_scores/202502120ORL_CHO_basic.csv,/users/cooperfoster/desktop/hoops/box_scores/202502120ORL_CHO_advance.csv,,,,,,,,,,,,,,,,,,,,,,,,,,,,,,,,,/users/cooperfoster/desktop/hoops/box_scores/202502120ORL_ORL_basic.csv,/users/cooperfoster/desktop/hoops/box_scores/202502120ORL_ORL_advance.csv,,,,,,,,,,,,,,,,,
202502250ORL,,,,,,,,,,,/users/cooperfoster/desktop/hoops/box_scores/202502250ORL_CLE_basic.csv,/users/cooperfoster/desktop/hoops/box_scores/202502250ORL_CLE_advance.csv,,,,,,,,,,,,,,,,,,,,,,,,,,,,,,,/users/cooperfoster/desktop/hoops/box_scores/202502250ORL_ORL_basic.csv,/users/cooperfoster/desktop/hoops/box_scores/202502250ORL_ORL_advance.csv,,,,,,,,,,,,,,,,,
202503270ORL,,,,,,,,,,,,,/users/cooperfoster/desktop/hoops/box_scores/202503270ORL_DAL_basic.csv,/users/cooperfoster/desktop/hoops/box_scores/202503270ORL_DAL_advance.csv,,,,,,,,,,,,,,,,,,,,,,,,,,,,,/users/cooperfoster/desktop/hoops/box_scores/202503270ORL_ORL_basic.csv,/users/cooperfoster/desktop/hoops/box_scores/202503270ORL_ORL_advance.csv,,,,,,,,,,,,,,,,,
202501190ORL,,,,,,,,,,,,,,,/users/cooperfoster/desktop/hoops/box_scores/202501190ORL_DEN_basic.csv,/users/cooperfoster/desktop/hoops/box_scores/202501190ORL_DEN_advance.csv,,,,,,,,,,,,,,,,,,,,,,,,,,,/users/cooperfoster/desktop/hoops/box_scores/202501190ORL_ORL_basic.csv,/users/cooperfoster/desktop/hoops/box_scores/202501190ORL_ORL_advance.csv,,,,,,,,,,,,,,,,,
202411230ORL,,,,,,,,,,,,,,,,,/users/cooperfoster/desktop/hoops/box_scores/202411230ORL_DET_basic.csv,/users/cooperfoster/desktop/hoops/box_scores/202411230ORL_DET_advance.csv,,,,,,,,,,,,,,,,,,,,,,,,,/users/cooperfoster/desktop/hoops/box_scores/202411230ORL_ORL_basic.csv,/users/cooperfoster/desktop/hoops/box_scores/202411230ORL_ORL_advance.csv,,,,,,,,,,,,,,,,,
202501250ORL,,,,,,,,,,,,,,,,,/users/cooperfoster/desktop/hoops/box_scores/202501250ORL_DET_basic.csv,/users/cooperfoster/desktop/hoops/box_scores/202501250ORL_DET_advance.csv,,,,,,,,,,,,,,,,,,,,,,,,,/users/cooperfoster/desktop/hoops/box_scores/202501250ORL_ORL_basic.csv,/users/cooperfoster/desktop/hoops/box_scores/202501250ORL_ORL_advance.csv,,,,,,,,,,,,,,,,,
202502270ORL,,,,,,,,,,,,,,,,,,,/users/cooperfoster/desktop/hoops/box_scores/202502270ORL_GSW_basic.csv,/users/cooperfoster/desktop/hoops/box_scores/202502270ORL_GSW_advance.csv,,,,,,,,,,,,,,,,,,,,,,,/users/cooperfoster/desktop/hoops/box_scores/202502270ORL_ORL_basic.csv,/users/cooperfoster/desktop/hoops/box_scores/202502270ORL_ORL_advance.csv,,,,,,,,,,,,,,,,,
202503190ORL,,,,,,,,,,,,,,,,,,,,,/users/cooperfoster/desktop/hoops/box_scores/202503190ORL_HOU_basic.csv,/users/cooperfoster/desktop/hoops/box_scores/202503190ORL_HOU_advance.csv,,,,,,,,,,,,,,,,,,,,,/users/cooperfoster/desktop/hoops/box_scores/202503190ORL_ORL_basic.csv,/users/cooperfoster/desktop/hoops/box_scores/202503190ORL_ORL_advance.csv,,,,,,,,,,,,,,,,,
202410280ORL,,,,,,,,,,,,,,,,,,,,,,,/users/cooperfoster/desktop/hoops/box_scores/202410280ORL_IND_basic.csv,/users/cooperfoster/desktop/hoops/box_scores/202410280ORL_IND_advance.csv,,,,,,,,,,,,,,,,,,,/users/cooperfoster/desktop/hoops/box_scores/202410280ORL_ORL_basic.csv,/users/cooperfoster/desktop/hoops/box_scores/202410280ORL_ORL_advance.csv,,,,,,,,,,,,,,,,,
202411130ORL,,,,,,,,,,,,,,,,,,,,,,,/users/cooperfoster/desktop/hoops/box_scores/202411130ORL_IND_basic.csv,/users/cooperfoster/desktop/hoops/box_scores/202411130ORL_IND_advance.csv,,,,,,,,,,,,,,,,,,,/users/cooperfoster/desktop/hoops/box_scores/202411130ORL_ORL_basic.csv,/users/cooperfoster/desktop/hoops/box_scores/202411130ORL_ORL_advance.csv,,,,,,,,,,,,,,,,,
202503310ORL,,,,,,,,,,,,,,,,,,,,,,,,,/users/cooperfoster/desktop/hoops/box_scores/202503310ORL_LAC_basic.csv,/users/cooperfoster/desktop/hoops/box_scores/202503310ORL_LAC_advance.csv,,,,,,,,,,,,,,,,,/users/cooperfoster/desktop/hoops/box_scores/202503310ORL_ORL_basic.csv,/users/cooperfoster/desktop/hoops/box_scores/202503310ORL_ORL_advance.csv,,,,,,,,,,,,,,,,,
202503240ORL,,,,,,,,,,,,,,,,,,,,,,,,,,,/users/cooperfoster/desktop/hoops/box_scores/202503240ORL_LAL_basic.csv,/users/cooperfoster/desktop/hoops/box_scores/202503240ORL_LAL_advance.csv,,,,,,,,,,,,,,,/users/cooperfoster/desktop/hoops/box_scores/202503240ORL_ORL_basic.csv,/users/cooperfoster/desktop/hoops/box_scores/202503240ORL_ORL_advance.csv,,,,,,,,,,,,,,,,,
202502210ORL,,,,,,,,,,,,,,,,,,,,,,,,,,,,,/users/cooperfoster/desktop/hoops/box_scores/202502210ORL_MEM_basic.csv,/users/cooperfoster/desktop/hoops/box_scores/202502210ORL_MEM_advance.csv,,,,,,,,,,,,,/users/cooperfoster/desktop/hoops/box_scores/202502210ORL_ORL_basic.csv,/users/cooperfoster/desktop/hoops/box_scores/202502210ORL_ORL_advance.csv,,,,,,,,,,,,,,,,,
202412210ORL,,,,,,,,,,,,,,,,,,,,,,,,,,,,,,,/users/cooperfoster/desktop/hoops/box_scores/202412210ORL_MIA_basic.csv,/users/cooperfoster/desktop/hoops/box_scores/202412210ORL_MIA_advance.csv,,,,,,,,,,,/users/cooperfoster/desktop/hoops/box_scores/202412210ORL_ORL_basic.csv,/users/cooperfoster/desktop/hoops/box_scores/202412210ORL_ORL_advance.csv,,,,,,,,,,,,,,,,,
202412260ORL,,,,,,,,,,,,,,,,,,,,,,,,,,,,,,,/users/cooperfoster/desktop/hoops/box_scores/202412260ORL_MIA_basic.csv,/users/cooperfoster/desktop/hoops/box_scores/202412260ORL_MIA_advance.csv,,,,,,,,,,,/users/cooperfoster/desktop/hoops/box_scores/202412260ORL_ORL_basic.csv,/users/cooperfoster/desktop/hoops/box_scores/202412260ORL_ORL_advance.csv,,,,,,,,,,,,,,,,,
202501100ORL,,,,,,,,,,,,,,,,,,,,,,,,,,,,,,,,,/users/cooperfoster/desktop/hoops/box_scores/202501100ORL_MIL_basic.csv,/users/cooperfoster/desktop/hoops/box_scores/202501100ORL_MIL_advance.csv,,,,,,,,,/users/cooperfoster/desktop/hoops/box_scores/202501100ORL_ORL_basic.csv,/users/cooperfoster/desktop/hoops/box_scores/202501100ORL_ORL_advance.csv,,,,,,,,,,,,,,,,,
202501090ORL,,,,,,,,,,,,,,,,,,,,,,,,,,,,,,,,,,,/users/cooperfoster/desktop/hoops/box_scores/202501090ORL_MIN_basic.csv,/users/cooperfoster/desktop/hoops/box_scores/202501090ORL_MIN_advance.csv,,,,,,,/users/cooperfoster/desktop/hoops/box_scores/202501090ORL_ORL_basic.csv,/users/cooperfoster/desktop/hoops/box_scores/202501090ORL_ORL_advance.csv,,,,,,,,,,,,,,,,,
202411080ORL,,,,,,,,,,,,,,,,,,,,,,,,,,,,,,,,,,,,,/users/cooperfoster/desktop/hoops/box_scores/202411080ORL_NOP_basic.csv,/users/cooperfoster/desktop/hoops/box_scores/202411080ORL_NOP_advance.csv,,,,,/users/cooperfoster/desktop/hoops/box_scores/202411080ORL_ORL_basic.csv,/users/cooperfoster/desktop/hoops/box_scores/202411080ORL_ORL_advance.csv,,,,,,,,,,,,,,,,,
202412150ORL,,,,,,,,,,,,,,,,,,,,,,,,,,,,,,,,,,,,,,,/users/cooperfoster/desktop/hoops/box_scores/202412150ORL_NYK_basic.csv,/users/cooperfoster/desktop/hoops/box_scores/202412150ORL_NYK_advance.csv,,,/users/cooperfoster/desktop/hoops/box_scores/202412150ORL_ORL_basic.csv,/users/cooperfoster/desktop/hoops/box_scores/202412150ORL_ORL_advance.csv,,,,,,,,,,,,,,,,,
202412270ORL,,,,,,,,,,,,,,,,,,,,,,,,,,,,,,,,,,,,,,,/users/cooperfoster/desktop/hoops/box_scores/202412270ORL_NYK_basic.csv,/users/cooperfoster/desktop/hoops/box_scores/202412270ORL_NYK_advance.csv,,,/users/cooperfoster/desktop/hoops/box_scores/202412270ORL_ORL_basic.csv,/users/cooperfoster/desktop/hoops/box_scores/202412270ORL_ORL_advance.csv,,,,,,,,,,,,,,,,,
202412190ORL,,,,,,,,,,,,,,,,,,,,,,,,,,,,,,,,,,,,,,,,,/users/cooperfoster/desktop/hoops/box_scores/202412190ORL_OKC_basic.csv,/users/cooperfoster/desktop/hoops/box_scores/202412190ORL_OKC_advance.csv,/users/cooperfoster/desktop/hoops/box_scores/202412190ORL_ORL_basic.csv,/users/cooperfoster/desktop/hoops/box_scores/202412190ORL_ORL_advance.csv,,,,,,,,,,,,,,,,,
202411150ORL,,,,,,,,,,,,,,,,,,,,,,,,,,,,,,,,,,,,,,,,,,,/users/cooperfoster/desktop/hoops/box_scores/202411150ORL_ORL_basic.csv,/users/cooperfoster/desktop/hoops/box_scores/202411150ORL_ORL_advance.csv,/users/cooperfoster/desktop/hoops/box_scores/202411150ORL_PHI_basic.csv,/users/cooperfoster/desktop/hoops/box_scores/202411150ORL_PHI_advance.csv,,,,,,,,,,,,,,,
202501120ORL,,,,,,,,,,,,,,,,,,,,,,,,,,,,,,,,,,,,,,,,,,,/users/cooperfoster/desktop/hoops/box_scores/202501120ORL_ORL_basic.csv,/users/cooperfoster/desktop/hoops/box_scores/202501120ORL_ORL_advance.csv,/users/cooperfoster/desktop/hoops/box_scores/202501120ORL_PHI_basic.csv,/users/cooperfoster/desktop/hoops/box_scores/202501120ORL_PHI_advance.csv,,,,,,,,,,,,,,,
202412080ORL,,,,,,,,,,,,,,,,,,,,,,,,,,,,,,,,,,,,,,,,,,,/users/cooperfoster/desktop/hoops/box_scores/202412080ORL_ORL_basic.csv,/users/cooperfoster/desktop/hoops/box_scores/202412080ORL_ORL_advance.csv,,,/users/cooperfoster/desktop/hoops/box_scores/202412080ORL_PHO_basic.csv,/users/cooperfoster/desktop/hoops/box_scores/202412080ORL_PHO_advance.csv,,,,,,,,,,,,,
202501230ORL,,,,,,,,,,,,,,,,,,,,,,,,,,,,,,,,,,,,,,,,,,,/users/cooperfoster/desktop/hoops/box_scores/202501230ORL_ORL_basic.csv,/users/cooperfoster/desktop/hoops/box_scores/202501230ORL_ORL_advance.csv,,,,,/users/cooperfoster/desktop/hoops/box_scores/202501230ORL_POR_basic.csv,/users/cooperfoster/desktop/hoops/box_scores/202501230ORL_POR_advance.csv,,,,,,,,,,,
202503290ORL,,,,,,,,,,,,,,,,,,,,,,,,,,,,,,,,,,,,,,,,,,,/users/cooperfoster/desktop/hoops/box_scores/202503290ORL_ORL_basic.csv,/users/cooperfoster/desktop/hoops/box_scores/202503290ORL_ORL_advance.csv,,,,,,,/users/cooperfoster/desktop/hoops/box_scores/202503290ORL_SAC_basic.csv,/users/cooperfoster/desktop/hoops/box_scores/202503290ORL_SAC_advance.csv,,,,,,,,,
202502080ORL,,,,,,,,,,,,,,,,,,,,,,,,,,,,,,,,,,,,,,,,,,,/users/cooperfoster/desktop/hoops/box_scores/202502080ORL_ORL_basic.csv,/users/cooperfoster/desktop/hoops/box_scores/202502080ORL_ORL_advance.csv,,,,,,,,,/users/cooperfoster/desktop/hoops/box_scores/202502080ORL_SAS_basic.csv,/users/cooperfoster/desktop/hoops/box_scores/202502080ORL_SAS_advance.csv,,,,,,,
202503020ORL,,,,,,,,,,,,,,,,,,,,,,,,,,,,,,,,,,,,,,,,,,,/users/cooperfoster/desktop/hoops/box_scores/202503020ORL_ORL_basic.csv,/users/cooperfoster/desktop/hoops/box_scores/202503020ORL_ORL_advance.csv,,,,,,,,,,,/users/cooperfoster/desktop/hoops/box_scores/202503020ORL_TOR_basic.csv,/users/cooperfoster/desktop/hoops/box_scores/202503020ORL_TOR_advance.csv,,,,,
202503040ORL,,,,,,,,,,,,,,,,,,,,,,,,,,,,,,,,,,,,,,,,,,,/users/cooperfoster/desktop/hoops/box_scores/202503040ORL_ORL_basic.csv,/users/cooperfoster/desktop/hoops/box_scores/202503040ORL_ORL_advance.csv,,,,,,,,,,,/users/cooperfoster/desktop/hoops/box_scores/202503040ORL_TOR_basic.csv,/users/cooperfoster/desktop/hoops/box_scores/202503040ORL_TOR_advance.csv,,,,,
202501050ORL,,,,,,,,,,,,,,,,,,,,,,,,,,,,,,,,,,,,,,,,,,,/users/cooperfoster/desktop/hoops/box_scores/202501050ORL_ORL_basic.csv,/users/cooperfoster/desktop/hoops/box_scores/202501050ORL_ORL_advance.csv,,,,,,,,,,,,,/users/cooperfoster/desktop/hoops/box_scores/202501050ORL_UTA_basic.csv,/users/cooperfoster/desktop/hoops/box_scores/202501050ORL_UTA_advance.csv,,,
202411100ORL,,,,,,,,,,,,,,,,,,,,,,,,,,,,,,,,,,,,,,,,,,,/users/cooperfoster/desktop/hoops/box_scores/202411100ORL_ORL_basic.csv,/users/cooperfoster/desktop/hoops/box_scores/202411100ORL_ORL_advance.csv,,,,,,,,,,,,,,,/users/cooperfoster/desktop/hoops/box_scores/202411100ORL_WAS_basic.csv,/users/cooperfoster/desktop/hoops/box_scores/202411100ORL_WAS_advance.csv,
202502230ORL,,,,,,,,,,,,,,,,,,,,,,,,,,,,,,,,,,,,,,,,,,,/users/cooperfoster/desktop/hoops/box_scores/202502230ORL_ORL_basic.csv,/users/cooperfoster/desktop/hoops/box_scores/202502230ORL_ORL_advance.csv,,,,,,,,,,,,,,,/users/cooperfoster/desktop/hoops/box_scores/202502230ORL_WAS_basic.csv,/users/cooperfoster/desktop/hoops/box_scores/202502230ORL_WAS_advance.csv,
202504110PHI,/users/cooperfoster/desktop/hoops/box_scores/202504110PHI_ATL_basic.csv,/users/cooperfoster/desktop/hoops/box_scores/202504110PHI_ATL_advance.csv,,,,,,,,,,,,,,,,,,,,,,,,,,,,,,,,,,,,,,,,,,,/users/cooperfoster/desktop/hoops/box_scores/202504110PHI_PHI_basic.csv,/users/cooperfoster/desktop/hoops/box_scores/202504110PHI_PHI_advance.csv,,,,,,,,,,,,,,,
202411220PHI,,,/users/cooperfoster/desktop/hoops/box_scores/202411220PHI_BRK_basic.csv,/users/cooperfoster/desktop/hoops/box_scores/202411220PHI_BRK_advance.csv,,,,,,,,,,,,,,,,,,,,,,,,,,,,,,,,,,,,,,,,,/users/cooperfoster/desktop/hoops/box_scores/202411220PHI_PHI_basic.csv,/users/cooperfoster/desktop/hoops/box_scores/202411220PHI_PHI_advance.csv,,,,,,,,,,,,,,,
202502220PHI,,,/users/cooperfoster/desktop/hoops/box_scores/202502220PHI_BRK_basic.csv,/users/cooperfoster/desktop/hoops/box_scores/202502220PHI_BRK_advance.csv,,,,,,,,,,,,,,,,,,,,,,,,,,,,,,,,,,,,,,,,,/users/cooperfoster/desktop/hoops/box_scores/202502220PHI_PHI_basic.csv,/users/cooperfoster/desktop/hoops/box_scores/202502220PHI_PHI_advance.csv,,,,,,,,,,,,,,,
202502020PHI,,,,,/users/cooperfoster/desktop/hoops/box_scores/202502020PHI_BOS_basic.csv,/users/cooperfoster/desktop/hoops/box_scores/202502020PHI_BOS_advance.csv,,,,,,,,,,,,,,,,,,,,,,,,,,,,,,,,,,,,,,,/users/cooperfoster/desktop/hoops/box_scores/202502020PHI_PHI_basic.csv,/users/cooperfoster/desktop/hoops/box_scores/202502020PHI_PHI_advance.csv,,,,,,,,,,,,,,,
202502200PHI,,,,,/users/cooperfoster/desktop/hoops/box_scores/202502200PHI_BOS_basic.csv,/users/cooperfoster/desktop/hoops/box_scores/202502200PHI_BOS_advance.csv,,,,,,,,,,,,,,,,,,,,,,,,,,,,,,,,,,,,,,,/users/cooperfoster/desktop/hoops/box_scores/202502200PHI_PHI_basic.csv,/users/cooperfoster/desktop/hoops/box_scores/202502200PHI_PHI_advance.csv,,,,,,,,,,,,,,,
202502240PHI,,,,,,,/users/cooperfoster/desktop/hoops/box_scores/202502240PHI_CHI_basic.csv,/users/cooperfoster/desktop/hoops/box_scores/202502240PHI_CHI_advance.csv,,,,,,,,,,,,,,,,,,,,,,,,,,,,,,,,,,,,,/users/cooperfoster/desktop/hoops/box_scores/202502240PHI_PHI_basic.csv,/users/cooperfoster/desktop/hoops/box_scores/202502240PHI_PHI_advance.csv,,,,,,,,,,,,,,,
202504130PHI,,,,,,,/users/cooperfoster/desktop/hoops/box_scores/202504130PHI_CHI_basic.csv,/users/cooperfoster/desktop/hoops/box_scores/202504130PHI_CHI_advance.csv,,,,,,,,,,,,,,,,,,,,,,,,,,,,,,,,,,,,,/users/cooperfoster/desktop/hoops/box_scores/202504130PHI_PHI_basic.csv,/users/cooperfoster/desktop/hoops/box_scores/202504130PHI_PHI_advance.csv,,,,,,,,,,,,,,,
202411100PHI,,,,,,,,,/users/cooperfoster/desktop/hoops/box_scores/202411100PHI_CHO_basic.csv,/users/cooperfoster/desktop/hoops/box_scores/202411100PHI_CHO_advance.csv,,,,,,,,,,,,,,,,,,,,,,,,,,,,,,,,,,,/users/cooperfoster/desktop/hoops/box_scores/202411100PHI_PHI_basic.csv,/users/cooperfoster/desktop/hoops/box_scores/202411100PHI_PHI_advance.csv,,,,,,,,,,,,,,,
202412200PHI,,,,,,,,,/users/cooperfoster/desktop/hoops/box_scores/202412200PHI_CHO_basic.csv,/users/cooperfoster/desktop/hoops/box_scores/202412200PHI_CHO_advance.csv,,,,,,,,,,,,,,,,,,,,,,,,,,,,,,,,,,,/users/cooperfoster/desktop/hoops/box_scores/202412200PHI_PHI_basic.csv,/users/cooperfoster/desktop/hoops/box_scores/202412200PHI_PHI_advance.csv,,,,,,,,,,,,,,,
202411130PHI,,,,,,,,,,,/users/cooperfoster/desktop/hoops/box_scores/202411130PHI_CLE_basic.csv,/users/cooperfoster/desktop/hoops/box_scores/202411130PHI_CLE_advance.csv,,,,,,,,,,,,,,,,,,,,,,,,,,,,,,,,,/users/cooperfoster/desktop/hoops/box_scores/202411130PHI_PHI_basic.csv,/users/cooperfoster/desktop/hoops/box_scores/202411130PHI_PHI_advance.csv,,,,,,,,,,,,,,,
202501240PHI,,,,,,,,,,,/users/cooperfoster/desktop/hoops/box_scores/202501240PHI_CLE_basic.csv,/users/cooperfoster/desktop/hoops/box_scores/202501240PHI_CLE_advance.csv,,,,,,,,,,,,,,,,,,,,,,,,,,,,,,,,,/users/cooperfoster/desktop/hoops/box_scores/202501240PHI_PHI_basic.csv,/users/cooperfoster/desktop/hoops/box_scores/202501240PHI_PHI_advance.csv,,,,,,,,,,,,,,,
202502040PHI,,,,,,,,,,,,,/users/cooperfoster/desktop/hoops/box_scores/202502040PHI_DAL_basic.csv,/users/cooperfoster/desktop/hoops/box_scores/202502040PHI_DAL_advance.csv,,,,,,,,,,,,,,,,,,,,,,,,,,,,,,,/users/cooperfoster/desktop/hoops/box_scores/202502040PHI_PHI_basic.csv,/users/cooperfoster/desktop/hoops/box_scores/202502040PHI_PHI_advance.csv,,,,,,,,,,,,,,,
202501310PHI,,,,,,,,,,,,,,,/users/cooperfoster/desktop/hoops/box_scores/202501310PHI_DEN_basic.csv,/users/cooperfoster/desktop/hoops/box_scores/202501310PHI_DEN_advance.csv,,,,,,,,,,,,,,,,,,,,,,,,,,,,,/users/cooperfoster/desktop/hoops/box_scores/202501310PHI_PHI_basic.csv,/users/cooperfoster/desktop/hoops/box_scores/202501310PHI_PHI_advance.csv,,,,,,,,,,,,,,,
202410300PHI,,,,,,,,,,,,,,,,,/users/cooperfoster/desktop/hoops/box_scores/202410300PHI_DET_basic.csv,/users/cooperfoster/desktop/hoops/box_scores/202410300PHI_DET_advance.csv,,,,,,,,,,,,,,,,,,,,,,,,,,,/users/cooperfoster/desktop/hoops/box_scores/202410300PHI_PHI_basic.csv,/users/cooperfoster/desktop/hoops/box_scores/202410300PHI_PHI_advance.csv,,,,,,,,,,,,,,,
202503010PHI,,,,,,,,,,,,,,,,,,,/users/cooperfoster/desktop/hoops/box_scores/202503010PHI_GSW_basic.csv,/users/cooperfoster/desktop/hoops/box_scores/202503010PHI_GSW_advance.csv,,,,,,,,,,,,,,,,,,,,,,,,,/users/cooperfoster/desktop/hoops/box_scores/202503010PHI_PHI_basic.csv,/users/cooperfoster/desktop/hoops/box_scores/202503010PHI_PHI_advance.csv,,,,,,,,,,,,,,,
202411270PHI,,,,,,,,,,,,,,,,,,,,,/users/cooperfoster/desktop/hoops/box_scores/202411270PHI_HOU_basic.csv,/users/cooperfoster/desktop/hoops/box_scores/202411270PHI_HOU_advance.csv,,,,,,,,,,,,,,,,,,,,,,,/users/cooperfoster/desktop/hoops/box_scores/202411270PHI_PHI_basic.csv,/users/cooperfoster/desktop/hoops/box_scores/202411270PHI_PHI_advance.csv,,,,,,,,,,,,,,,
202412130PHI,,,,,,,,,,,,,,,,,,,,,,,/users/cooperfoster/desktop/hoops/box_scores/202412130PHI_IND_basic.csv,/users/cooperfoster/desktop/hoops/box_scores/202412130PHI_IND_advance.csv,,,,,,,,,,,,,,,,,,,,,/users/cooperfoster/desktop/hoops/box_scores/202412130PHI_PHI_basic.csv,/users/cooperfoster/desktop/hoops/box_scores/202412130PHI_PHI_advance.csv,,,,,,,,,,,,,,,
202503140PHI,,,,,,,,,,,,,,,,,,,,,,,/users/cooperfoster/desktop/hoops/box_scores/202503140PHI_IND_basic.csv,/users/cooperfoster/desktop/hoops/box_scores/202503140PHI_IND_advance.csv,,,,,,,,,,,,,,,,,,,,,/users/cooperfoster/desktop/hoops/box_scores/202503140PHI_PHI_basic.csv,/users/cooperfoster/desktop/hoops/box_scores/202503140PHI_PHI_advance.csv,,,,,,,,,,,,,,,
202411240PHI,,,,,,,,,,,,,,,,,,,,,,,,,/users/cooperfoster/desktop/hoops/box_scores/202411240PHI_LAC_basic.csv,/users/cooperfoster/desktop/hoops/box_scores/202411240PHI_LAC_advance.csv,,,,,,,,,,,,,,,,,,,/users/cooperfoster/desktop/hoops/box_scores/202411240PHI_PHI_basic.csv,/users/cooperfoster/desktop/hoops/box_scores/202411240PHI_PHI_advance.csv,,,,,,,,,,,,,,,
202501280PHI,,,,,,,,,,,,,,,,,,,,,,,,,,,/users/cooperfoster/desktop/hoops/box_scores/202501280PHI_LAL_basic.csv,/users/cooperfoster/desktop/hoops/box_scores/202501280PHI_LAL_advance.csv,,,,,,,,,,,,,,,,,/users/cooperfoster/desktop/hoops/box_scores/202501280PHI_PHI_basic.csv,/users/cooperfoster/desktop/hoops/box_scores/202501280PHI_PHI_advance.csv,,,,,,,,,,,,,,,
202411020PHI,,,,,,,,,,,,,,,,,,,,,,,,,,,,,/users/cooperfoster/desktop/hoops/box_scores/202411020PHI_MEM_basic.csv,/users/cooperfoster/desktop/hoops/box_scores/202411020PHI_MEM_advance.csv,,,,,,,,,,,,,,,/users/cooperfoster/desktop/hoops/box_scores/202411020PHI_PHI_basic.csv,/users/cooperfoster/desktop/hoops/box_scores/202411020PHI_PHI_advance.csv,,,,,,,,,,,,,,,
202502050PHI,,,,,,,,,,,,,,,,,,,,,,,,,,,,,,,/users/cooperfoster/desktop/hoops/box_scores/202502050PHI_MIA_basic.csv,/users/cooperfoster/desktop/hoops/box_scores/202502050PHI_MIA_advance.csv,,,,,,,,,,,,,/users/cooperfoster/desktop/hoops/box_scores/202502050PHI_PHI_basic.csv,/users/cooperfoster/desktop/hoops/box_scores/202502050PHI_PHI_advance.csv,,,,,,,,,,,,,,,
202503290PHI,,,,,,,,,,,,,,,,,,,,,,,,,,,,,,,/users/cooperfoster/desktop/hoops/box_scores/202503290PHI_MIA_basic.csv,/users/cooperfoster/desktop/hoops/box_scores/202503290PHI_MIA_advance.csv,,,,,,,,,,,,,/users/cooperfoster/desktop/hoops/box_scores/202503290PHI_PHI_basic.csv,/users/cooperfoster/desktop/hoops/box_scores/202503290PHI_PHI_advance.csv,,,,,,,,,,,,,,,
202410230PHI,,,,,,,,,,,,,,,,,,,,,,,,,,,,,,,,,/users/cooperfoster/desktop/hoops/box_scores/202410230PHI_MIL_basic.csv,/users/cooperfoster/desktop/hoops/box_scores/202410230PHI_MIL_advance.csv,,,,,,,,,,,/users/cooperfoster/desktop/hoops/box_scores/202410230PHI_PHI_basic.csv,/users/cooperfoster/desktop/hoops/box_scores/202410230PHI_PHI_advance.csv,,,,,,,,,,,,,,,
202504030PHI,,,,,,,,,,,,,,,,,,,,,,,,,,,,,,,,,/users/cooperfoster/desktop/hoops/box_scores/202504030PHI_MIL_basic.csv,/users/cooperfoster/desktop/hoops/box_scores/202504030PHI_MIL_advance.csv,,,,,,,,,,,/users/cooperfoster/desktop/hoops/box_scores/202504030PHI_PHI_basic.csv,/users/cooperfoster/desktop/hoops/box_scores/202504030PHI_PHI_advance.csv,,,,,,,,,,,,,,,
202504050PHI,,,,,,,,,,,,,,,,,,,,,,,,,,,,,,,,,,,/users/cooperfoster/desktop/hoops/box_scores/202504050PHI_MIN_basic.csv,/users/cooperfoster/desktop/hoops/box_scores/202504050PHI_MIN_advance.csv,,,,,,,,,/users/cooperfoster/desktop/hoops/box_scores/202504050PHI_PHI_basic.csv,/users/cooperfoster/desktop/hoops/box_scores/202504050PHI_PHI_advance.csv,,,,,,,,,,,,,,,
202501100PHI,,,,,,,,,,,,,,,,,,,,,,,,,,,,,,,,,,,,,/users/cooperfoster/desktop/hoops/box_scores/202501100PHI_NOP_basic.csv,/users/cooperfoster/desktop/hoops/box_scores/202501100PHI_NOP_advance.csv,,,,,,,/users/cooperfoster/desktop/hoops/box_scores/202501100PHI_PHI_basic.csv,/users/cooperfoster/desktop/hoops/box_scores/202501100PHI_PHI_advance.csv,,,,,,,,,,,,,,,
202411120PHI,,,,,,,,,,,,,,,,,,,,,,,,,,,,,,,,,,,,,,,/users/cooperfoster/desktop/hoops/box_scores/202411120PHI_NYK_basic.csv,/users/cooperfoster/desktop/hoops/box_scores/202411120PHI_NYK_advance.csv,,,,,/users/cooperfoster/desktop/hoops/box_scores/202411120PHI_PHI_basic.csv,/users/cooperfoster/desktop/hoops/box_scores/202411120PHI_PHI_advance.csv,,,,,,,,,,,,,,,
202501150PHI,,,,,,,,,,,,,,,,,,,,,,,,,,,,,,,,,,,,,,,/users/cooperfoster/desktop/hoops/box_scores/202501150PHI_NYK_basic.csv,/users/cooperfoster/desktop/hoops/box_scores/202501150PHI_NYK_advance.csv,,,,,/users/cooperfoster/desktop/hoops/box_scores/202501150PHI_PHI_basic.csv,/users/cooperfoster/desktop/hoops/box_scores/202501150PHI_PHI_advance.csv,,,,,,,,,,,,,,,
202501140PHI,,,,,,,,,,,,,,,,,,,,,,,,,,,,,,,,,,,,,,,,,/users/cooperfoster/desktop/hoops/box_scores/202501140PHI_OKC_basic.csv,/users/cooperfoster/desktop/hoops/box_scores/202501140PHI_OKC_advance.csv,,,/users/cooperfoster/desktop/hoops/box_scores/202501140PHI_PHI_basic.csv,/users/cooperfoster/desktop/hoops/box_scores/202501140PHI_PHI_advance.csv,,,,,,,,,,,,,,,
202412040PHI,,,,,,,,,,,,,,,,,,,,,,,,,,,,,,,,,,,,,,,,,,,/users/cooperfoster/desktop/hoops/box_scores/202412040PHI_ORL_basic.csv,/users/cooperfoster/desktop/hoops/box_scores/202412040PHI_ORL_advance.csv,/users/cooperfoster/desktop/hoops/box_scores/202412040PHI_PHI_basic.csv,/users/cooperfoster/desktop/hoops/box_scores/202412040PHI_PHI_advance.csv,,,,,,,,,,,,,,,
202412060PHI,,,,,,,,,,,,,,,,,,,,,,,,,,,,,,,,,,,,,,,,,,,/users/cooperfoster/desktop/hoops/box_scores/202412060PHI_ORL_basic.csv,/users/cooperfoster/desktop/hoops/box_scores/202412060PHI_ORL_advance.csv,/users/cooperfoster/desktop/hoops/box_scores/202412060PHI_PHI_basic.csv,/users/cooperfoster/desktop/hoops/box_scores/202412060PHI_PHI_advance.csv,,,,,,,,,,,,,,,
202501060PHI,,,,,,,,,,,,,,,,,,,,,,,,,,,,,,,,,,,,,,,,,,,,,/users/cooperfoster/desktop/hoops/box_scores/202501060PHI_PHI_basic.csv,/users/cooperfoster/desktop/hoops/box_scores/202501060PHI_PHI_advance.csv,/users/cooperfoster/desktop/hoops/box_scores/202501060PHI_PHO_basic.csv,/users/cooperfoster/desktop/hoops/box_scores/202501060PHI_PHO_advance.csv,,,,,,,,,,,,,
202503030PHI,,,,,,,,,,,,,,,,,,,,,,,,,,,,,,,,,,,,,,,,,,,,,/users/cooperfoster/desktop/hoops/box_scores/202503030PHI_PHI_basic.csv,/users/cooperfoster/desktop/hoops/box_scores/202503030PHI_PHI_advance.csv,,,/users/cooperfoster/desktop/hoops/box_scores/202503030PHI_POR_basic.csv,/users/cooperfoster/desktop/hoops/box_scores/202503030PHI_POR_advance.csv,,,,,,,,,,,
202501290PHI,,,,,,,,,,,,,,,,,,,,,,,,,,,,,,,,,,,,,,,,,,,,,/users/cooperfoster/desktop/hoops/box_scores/202501290PHI_PHI_basic.csv,/users/cooperfoster/desktop/hoops/box_scores/202501290PHI_PHI_advance.csv,,,,,/users/cooperfoster/desktop/hoops/box_scores/202501290PHI_SAC_basic.csv,/users/cooperfoster/desktop/hoops/box_scores/202501290PHI_SAC_advance.csv,,,,,,,,,
202412230PHI,,,,,,,,,,,,,,,,,,,,,,,,,,,,,,,,,,,,,,,,,,,,,/users/cooperfoster/desktop/hoops/box_scores/202412230PHI_PHI_basic.csv,/users/cooperfoster/desktop/hoops/box_scores/202412230PHI_PHI_advance.csv,,,,,,,/users/cooperfoster/desktop/hoops/box_scores/202412230PHI_SAS_basic.csv,/users/cooperfoster/desktop/hoops/box_scores/202412230PHI_SAS_advance.csv,,,,,,,
202502110PHI,,,,,,,,,,,,,,,,,,,,,,,,,,,,,,,,,,,,,,,,,,,,,/users/cooperfoster/desktop/hoops/box_scores/202502110PHI_PHI_basic.csv,/users/cooperfoster/desktop/hoops/box_scores/202502110PHI_PHI_advance.csv,,,,,,,,,/users/cooperfoster/desktop/hoops/box_scores/202502110PHI_TOR_basic.csv,/users/cooperfoster/desktop/hoops/box_scores/202502110PHI_TOR_advance.csv,,,,,
202503300PHI,,,,,,,,,,,,,,,,,,,,,,,,,,,,,,,,,,,,,,,,,,,,,/users/cooperfoster/desktop/hoops/box_scores/202503300PHI_PHI_basic.csv,/users/cooperfoster/desktop/hoops/box_scores/202503300PHI_PHI_advance.csv,,,,,,,,,/users/cooperfoster/desktop/hoops/box_scores/202503300PHI_TOR_basic.csv,/users/cooperfoster/desktop/hoops/box_scores/202503300PHI_TOR_advance.csv,,,,,
202503090PHI,,,,,,,,,,,,,,,,,,,,,,,,,,,,,,,,,,,,,,,,,,,,,/users/cooperfoster/desktop/hoops/box_scores/202503090PHI_PHI_basic.csv,/users/cooperfoster/desktop/hoops/box_scores/202503090PHI_PHI_advance.csv,,,,,,,,,,,/users/cooperfoster/desktop/hoops/box_scores/202503090PHI_UTA_basic.csv,/users/cooperfoster/desktop/hoops/box_scores/202503090PHI_UTA_advance.csv,,,
202501080PHI,,,,,,,,,,,,,,,,,,,,,,,,,,,,,,,,,,,,,,,,,,,,,/users/cooperfoster/desktop/hoops/box_scores/202501080PHI_PHI_basic.csv,/users/cooperfoster/desktop/hoops/box_scores/202501080PHI_PHI_advance.csv,,,,,,,,,,,,,/users/cooperfoster/desktop/hoops/box_scores/202501080PHI_WAS_basic.csv,/users/cooperfoster/desktop/hoops/box_scores/202501080PHI_WAS_advance.csv,
202503260PHI,,,,,,,,,,,,,,,,,,,,,,,,,,,,,,,,,,,,,,,,,,,,,/users/cooperfoster/desktop/hoops/box_scores/202503260PHI_PHI_basic.csv,/users/cooperfoster/desktop/hoops/box_scores/202503260PHI_PHI_advance.csv,,,,,,,,,,,,,/users/cooperfoster/desktop/hoops/box_scores/202503260PHI_WAS_basic.csv,/users/cooperfoster/desktop/hoops/box_scores/202503260PHI_WAS_advance.csv,
202501090PHO,/users/cooperfoster/desktop/hoops/box_scores/202501090PHO_ATL_basic.csv,/users/cooperfoster/desktop/hoops/box_scores/202501090PHO_ATL_advance.csv,,,,,,,,,,,,,,,,,,,,,,,,,,,,,,,,,,,,,,,,,,,,,/users/cooperfoster/desktop/hoops/box_scores/202501090PHO_PHO_basic.csv,/users/cooperfoster/desktop/hoops/box_scores/202501090PHO_PHO_advance.csv,,,,,,,,,,,,,
202411270PHO,,,/users/cooperfoster/desktop/hoops/box_scores/202411270PHO_BRK_basic.csv,/users/cooperfoster/desktop/hoops/box_scores/202411270PHO_BRK_advance.csv,,,,,,,,,,,,,,,,,,,,,,,,,,,,,,,,,,,,,,,,,,,/users/cooperfoster/desktop/hoops/box_scores/202411270PHO_PHO_basic.csv,/users/cooperfoster/desktop/hoops/box_scores/202411270PHO_PHO_advance.csv,,,,,,,,,,,,,
202503260PHO,,,,,/users/cooperfoster/desktop/hoops/box_scores/202503260PHO_BOS_basic.csv,/users/cooperfoster/desktop/hoops/box_scores/202503260PHO_BOS_advance.csv,,,,,,,,,,,,,,,,,,,,,,,,,,,,,,,,,,,,,,,,,/users/cooperfoster/desktop/hoops/box_scores/202503260PHO_PHO_basic.csv,/users/cooperfoster/desktop/hoops/box_scores/202503260PHO_PHO_advance.csv,,,,,,,,,,,,,
202503190PHO,,,,,,,/users/cooperfoster/desktop/hoops/box_scores/202503190PHO_CHI_basic.csv,/users/cooperfoster/desktop/hoops/box_scores/202503190PHO_CHI_advance.csv,,,,,,,,,,,,,,,,,,,,,,,,,,,,,,,,,,,,,,,/users/cooperfoster/desktop/hoops/box_scores/202503190PHO_PHO_basic.csv,/users/cooperfoster/desktop/hoops/box_scores/202503190PHO_PHO_advance.csv,,,,,,,,,,,,,
202501120PHO,,,,,,,,,/users/cooperfoster/desktop/hoops/box_scores/202501120PHO_CHO_basic.csv,/users/cooperfoster/desktop/hoops/box_scores/202501120PHO_CHO_advance.csv,,,,,,,,,,,,,,,,,,,,,,,,,,,,,,,,,,,,,/users/cooperfoster/desktop/hoops/box_scores/202501120PHO_PHO_basic.csv,/users/cooperfoster/desktop/hoops/box_scores/202501120PHO_PHO_advance.csv,,,,,,,,,,,,,
202503210PHO,,,,,,,,,,,/users/cooperfoster/desktop/hoops/box_scores/202503210PHO_CLE_basic.csv,/users/cooperfoster/desktop/hoops/box_scores/202503210PHO_CLE_advance.csv,,,,,,,,,,,,,,,,,,,,,,,,,,,,,,,,,,,/users/cooperfoster/desktop/hoops/box_scores/202503210PHO_PHO_basic.csv,/users/cooperfoster/desktop/hoops/box_scores/202503210PHO_PHO_advance.csv,,,,,,,,,,,,,
202410260PHO,,,,,,,,,,,,,/users/cooperfoster/desktop/hoops/box_scores/202410260PHO_DAL_basic.csv,/users/cooperfoster/desktop/hoops/box_scores/202410260PHO_DAL_advance.csv,,,,,,,,,,,,,,,,,,,,,,,,,,,,,,,,,/users/cooperfoster/desktop/hoops/box_scores/202410260PHO_PHO_basic.csv,/users/cooperfoster/desktop/hoops/box_scores/202410260PHO_PHO_advance.csv,,,,,,,,,,,,,
202412270PHO,,,,,,,,,,,,,/users/cooperfoster/desktop/hoops/box_scores/202412270PHO_DAL_basic.csv,/users/cooperfoster/desktop/hoops/box_scores/202412270PHO_DAL_advance.csv,,,,,,,,,,,,,,,,,,,,,,,,,,,,,,,,,/users/cooperfoster/desktop/hoops/box_scores/202412270PHO_PHO_basic.csv,/users/cooperfoster/desktop/hoops/box_scores/202412270PHO_PHO_advance.csv,,,,,,,,,,,,,
202412250PHO,,,,,,,,,,,,,,,/users/cooperfoster/desktop/hoops/box_scores/202412250PHO_DEN_basic.csv,/users/cooperfoster/desktop/hoops/box_scores/202412250PHO_DEN_advance.csv,,,,,,,,,,,,,,,,,,,,,,,,,,,,,,,/users/cooperfoster/desktop/hoops/box_scores/202412250PHO_PHO_basic.csv,/users/cooperfoster/desktop/hoops/box_scores/202412250PHO_PHO_advance.csv,,,,,,,,,,,,,
202502080PHO,,,,,,,,,,,,,,,/users/cooperfoster/desktop/hoops/box_scores/202502080PHO_DEN_basic.csv,/users/cooperfoster/desktop/hoops/box_scores/202502080PHO_DEN_advance.csv,,,,,,,,,,,,,,,,,,,,,,,,,,,,,,,/users/cooperfoster/desktop/hoops/box_scores/202502080PHO_PHO_basic.csv,/users/cooperfoster/desktop/hoops/box_scores/202502080PHO_PHO_advance.csv,,,,,,,,,,,,,
202412210PHO,,,,,,,,,,,,,,,,,/users/cooperfoster/desktop/hoops/box_scores/202412210PHO_DET_basic.csv,/users/cooperfoster/desktop/hoops/box_scores/202412210PHO_DET_advance.csv,,,,,,,,,,,,,,,,,,,,,,,,,,,,,/users/cooperfoster/desktop/hoops/box_scores/202412210PHO_PHO_basic.csv,/users/cooperfoster/desktop/hoops/box_scores/202412210PHO_PHO_advance.csv,,,,,,,,,,,,,
202411300PHO,,,,,,,,,,,,,,,,,,,/users/cooperfoster/desktop/hoops/box_scores/202411300PHO_GSW_basic.csv,/users/cooperfoster/desktop/hoops/box_scores/202411300PHO_GSW_advance.csv,,,,,,,,,,,,,,,,,,,,,,,,,,,/users/cooperfoster/desktop/hoops/box_scores/202411300PHO_PHO_basic.csv,/users/cooperfoster/desktop/hoops/box_scores/202411300PHO_PHO_advance.csv,,,,,,,,,,,,,
202504080PHO,,,,,,,,,,,,,,,,,,,/users/cooperfoster/desktop/hoops/box_scores/202504080PHO_GSW_basic.csv,/users/cooperfoster/desktop/hoops/box_scores/202504080PHO_GSW_advance.csv,,,,,,,,,,,,,,,,,,,,,,,,,,,/users/cooperfoster/desktop/hoops/box_scores/202504080PHO_PHO_basic.csv,/users/cooperfoster/desktop/hoops/box_scores/202504080PHO_PHO_advance.csv,,,,,,,,,,,,,
202503300PHO,,,,,,,,,,,,,,,,,,,,,/users/cooperfoster/desktop/hoops/box_scores/202503300PHO_HOU_basic.csv,/users/cooperfoster/desktop/hoops/box_scores/202503300PHO_HOU_advance.csv,,,,,,,,,,,,,,,,,,,,,,,,,/users/cooperfoster/desktop/hoops/box_scores/202503300PHO_PHO_basic.csv,/users/cooperfoster/desktop/hoops/box_scores/202503300PHO_PHO_advance.csv,,,,,,,,,,,,,
202412190PHO,,,,,,,,,,,,,,,,,,,,,,,/users/cooperfoster/desktop/hoops/box_scores/202412190PHO_IND_basic.csv,/users/cooperfoster/desktop/hoops/box_scores/202412190PHO_IND_advance.csv,,,,,,,,,,,,,,,,,,,,,,,/users/cooperfoster/desktop/hoops/box_scores/202412190PHO_PHO_basic.csv,/users/cooperfoster/desktop/hoops/box_scores/202412190PHO_PHO_advance.csv,,,,,,,,,,,,,
202501270PHO,,,,,,,,,,,,,,,,,,,,,,,,,/users/cooperfoster/desktop/hoops/box_scores/202501270PHO_LAC_basic.csv,/users/cooperfoster/desktop/hoops/box_scores/202501270PHO_LAC_advance.csv,,,,,,,,,,,,,,,,,,,,,/users/cooperfoster/desktop/hoops/box_scores/202501270PHO_PHO_basic.csv,/users/cooperfoster/desktop/hoops/box_scores/202501270PHO_PHO_advance.csv,,,,,,,,,,,,,
202503040PHO,,,,,,,,,,,,,,,,,,,,,,,,,/users/cooperfoster/desktop/hoops/box_scores/202503040PHO_LAC_basic.csv,/users/cooperfoster/desktop/hoops/box_scores/202503040PHO_LAC_advance.csv,,,,,,,,,,,,,,,,,,,,,/users/cooperfoster/desktop/hoops/box_scores/202503040PHO_PHO_basic.csv,/users/cooperfoster/desktop/hoops/box_scores/202503040PHO_PHO_advance.csv,,,,,,,,,,,,,
202410280PHO,,,,,,,,,,,,,,,,,,,,,,,,,,,/users/cooperfoster/desktop/hoops/box_scores/202410280PHO_LAL_basic.csv,/users/cooperfoster/desktop/hoops/box_scores/202410280PHO_LAL_advance.csv,,,,,,,,,,,,,,,,,,,/users/cooperfoster/desktop/hoops/box_scores/202410280PHO_PHO_basic.csv,/users/cooperfoster/desktop/hoops/box_scores/202410280PHO_PHO_advance.csv,,,,,,,,,,,,,
202411260PHO,,,,,,,,,,,,,,,,,,,,,,,,,,,/users/cooperfoster/desktop/hoops/box_scores/202411260PHO_LAL_basic.csv,/users/cooperfoster/desktop/hoops/box_scores/202411260PHO_LAL_advance.csv,,,,,,,,,,,,,,,,,,,/users/cooperfoster/desktop/hoops/box_scores/202411260PHO_PHO_basic.csv,/users/cooperfoster/desktop/hoops/box_scores/202411260PHO_PHO_advance.csv,,,,,,,,,,,,,
202412310PHO,,,,,,,,,,,,,,,,,,,,,,,,,,,,,/users/cooperfoster/desktop/hoops/box_scores/202412310PHO_MEM_basic.csv,/users/cooperfoster/desktop/hoops/box_scores/202412310PHO_MEM_advance.csv,,,,,,,,,,,,,,,,,/users/cooperfoster/desktop/hoops/box_scores/202412310PHO_PHO_basic.csv,/users/cooperfoster/desktop/hoops/box_scores/202412310PHO_PHO_advance.csv,,,,,,,,,,,,,
202502110PHO,,,,,,,,,,,,,,,,,,,,,,,,,,,,,/users/cooperfoster/desktop/hoops/box_scores/202502110PHO_MEM_basic.csv,/users/cooperfoster/desktop/hoops/box_scores/202502110PHO_MEM_advance.csv,,,,,,,,,,,,,,,,,/users/cooperfoster/desktop/hoops/box_scores/202502110PHO_PHO_basic.csv,/users/cooperfoster/desktop/hoops/box_scores/202502110PHO_PHO_advance.csv,,,,,,,,,,,,,
202411060PHO,,,,,,,,,,,,,,,,,,,,,,,,,,,,,,,/users/cooperfoster/desktop/hoops/box_scores/202411060PHO_MIA_basic.csv,/users/cooperfoster/desktop/hoops/box_scores/202411060PHO_MIA_advance.csv,,,,,,,,,,,,,,,/users/cooperfoster/desktop/hoops/box_scores/202411060PHO_PHO_basic.csv,/users/cooperfoster/desktop/hoops/box_scores/202411060PHO_PHO_advance.csv,,,,,,,,,,,,,
202503240PHO,,,,,,,,,,,,,,,,,,,,,,,,,,,,,,,,,/users/cooperfoster/desktop/hoops/box_scores/202503240PHO_MIL_basic.csv,/users/cooperfoster/desktop/hoops/box_scores/202503240PHO_MIL_advance.csv,,,,,,,,,,,,,/users/cooperfoster/desktop/hoops/box_scores/202503240PHO_PHO_basic.csv,/users/cooperfoster/desktop/hoops/box_scores/202503240PHO_PHO_advance.csv,,,,,,,,,,,,,
202501290PHO,,,,,,,,,,,,,,,,,,,,,,,,,,,,,,,,,,,/users/cooperfoster/desktop/hoops/box_scores/202501290PHO_MIN_basic.csv,/users/cooperfoster/desktop/hoops/box_scores/202501290PHO_MIN_advance.csv,,,,,,,,,,,/users/cooperfoster/desktop/hoops/box_scores/202501290PHO_PHO_basic.csv,/users/cooperfoster/desktop/hoops/box_scores/202501290PHO_PHO_advance.csv,,,,,,,,,,,,,
202503020PHO,,,,,,,,,,,,,,,,,,,,,,,,,,,,,,,,,,,/users/cooperfoster/desktop/hoops/box_scores/202503020PHO_MIN_basic.csv,/users/cooperfoster/desktop/hoops/box_scores/202503020PHO_MIN_advance.csv,,,,,,,,,,,/users/cooperfoster/desktop/hoops/box_scores/202503020PHO_PHO_basic.csv,/users/cooperfoster/desktop/hoops/box_scores/202503020PHO_PHO_advance.csv,,,,,,,,,,,,,
202502270PHO,,,,,,,,,,,,,,,,,,,,,,,,,,,,,,,,,,,,,/users/cooperfoster/desktop/hoops/box_scores/202502270PHO_NOP_basic.csv,/users/cooperfoster/desktop/hoops/box_scores/202502270PHO_NOP_advance.csv,,,,,,,,,/users/cooperfoster/desktop/hoops/box_scores/202502270PHO_PHO_basic.csv,/users/cooperfoster/desktop/hoops/box_scores/202502270PHO_PHO_advance.csv,,,,,,,,,,,,,
202502280PHO,,,,,,,,,,,,,,,,,,,,,,,,,,,,,,,,,,,,,/users/cooperfoster/desktop/hoops/box_scores/202502280PHO_NOP_basic.csv,/users/cooperfoster/desktop/hoops/box_scores/202502280PHO_NOP_advance.csv,,,,,,,,,/users/cooperfoster/desktop/hoops/box_scores/202502280PHO_PHO_basic.csv,/users/cooperfoster/desktop/hoops/box_scores/202502280PHO_PHO_advance.csv,,,,,,,,,,,,,
202411200PHO,,,,,,,,,,,,,,,,,,,,,,,,,,,,,,,,,,,,,,,/users/cooperfoster/desktop/hoops/box_scores/202411200PHO_NYK_basic.csv,/users/cooperfoster/desktop/hoops/box_scores/202411200PHO_NYK_advance.csv,,,,,,,/users/cooperfoster/desktop/hoops/box_scores/202411200PHO_PHO_basic.csv,/users/cooperfoster/desktop/hoops/box_scores/202411200PHO_PHO_advance.csv,,,,,,,,,,,,,
202504090PHO,,,,,,,,,,,,,,,,,,,,,,,,,,,,,,,,,,,,,,,,,/users/cooperfoster/desktop/hoops/box_scores/202504090PHO_OKC_basic.csv,/users/cooperfoster/desktop/hoops/box_scores/202504090PHO_OKC_advance.csv,,,,,/users/cooperfoster/desktop/hoops/box_scores/202504090PHO_PHO_basic.csv,/users/cooperfoster/desktop/hoops/box_scores/202504090PHO_PHO_advance.csv,,,,,,,,,,,,,
202411180PHO,,,,,,,,,,,,,,,,,,,,,,,,,,,,,,,,,,,,,,,,,,,/users/cooperfoster/desktop/hoops/box_scores/202411180PHO_ORL_basic.csv,/users/cooperfoster/desktop/hoops/box_scores/202411180PHO_ORL_advance.csv,,,/users/cooperfoster/desktop/hoops/box_scores/202411180PHO_PHO_basic.csv,/users/cooperfoster/desktop/hoops/box_scores/202411180PHO_PHO_advance.csv,,,,,,,,,,,,,
202411040PHO,,,,,,,,,,,,,,,,,,,,,,,,,,,,,,,,,,,,,,,,,,,,,/users/cooperfoster/desktop/hoops/box_scores/202411040PHO_PHI_basic.csv,/users/cooperfoster/desktop/hoops/box_scores/202411040PHO_PHI_advance.csv,/users/cooperfoster/desktop/hoops/box_scores/202411040PHO_PHO_basic.csv,/users/cooperfoster/desktop/hoops/box_scores/202411040PHO_PHO_advance.csv,,,,,,,,,,,,,
202411020PHO,,,,,,,,,,,,,,,,,,,,,,,,,,,,,,,,,,,,,,,,,,,,,,,/users/cooperfoster/desktop/hoops/box_scores/202411020PHO_PHO_basic.csv,/users/cooperfoster/desktop/hoops/box_scores/202411020PHO_PHO_advance.csv,/users/cooperfoster/desktop/hoops/box_scores/202411020PHO_POR_basic.csv,/users/cooperfoster/desktop/hoops/box_scores/202411020PHO_POR_advance.csv,,,,,,,,,,,
202412150PHO,,,,,,,,,,,,,,,,,,,,,,,,,,,,,,,,,,,,,,,,,,,,,,,/users/cooperfoster/desktop/hoops/box_scores/202412150PHO_PHO_basic.csv,/users/cooperfoster/desktop/hoops/box_scores/202412150PHO_PHO_advance.csv,/users/cooperfoster/desktop/hoops/box_scores/202412150PHO_POR_basic.csv,/users/cooperfoster/desktop/hoops/box_scores/202412150PHO_POR_advance.csv,,,,,,,,,,,
202411100PHO,,,,,,,,,,,,,,,,,,,,,,,,,,,,,,,,,,,,,,,,,,,,,,,/users/cooperfoster/desktop/hoops/box_scores/202411100PHO_PHO_basic.csv,/users/cooperfoster/desktop/hoops/box_scores/202411100PHO_PHO_advance.csv,,,/users/cooperfoster/desktop/hoops/box_scores/202411100PHO_SAC_basic.csv,/users/cooperfoster/desktop/hoops/box_scores/202411100PHO_SAC_advance.csv,,,,,,,,,
202503140PHO,,,,,,,,,,,,,,,,,,,,,,,,,,,,,,,,,,,,,,,,,,,,,,,/users/cooperfoster/desktop/hoops/box_scores/202503140PHO_PHO_basic.csv,/users/cooperfoster/desktop/hoops/box_scores/202503140PHO_PHO_advance.csv,,,/users/cooperfoster/desktop/hoops/box_scores/202503140PHO_SAC_basic.csv,/users/cooperfoster/desktop/hoops/box_scores/202503140PHO_SAC_advance.csv,,,,,,,,,
202412030PHO,,,,,,,,,,,,,,,,,,,,,,,,,,,,,,,,,,,,,,,,,,,,,,,/users/cooperfoster/desktop/hoops/box_scores/202412030PHO_PHO_basic.csv,/users/cooperfoster/desktop/hoops/box_scores/202412030PHO_PHO_advance.csv,,,,,/users/cooperfoster/desktop/hoops/box_scores/202412030PHO_SAS_basic.csv,/users/cooperfoster/desktop/hoops/box_scores/202412030PHO_SAS_advance.csv,,,,,,,
202504110PHO,,,,,,,,,,,,,,,,,,,,,,,,,,,,,,,,,,,,,,,,,,,,,,,/users/cooperfoster/desktop/hoops/box_scores/202504110PHO_PHO_basic.csv,/users/cooperfoster/desktop/hoops/box_scores/202504110PHO_PHO_advance.csv,,,,,/users/cooperfoster/desktop/hoops/box_scores/202504110PHO_SAS_basic.csv,/users/cooperfoster/desktop/hoops/box_scores/202504110PHO_SAS_advance.csv,,,,,,,
202503170PHO,,,,,,,,,,,,,,,,,,,,,,,,,,,,,,,,,,,,,,,,,,,,,,,/users/cooperfoster/desktop/hoops/box_scores/202503170PHO_PHO_basic.csv,/users/cooperfoster/desktop/hoops/box_scores/202503170PHO_PHO_advance.csv,,,,,,,/users/cooperfoster/desktop/hoops/box_scores/202503170PHO_TOR_basic.csv,/users/cooperfoster/desktop/hoops/box_scores/202503170PHO_TOR_advance.csv,,,,,
202501110PHO,,,,,,,,,,,,,,,,,,,,,,,,,,,,,,,,,,,,,,,,,,,,,,,/users/cooperfoster/desktop/hoops/box_scores/202501110PHO_PHO_basic.csv,/users/cooperfoster/desktop/hoops/box_scores/202501110PHO_PHO_advance.csv,,,,,,,,,/users/cooperfoster/desktop/hoops/box_scores/202501110PHO_UTA_basic.csv,/users/cooperfoster/desktop/hoops/box_scores/202501110PHO_UTA_advance.csv,,,
202502070PHO,,,,,,,,,,,,,,,,,,,,,,,,,,,,,,,,,,,,,,,,,,,,,,,/users/cooperfoster/desktop/hoops/box_scores/202502070PHO_PHO_basic.csv,/users/cooperfoster/desktop/hoops/box_scores/202502070PHO_PHO_advance.csv,,,,,,,,,/users/cooperfoster/desktop/hoops/box_scores/202502070PHO_UTA_basic.csv,/users/cooperfoster/desktop/hoops/box_scores/202502070PHO_UTA_advance.csv,,,
202501250PHO,,,,,,,,,,,,,,,,,,,,,,,,,,,,,,,,,,,,,,,,,,,,,,,/users/cooperfoster/desktop/hoops/box_scores/202501250PHO_PHO_basic.csv,/users/cooperfoster/desktop/hoops/box_scores/202501250PHO_PHO_advance.csv,,,,,,,,,,,/users/cooperfoster/desktop/hoops/box_scores/202501250PHO_WAS_basic.csv,/users/cooperfoster/desktop/hoops/box_scores/202501250PHO_WAS_advance.csv,
202411170POR,/users/cooperfoster/desktop/hoops/box_scores/202411170POR_ATL_basic.csv,/users/cooperfoster/desktop/hoops/box_scores/202411170POR_ATL_advance.csv,,,,,,,,,,,,,,,,,,,,,,,,,,,,,,,,,,,,,,,,,,,,,,,/users/cooperfoster/desktop/hoops/box_scores/202411170POR_POR_basic.csv,/users/cooperfoster/desktop/hoops/box_scores/202411170POR_POR_advance.csv,,,,,,,,,,,
202501140POR,,,/users/cooperfoster/desktop/hoops/box_scores/202501140POR_BRK_basic.csv,/users/cooperfoster/desktop/hoops/box_scores/202501140POR_BRK_advance.csv,,,,,,,,,,,,,,,,,,,,,,,,,,,,,,,,,,,,,,,,,,,,,/users/cooperfoster/desktop/hoops/box_scores/202501140POR_POR_basic.csv,/users/cooperfoster/desktop/hoops/box_scores/202501140POR_POR_advance.csv,,,,,,,,,,,
202503230POR,,,,,/users/cooperfoster/desktop/hoops/box_scores/202503230POR_BOS_basic.csv,/users/cooperfoster/desktop/hoops/box_scores/202503230POR_BOS_advance.csv,,,,,,,,,,,,,,,,,,,,,,,,,,,,,,,,,,,,,,,,,,,/users/cooperfoster/desktop/hoops/box_scores/202503230POR_POR_basic.csv,/users/cooperfoster/desktop/hoops/box_scores/202503230POR_POR_advance.csv,,,,,,,,,,,
202501190POR,,,,,,,/users/cooperfoster/desktop/hoops/box_scores/202501190POR_CHI_basic.csv,/users/cooperfoster/desktop/hoops/box_scores/202501190POR_CHI_advance.csv,,,,,,,,,,,,,,,,,,,,,,,,,,,,,,,,,,,,,,,,,/users/cooperfoster/desktop/hoops/box_scores/202501190POR_POR_basic.csv,/users/cooperfoster/desktop/hoops/box_scores/202501190POR_POR_advance.csv,,,,,,,,,,,
202502220POR,,,,,,,,,/users/cooperfoster/desktop/hoops/box_scores/202502220POR_CHO_basic.csv,/users/cooperfoster/desktop/hoops/box_scores/202502220POR_CHO_advance.csv,,,,,,,,,,,,,,,,,,,,,,,,,,,,,,,,,,,,,,,/users/cooperfoster/desktop/hoops/box_scores/202502220POR_POR_basic.csv,/users/cooperfoster/desktop/hoops/box_scores/202502220POR_POR_advance.csv,,,,,,,,,,,
202503250POR,,,,,,,,,,,/users/cooperfoster/desktop/hoops/box_scores/202503250POR_CLE_basic.csv,/users/cooperfoster/desktop/hoops/box_scores/202503250POR_CLE_advance.csv,,,,,,,,,,,,,,,,,,,,,,,,,,,,,,,,,,,,,/users/cooperfoster/desktop/hoops/box_scores/202503250POR_POR_basic.csv,/users/cooperfoster/desktop/hoops/box_scores/202503250POR_POR_advance.csv,,,,,,,,,,,
202412010POR,,,,,,,,,,,,,/users/cooperfoster/desktop/hoops/box_scores/202412010POR_DAL_basic.csv,/users/cooperfoster/desktop/hoops/box_scores/202412010POR_DAL_advance.csv,,,,,,,,,,,,,,,,,,,,,,,,,,,,,,,,,,,/users/cooperfoster/desktop/hoops/box_scores/202412010POR_POR_basic.csv,/users/cooperfoster/desktop/hoops/box_scores/202412010POR_POR_advance.csv,,,,,,,,,,,
202412280POR,,,,,,,,,,,,,/users/cooperfoster/desktop/hoops/box_scores/202412280POR_DAL_basic.csv,/users/cooperfoster/desktop/hoops/box_scores/202412280POR_DAL_advance.csv,,,,,,,,,,,,,,,,,,,,,,,,,,,,,,,,,,,/users/cooperfoster/desktop/hoops/box_scores/202412280POR_POR_basic.csv,/users/cooperfoster/desktop/hoops/box_scores/202412280POR_POR_advance.csv,,,,,,,,,,,
202412190POR,,,,,,,,,,,,,,,/users/cooperfoster/desktop/hoops/box_scores/202412190POR_DEN_basic.csv,/users/cooperfoster/desktop/hoops/box_scores/202412190POR_DEN_advance.csv,,,,,,,,,,,,,,,,,,,,,,,,,,,,,,,,,/users/cooperfoster/desktop/hoops/box_scores/202412190POR_POR_basic.csv,/users/cooperfoster/desktop/hoops/box_scores/202412190POR_POR_advance.csv,,,,,,,,,,,
202503210POR,,,,,,,,,,,,,,,/users/cooperfoster/desktop/hoops/box_scores/202503210POR_DEN_basic.csv,/users/cooperfoster/desktop/hoops/box_scores/202503210POR_DEN_advance.csv,,,,,,,,,,,,,,,,,,,,,,,,,,,,,,,,,/users/cooperfoster/desktop/hoops/box_scores/202503210POR_POR_basic.csv,/users/cooperfoster/desktop/hoops/box_scores/202503210POR_POR_advance.csv,,,,,,,,,,,
202503090POR,,,,,,,,,,,,,,,,,/users/cooperfoster/desktop/hoops/box_scores/202503090POR_DET_basic.csv,/users/cooperfoster/desktop/hoops/box_scores/202503090POR_DET_advance.csv,,,,,,,,,,,,,,,,,,,,,,,,,,,,,,,/users/cooperfoster/desktop/hoops/box_scores/202503090POR_POR_basic.csv,/users/cooperfoster/desktop/hoops/box_scores/202503090POR_POR_advance.csv,,,,,,,,,,,
202410230POR,,,,,,,,,,,,,,,,,,,/users/cooperfoster/desktop/hoops/box_scores/202410230POR_GSW_basic.csv,/users/cooperfoster/desktop/hoops/box_scores/202410230POR_GSW_advance.csv,,,,,,,,,,,,,,,,,,,,,,,,,,,,,/users/cooperfoster/desktop/hoops/box_scores/202410230POR_POR_basic.csv,/users/cooperfoster/desktop/hoops/box_scores/202410230POR_POR_advance.csv,,,,,,,,,,,
202504110POR,,,,,,,,,,,,,,,,,,,/users/cooperfoster/desktop/hoops/box_scores/202504110POR_GSW_basic.csv,/users/cooperfoster/desktop/hoops/box_scores/202504110POR_GSW_advance.csv,,,,,,,,,,,,,,,,,,,,,,,,,,,,,/users/cooperfoster/desktop/hoops/box_scores/202504110POR_POR_basic.csv,/users/cooperfoster/desktop/hoops/box_scores/202504110POR_POR_advance.csv,,,,,,,,,,,
202501180POR,,,,,,,,,,,,,,,,,,,,,/users/cooperfoster/desktop/hoops/box_scores/202501180POR_HOU_basic.csv,/users/cooperfoster/desktop/hoops/box_scores/202501180POR_HOU_advance.csv,,,,,,,,,,,,,,,,,,,,,,,,,,,/users/cooperfoster/desktop/hoops/box_scores/202501180POR_POR_basic.csv,/users/cooperfoster/desktop/hoops/box_scores/202501180POR_POR_advance.csv,,,,,,,,,,,
202502040POR,,,,,,,,,,,,,,,,,,,,,,,/users/cooperfoster/desktop/hoops/box_scores/202502040POR_IND_basic.csv,/users/cooperfoster/desktop/hoops/box_scores/202502040POR_IND_advance.csv,,,,,,,,,,,,,,,,,,,,,,,,,/users/cooperfoster/desktop/hoops/box_scores/202502040POR_POR_basic.csv,/users/cooperfoster/desktop/hoops/box_scores/202502040POR_POR_advance.csv,,,,,,,,,,,
202501160POR,,,,,,,,,,,,,,,,,,,,,,,,,/users/cooperfoster/desktop/hoops/box_scores/202501160POR_LAC_basic.csv,/users/cooperfoster/desktop/hoops/box_scores/202501160POR_LAC_advance.csv,,,,,,,,,,,,,,,,,,,,,,,/users/cooperfoster/desktop/hoops/box_scores/202501160POR_POR_basic.csv,/users/cooperfoster/desktop/hoops/box_scores/202501160POR_POR_advance.csv,,,,,,,,,,,
202502200POR,,,,,,,,,,,,,,,,,,,,,,,,,,,/users/cooperfoster/desktop/hoops/box_scores/202502200POR_LAL_basic.csv,/users/cooperfoster/desktop/hoops/box_scores/202502200POR_LAL_advance.csv,,,,,,,,,,,,,,,,,,,,,/users/cooperfoster/desktop/hoops/box_scores/202502200POR_POR_basic.csv,/users/cooperfoster/desktop/hoops/box_scores/202502200POR_POR_advance.csv,,,,,,,,,,,
202504130POR,,,,,,,,,,,,,,,,,,,,,,,,,,,/users/cooperfoster/desktop/hoops/box_scores/202504130POR_LAL_basic.csv,/users/cooperfoster/desktop/hoops/box_scores/202504130POR_LAL_advance.csv,,,,,,,,,,,,,,,,,,,,,/users/cooperfoster/desktop/hoops/box_scores/202504130POR_POR_basic.csv,/users/cooperfoster/desktop/hoops/box_scores/202504130POR_POR_advance.csv,,,,,,,,,,,
202411100POR,,,,,,,,,,,,,,,,,,,,,,,,,,,,,/users/cooperfoster/desktop/hoops/box_scores/202411100POR_MEM_basic.csv,/users/cooperfoster/desktop/hoops/box_scores/202411100POR_MEM_advance.csv,,,,,,,,,,,,,,,,,,,/users/cooperfoster/desktop/hoops/box_scores/202411100POR_POR_basic.csv,/users/cooperfoster/desktop/hoops/box_scores/202411100POR_POR_advance.csv,,,,,,,,,,,
202503190POR,,,,,,,,,,,,,,,,,,,,,,,,,,,,,/users/cooperfoster/desktop/hoops/box_scores/202503190POR_MEM_basic.csv,/users/cooperfoster/desktop/hoops/box_scores/202503190POR_MEM_advance.csv,,,,,,,,,,,,,,,,,,,/users/cooperfoster/desktop/hoops/box_scores/202503190POR_POR_basic.csv,/users/cooperfoster/desktop/hoops/box_scores/202503190POR_POR_advance.csv,,,,,,,,,,,
202501110POR,,,,,,,,,,,,,,,,,,,,,,,,,,,,,,,/users/cooperfoster/desktop/hoops/box_scores/202501110POR_MIA_basic.csv,/users/cooperfoster/desktop/hoops/box_scores/202501110POR_MIA_advance.csv,,,,,,,,,,,,,,,,,/users/cooperfoster/desktop/hoops/box_scores/202501110POR_POR_basic.csv,/users/cooperfoster/desktop/hoops/box_scores/202501110POR_POR_advance.csv,,,,,,,,,,,
202501280POR,,,,,,,,,,,,,,,,,,,,,,,,,,,,,,,,,/users/cooperfoster/desktop/hoops/box_scores/202501280POR_MIL_basic.csv,/users/cooperfoster/desktop/hoops/box_scores/202501280POR_MIL_advance.csv,,,,,,,,,,,,,,,/users/cooperfoster/desktop/hoops/box_scores/202501280POR_POR_basic.csv,/users/cooperfoster/desktop/hoops/box_scores/202501280POR_POR_advance.csv,,,,,,,,,,,
202411120POR,,,,,,,,,,,,,,,,,,,,,,,,,,,,,,,,,,,/users/cooperfoster/desktop/hoops/box_scores/202411120POR_MIN_basic.csv,/users/cooperfoster/desktop/hoops/box_scores/202411120POR_MIN_advance.csv,,,,,,,,,,,,,/users/cooperfoster/desktop/hoops/box_scores/202411120POR_POR_basic.csv,/users/cooperfoster/desktop/hoops/box_scores/202411120POR_POR_advance.csv,,,,,,,,,,,
202411130POR,,,,,,,,,,,,,,,,,,,,,,,,,,,,,,,,,,,/users/cooperfoster/desktop/hoops/box_scores/202411130POR_MIN_basic.csv,/users/cooperfoster/desktop/hoops/box_scores/202411130POR_MIN_advance.csv,,,,,,,,,,,,,/users/cooperfoster/desktop/hoops/box_scores/202411130POR_POR_basic.csv,/users/cooperfoster/desktop/hoops/box_scores/202411130POR_POR_advance.csv,,,,,,,,,,,
202410250POR,,,,,,,,,,,,,,,,,,,,,,,,,,,,,,,,,,,,,/users/cooperfoster/desktop/hoops/box_scores/202410250POR_NOP_basic.csv,/users/cooperfoster/desktop/hoops/box_scores/202410250POR_NOP_advance.csv,,,,,,,,,,,/users/cooperfoster/desktop/hoops/box_scores/202410250POR_POR_basic.csv,/users/cooperfoster/desktop/hoops/box_scores/202410250POR_POR_advance.csv,,,,,,,,,,,
202410270POR,,,,,,,,,,,,,,,,,,,,,,,,,,,,,,,,,,,,,/users/cooperfoster/desktop/hoops/box_scores/202410270POR_NOP_basic.csv,/users/cooperfoster/desktop/hoops/box_scores/202410270POR_NOP_advance.csv,,,,,,,,,,,/users/cooperfoster/desktop/hoops/box_scores/202410270POR_POR_basic.csv,/users/cooperfoster/desktop/hoops/box_scores/202410270POR_POR_advance.csv,,,,,,,,,,,
202503120POR,,,,,,,,,,,,,,,,,,,,,,,,,,,,,,,,,,,,,,,/users/cooperfoster/desktop/hoops/box_scores/202503120POR_NYK_basic.csv,/users/cooperfoster/desktop/hoops/box_scores/202503120POR_NYK_advance.csv,,,,,,,,,/users/cooperfoster/desktop/hoops/box_scores/202503120POR_POR_basic.csv,/users/cooperfoster/desktop/hoops/box_scores/202503120POR_POR_advance.csv,,,,,,,,,,,
202411010POR,,,,,,,,,,,,,,,,,,,,,,,,,,,,,,,,,,,,,,,,,/users/cooperfoster/desktop/hoops/box_scores/202411010POR_OKC_basic.csv,/users/cooperfoster/desktop/hoops/box_scores/202411010POR_OKC_advance.csv,,,,,,,/users/cooperfoster/desktop/hoops/box_scores/202411010POR_POR_basic.csv,/users/cooperfoster/desktop/hoops/box_scores/202411010POR_POR_advance.csv,,,,,,,,,,,
202501260POR,,,,,,,,,,,,,,,,,,,,,,,,,,,,,,,,,,,,,,,,,/users/cooperfoster/desktop/hoops/box_scores/202501260POR_OKC_basic.csv,/users/cooperfoster/desktop/hoops/box_scores/202501260POR_OKC_advance.csv,,,,,,,/users/cooperfoster/desktop/hoops/box_scores/202501260POR_POR_basic.csv,/users/cooperfoster/desktop/hoops/box_scores/202501260POR_POR_advance.csv,,,,,,,,,,,
202501300POR,,,,,,,,,,,,,,,,,,,,,,,,,,,,,,,,,,,,,,,,,,,/users/cooperfoster/desktop/hoops/box_scores/202501300POR_ORL_basic.csv,/users/cooperfoster/desktop/hoops/box_scores/202501300POR_ORL_advance.csv,,,,,/users/cooperfoster/desktop/hoops/box_scores/202501300POR_POR_basic.csv,/users/cooperfoster/desktop/hoops/box_scores/202501300POR_POR_advance.csv,,,,,,,,,,,
202412300POR,,,,,,,,,,,,,,,,,,,,,,,,,,,,,,,,,,,,,,,,,,,,,/users/cooperfoster/desktop/hoops/box_scores/202412300POR_PHI_basic.csv,/users/cooperfoster/desktop/hoops/box_scores/202412300POR_PHI_advance.csv,,,/users/cooperfoster/desktop/hoops/box_scores/202412300POR_POR_basic.csv,/users/cooperfoster/desktop/hoops/box_scores/202412300POR_POR_advance.csv,,,,,,,,,,,
202502010POR,,,,,,,,,,,,,,,,,,,,,,,,,,,,,,,,,,,,,,,,,,,,,,,/users/cooperfoster/desktop/hoops/box_scores/202502010POR_PHO_basic.csv,/users/cooperfoster/desktop/hoops/box_scores/202502010POR_PHO_advance.csv,/users/cooperfoster/desktop/hoops/box_scores/202502010POR_POR_basic.csv,/users/cooperfoster/desktop/hoops/box_scores/202502010POR_POR_advance.csv,,,,,,,,,,,
202502030POR,,,,,,,,,,,,,,,,,,,,,,,,,,,,,,,,,,,,,,,,,,,,,,,/users/cooperfoster/desktop/hoops/box_scores/202502030POR_PHO_basic.csv,/users/cooperfoster/desktop/hoops/box_scores/202502030POR_PHO_advance.csv,/users/cooperfoster/desktop/hoops/box_scores/202502030POR_POR_basic.csv,/users/cooperfoster/desktop/hoops/box_scores/202502030POR_POR_advance.csv,,,,,,,,,,,
202411290POR,,,,,,,,,,,,,,,,,,,,,,,,,,,,,,,,,,,,,,,,,,,,,,,,,/users/cooperfoster/desktop/hoops/box_scores/202411290POR_POR_basic.csv,/users/cooperfoster/desktop/hoops/box_scores/202411290POR_POR_advance.csv,/users/cooperfoster/desktop/hoops/box_scores/202411290POR_SAC_basic.csv,/users/cooperfoster/desktop/hoops/box_scores/202411290POR_SAC_advance.csv,,,,,,,,,
202502060POR,,,,,,,,,,,,,,,,,,,,,,,,,,,,,,,,,,,,,,,,,,,,,,,,,/users/cooperfoster/desktop/hoops/box_scores/202502060POR_POR_basic.csv,/users/cooperfoster/desktop/hoops/box_scores/202502060POR_POR_advance.csv,/users/cooperfoster/desktop/hoops/box_scores/202502060POR_SAC_basic.csv,/users/cooperfoster/desktop/hoops/box_scores/202502060POR_SAC_advance.csv,,,,,,,,,
202412130POR,,,,,,,,,,,,,,,,,,,,,,,,,,,,,,,,,,,,,,,,,,,,,,,,,/users/cooperfoster/desktop/hoops/box_scores/202412130POR_POR_basic.csv,/users/cooperfoster/desktop/hoops/box_scores/202412130POR_POR_advance.csv,,,/users/cooperfoster/desktop/hoops/box_scores/202412130POR_SAS_basic.csv,/users/cooperfoster/desktop/hoops/box_scores/202412130POR_SAS_advance.csv,,,,,,,
202504060POR,,,,,,,,,,,,,,,,,,,,,,,,,,,,,,,,,,,,,,,,,,,,,,,,,/users/cooperfoster/desktop/hoops/box_scores/202504060POR_POR_basic.csv,/users/cooperfoster/desktop/hoops/box_scores/202504060POR_POR_advance.csv,,,/users/cooperfoster/desktop/hoops/box_scores/202504060POR_SAS_basic.csv,/users/cooperfoster/desktop/hoops/box_scores/202504060POR_SAS_advance.csv,,,,,,,
202503160POR,,,,,,,,,,,,,,,,,,,,,,,,,,,,,,,,,,,,,,,,,,,,,,,,,/users/cooperfoster/desktop/hoops/box_scores/202503160POR_POR_basic.csv,/users/cooperfoster/desktop/hoops/box_scores/202503160POR_POR_advance.csv,,,,,/users/cooperfoster/desktop/hoops/box_scores/202503160POR_TOR_basic.csv,/users/cooperfoster/desktop/hoops/box_scores/202503160POR_TOR_advance.csv,,,,,
202412060POR,,,,,,,,,,,,,,,,,,,,,,,,,,,,,,,,,,,,,,,,,,,,,,,,,/users/cooperfoster/desktop/hoops/box_scores/202412060POR_POR_basic.csv,/users/cooperfoster/desktop/hoops/box_scores/202412060POR_POR_advance.csv,,,,,,,/users/cooperfoster/desktop/hoops/box_scores/202412060POR_UTA_basic.csv,/users/cooperfoster/desktop/hoops/box_scores/202412060POR_UTA_advance.csv,,,
202412260POR,,,,,,,,,,,,,,,,,,,,,,,,,,,,,,,,,,,,,,,,,,,,,,,,,/users/cooperfoster/desktop/hoops/box_scores/202412260POR_POR_basic.csv,/users/cooperfoster/desktop/hoops/box_scores/202412260POR_POR_advance.csv,,,,,,,/users/cooperfoster/desktop/hoops/box_scores/202412260POR_UTA_basic.csv,/users/cooperfoster/desktop/hoops/box_scores/202412260POR_UTA_advance.csv,,,
202503170POR,,,,,,,,,,,,,,,,,,,,,,,,,,,,,,,,,,,,,,,,,,,,,,,,,/users/cooperfoster/desktop/hoops/box_scores/202503170POR_POR_basic.csv,/users/cooperfoster/desktop/hoops/box_scores/202503170POR_POR_advance.csv,,,,,,,,,/users/cooperfoster/desktop/hoops/box_scores/202503170POR_WAS_basic.csv,/users/cooperfoster/desktop/hoops/box_scores/202503170POR_WAS_advance.csv,
202411180SAC,/users/cooperfoster/desktop/hoops/box_scores/202411180SAC_ATL_basic.csv,/users/cooperfoster/desktop/hoops/box_scores/202411180SAC_ATL_advance.csv,,,,,,,,,,,,,,,,,,,,,,,,,,,,,,,,,,,,,,,,,,,,,,,,,/users/cooperfoster/desktop/hoops/box_scores/202411180SAC_SAC_basic.csv,/users/cooperfoster/desktop/hoops/box_scores/202411180SAC_SAC_advance.csv,,,,,,,,,
202411240SAC,,,/users/cooperfoster/desktop/hoops/box_scores/202411240SAC_BRK_basic.csv,/users/cooperfoster/desktop/hoops/box_scores/202411240SAC_BRK_advance.csv,,,,,,,,,,,,,,,,,,,,,,,,,,,,,,,,,,,,,,,,,,,,,,,/users/cooperfoster/desktop/hoops/box_scores/202411240SAC_SAC_basic.csv,/users/cooperfoster/desktop/hoops/box_scores/202411240SAC_SAC_advance.csv,,,,,,,,,
202503240SAC,,,,,/users/cooperfoster/desktop/hoops/box_scores/202503240SAC_BOS_basic.csv,/users/cooperfoster/desktop/hoops/box_scores/202503240SAC_BOS_advance.csv,,,,,,,,,,,,,,,,,,,,,,,,,,,,,,,,,,,,,,,,,,,,,/users/cooperfoster/desktop/hoops/box_scores/202503240SAC_SAC_basic.csv,/users/cooperfoster/desktop/hoops/box_scores/202503240SAC_SAC_advance.csv,,,,,,,,,
202503200SAC,,,,,,,/users/cooperfoster/desktop/hoops/box_scores/202503200SAC_CHI_basic.csv,/users/cooperfoster/desktop/hoops/box_scores/202503200SAC_CHI_advance.csv,,,,,,,,,,,,,,,,,,,,,,,,,,,,,,,,,,,,,,,,,,,/users/cooperfoster/desktop/hoops/box_scores/202503200SAC_SAC_basic.csv,/users/cooperfoster/desktop/hoops/box_scores/202503200SAC_SAC_advance.csv,,,,,,,,,
202502240SAC,,,,,,,,,/users/cooperfoster/desktop/hoops/box_scores/202502240SAC_CHO_basic.csv,/users/cooperfoster/desktop/hoops/box_scores/202502240SAC_CHO_advance.csv,,,,,,,,,,,,,,,,,,,,,,,,,,,,,,,,,,,,,,,,,/users/cooperfoster/desktop/hoops/box_scores/202502240SAC_SAC_basic.csv,/users/cooperfoster/desktop/hoops/box_scores/202502240SAC_SAC_advance.csv,,,,,,,,,
202503190SAC,,,,,,,,,,,/users/cooperfoster/desktop/hoops/box_scores/202503190SAC_CLE_basic.csv,/users/cooperfoster/desktop/hoops/box_scores/202503190SAC_CLE_advance.csv,,,,,,,,,,,,,,,,,,,,,,,,,,,,,,,,,,,,,,,/users/cooperfoster/desktop/hoops/box_scores/202503190SAC_SAC_basic.csv,/users/cooperfoster/desktop/hoops/box_scores/202503190SAC_SAC_advance.csv,,,,,,,,,
202412300SAC,,,,,,,,,,,,,/users/cooperfoster/desktop/hoops/box_scores/202412300SAC_DAL_basic.csv,/users/cooperfoster/desktop/hoops/box_scores/202412300SAC_DAL_advance.csv,,,,,,,,,,,,,,,,,,,,,,,,,,,,,,,,,,,,,/users/cooperfoster/desktop/hoops/box_scores/202412300SAC_SAC_basic.csv,/users/cooperfoster/desktop/hoops/box_scores/202412300SAC_SAC_advance.csv,,,,,,,,,
202412160SAC,,,,,,,,,,,,,,,/users/cooperfoster/desktop/hoops/box_scores/202412160SAC_DEN_basic.csv,/users/cooperfoster/desktop/hoops/box_scores/202412160SAC_DEN_advance.csv,,,,,,,,,,,,,,,,,,,,,,,,,,,,,,,,,,,/users/cooperfoster/desktop/hoops/box_scores/202412160SAC_SAC_basic.csv,/users/cooperfoster/desktop/hoops/box_scores/202412160SAC_SAC_advance.csv,,,,,,,,,
202504090SAC,,,,,,,,,,,,,,,/users/cooperfoster/desktop/hoops/box_scores/202504090SAC_DEN_basic.csv,/users/cooperfoster/desktop/hoops/box_scores/202504090SAC_DEN_advance.csv,,,,,,,,,,,,,,,,,,,,,,,,,,,,,,,,,,,/users/cooperfoster/desktop/hoops/box_scores/202504090SAC_SAC_basic.csv,/users/cooperfoster/desktop/hoops/box_scores/202504090SAC_SAC_advance.csv,,,,,,,,,
202412260SAC,,,,,,,,,,,,,,,,,/users/cooperfoster/desktop/hoops/box_scores/202412260SAC_DET_basic.csv,/users/cooperfoster/desktop/hoops/box_scores/202412260SAC_DET_advance.csv,,,,,,,,,,,,,,,,,,,,,,,,,,,,,,,,,/users/cooperfoster/desktop/hoops/box_scores/202412260SAC_SAC_basic.csv,/users/cooperfoster/desktop/hoops/box_scores/202412260SAC_SAC_advance.csv,,,,,,,,,
202501220SAC,,,,,,,,,,,,,,,,,,,/users/cooperfoster/desktop/hoops/box_scores/202501220SAC_GSW_basic.csv,/users/cooperfoster/desktop/hoops/box_scores/202501220SAC_GSW_advance.csv,,,,,,,,,,,,,,,,,,,,,,,,,,,,,,,/users/cooperfoster/desktop/hoops/box_scores/202501220SAC_SAC_basic.csv,/users/cooperfoster/desktop/hoops/box_scores/202501220SAC_SAC_advance.csv,,,,,,,,,
202502210SAC,,,,,,,,,,,,,,,,,,,/users/cooperfoster/desktop/hoops/box_scores/202502210SAC_GSW_basic.csv,/users/cooperfoster/desktop/hoops/box_scores/202502210SAC_GSW_advance.csv,,,,,,,,,,,,,,,,,,,,,,,,,,,,,,,/users/cooperfoster/desktop/hoops/box_scores/202502210SAC_SAC_basic.csv,/users/cooperfoster/desktop/hoops/box_scores/202502210SAC_SAC_advance.csv,,,,,,,,,
202412030SAC,,,,,,,,,,,,,,,,,,,,,/users/cooperfoster/desktop/hoops/box_scores/202412030SAC_HOU_basic.csv,/users/cooperfoster/desktop/hoops/box_scores/202412030SAC_HOU_advance.csv,,,,,,,,,,,,,,,,,,,,,,,,,,,,,/users/cooperfoster/desktop/hoops/box_scores/202412030SAC_SAC_basic.csv,/users/cooperfoster/desktop/hoops/box_scores/202412030SAC_SAC_advance.csv,,,,,,,,,
202501160SAC,,,,,,,,,,,,,,,,,,,,,/users/cooperfoster/desktop/hoops/box_scores/202501160SAC_HOU_basic.csv,/users/cooperfoster/desktop/hoops/box_scores/202501160SAC_HOU_advance.csv,,,,,,,,,,,,,,,,,,,,,,,,,,,,,/users/cooperfoster/desktop/hoops/box_scores/202501160SAC_SAC_basic.csv,/users/cooperfoster/desktop/hoops/box_scores/202501160SAC_SAC_advance.csv,,,,,,,,,
202412220SAC,,,,,,,,,,,,,,,,,,,,,,,/users/cooperfoster/desktop/hoops/box_scores/202412220SAC_IND_basic.csv,/users/cooperfoster/desktop/hoops/box_scores/202412220SAC_IND_advance.csv,,,,,,,,,,,,,,,,,,,,,,,,,,,/users/cooperfoster/desktop/hoops/box_scores/202412220SAC_SAC_basic.csv,/users/cooperfoster/desktop/hoops/box_scores/202412220SAC_SAC_advance.csv,,,,,,,,,
202411080SAC,,,,,,,,,,,,,,,,,,,,,,,,,/users/cooperfoster/desktop/hoops/box_scores/202411080SAC_LAC_basic.csv,/users/cooperfoster/desktop/hoops/box_scores/202411080SAC_LAC_advance.csv,,,,,,,,,,,,,,,,,,,,,,,,,/users/cooperfoster/desktop/hoops/box_scores/202411080SAC_SAC_basic.csv,/users/cooperfoster/desktop/hoops/box_scores/202411080SAC_SAC_advance.csv,,,,,,,,,
202504110SAC,,,,,,,,,,,,,,,,,,,,,,,,,/users/cooperfoster/desktop/hoops/box_scores/202504110SAC_LAC_basic.csv,/users/cooperfoster/desktop/hoops/box_scores/202504110SAC_LAC_advance.csv,,,,,,,,,,,,,,,,,,,,,,,,,/users/cooperfoster/desktop/hoops/box_scores/202504110SAC_SAC_basic.csv,/users/cooperfoster/desktop/hoops/box_scores/202504110SAC_SAC_advance.csv,,,,,,,,,
202412190SAC,,,,,,,,,,,,,,,,,,,,,,,,,,,/users/cooperfoster/desktop/hoops/box_scores/202412190SAC_LAL_basic.csv,/users/cooperfoster/desktop/hoops/box_scores/202412190SAC_LAL_advance.csv,,,,,,,,,,,,,,,,,,,,,,,/users/cooperfoster/desktop/hoops/box_scores/202412190SAC_SAC_basic.csv,/users/cooperfoster/desktop/hoops/box_scores/202412190SAC_SAC_advance.csv,,,,,,,,,
202412210SAC,,,,,,,,,,,,,,,,,,,,,,,,,,,/users/cooperfoster/desktop/hoops/box_scores/202412210SAC_LAL_basic.csv,/users/cooperfoster/desktop/hoops/box_scores/202412210SAC_LAL_advance.csv,,,,,,,,,,,,,,,,,,,,,,,/users/cooperfoster/desktop/hoops/box_scores/202412210SAC_SAC_basic.csv,/users/cooperfoster/desktop/hoops/box_scores/202412210SAC_SAC_advance.csv,,,,,,,,,
202501030SAC,,,,,,,,,,,,,,,,,,,,,,,,,,,,,/users/cooperfoster/desktop/hoops/box_scores/202501030SAC_MEM_basic.csv,/users/cooperfoster/desktop/hoops/box_scores/202501030SAC_MEM_advance.csv,,,,,,,,,,,,,,,,,,,,,/users/cooperfoster/desktop/hoops/box_scores/202501030SAC_SAC_basic.csv,/users/cooperfoster/desktop/hoops/box_scores/202501030SAC_SAC_advance.csv,,,,,,,,,
202503170SAC,,,,,,,,,,,,,,,,,,,,,,,,,,,,,/users/cooperfoster/desktop/hoops/box_scores/202503170SAC_MEM_basic.csv,/users/cooperfoster/desktop/hoops/box_scores/202503170SAC_MEM_advance.csv,,,,,,,,,,,,,,,,,,,,,/users/cooperfoster/desktop/hoops/box_scores/202503170SAC_SAC_basic.csv,/users/cooperfoster/desktop/hoops/box_scores/202503170SAC_SAC_advance.csv,,,,,,,,,
202501060SAC,,,,,,,,,,,,,,,,,,,,,,,,,,,,,,,/users/cooperfoster/desktop/hoops/box_scores/202501060SAC_MIA_basic.csv,/users/cooperfoster/desktop/hoops/box_scores/202501060SAC_MIA_advance.csv,,,,,,,,,,,,,,,,,,,/users/cooperfoster/desktop/hoops/box_scores/202501060SAC_SAC_basic.csv,/users/cooperfoster/desktop/hoops/box_scores/202501060SAC_SAC_advance.csv,,,,,,,,,
202503220SAC,,,,,,,,,,,,,,,,,,,,,,,,,,,,,,,,,/users/cooperfoster/desktop/hoops/box_scores/202503220SAC_MIL_basic.csv,/users/cooperfoster/desktop/hoops/box_scores/202503220SAC_MIL_advance.csv,,,,,,,,,,,,,,,,,/users/cooperfoster/desktop/hoops/box_scores/202503220SAC_SAC_basic.csv,/users/cooperfoster/desktop/hoops/box_scores/202503220SAC_SAC_advance.csv,,,,,,,,,
202410240SAC,,,,,,,,,,,,,,,,,,,,,,,,,,,,,,,,,,,/users/cooperfoster/desktop/hoops/box_scores/202410240SAC_MIN_basic.csv,/users/cooperfoster/desktop/hoops/box_scores/202410240SAC_MIN_advance.csv,,,,,,,,,,,,,,,/users/cooperfoster/desktop/hoops/box_scores/202410240SAC_SAC_basic.csv,/users/cooperfoster/desktop/hoops/box_scores/202410240SAC_SAC_advance.csv,,,,,,,,,
202411150SAC,,,,,,,,,,,,,,,,,,,,,,,,,,,,,,,,,,,/users/cooperfoster/desktop/hoops/box_scores/202411150SAC_MIN_basic.csv,/users/cooperfoster/desktop/hoops/box_scores/202411150SAC_MIN_advance.csv,,,,,,,,,,,,,,,/users/cooperfoster/desktop/hoops/box_scores/202411150SAC_SAC_basic.csv,/users/cooperfoster/desktop/hoops/box_scores/202411150SAC_SAC_advance.csv,,,,,,,,,
202502080SAC,,,,,,,,,,,,,,,,,,,,,,,,,,,,,,,,,,,,,/users/cooperfoster/desktop/hoops/box_scores/202502080SAC_NOP_basic.csv,/users/cooperfoster/desktop/hoops/box_scores/202502080SAC_NOP_advance.csv,,,,,,,,,,,,,/users/cooperfoster/desktop/hoops/box_scores/202502080SAC_SAC_basic.csv,/users/cooperfoster/desktop/hoops/box_scores/202502080SAC_SAC_advance.csv,,,,,,,,,
202503100SAC,,,,,,,,,,,,,,,,,,,,,,,,,,,,,,,,,,,,,,,/users/cooperfoster/desktop/hoops/box_scores/202503100SAC_NYK_basic.csv,/users/cooperfoster/desktop/hoops/box_scores/202503100SAC_NYK_advance.csv,,,,,,,,,,,/users/cooperfoster/desktop/hoops/box_scores/202503100SAC_SAC_basic.csv,/users/cooperfoster/desktop/hoops/box_scores/202503100SAC_SAC_advance.csv,,,,,,,,,
202411250SAC,,,,,,,,,,,,,,,,,,,,,,,,,,,,,,,,,,,,,,,,,/users/cooperfoster/desktop/hoops/box_scores/202411250SAC_OKC_basic.csv,/users/cooperfoster/desktop/hoops/box_scores/202411250SAC_OKC_advance.csv,,,,,,,,,/users/cooperfoster/desktop/hoops/box_scores/202411250SAC_SAC_basic.csv,/users/cooperfoster/desktop/hoops/box_scores/202411250SAC_SAC_advance.csv,,,,,,,,,
202503250SAC,,,,,,,,,,,,,,,,,,,,,,,,,,,,,,,,,,,,,,,,,/users/cooperfoster/desktop/hoops/box_scores/202503250SAC_OKC_basic.csv,/users/cooperfoster/desktop/hoops/box_scores/202503250SAC_OKC_advance.csv,,,,,,,,,/users/cooperfoster/desktop/hoops/box_scores/202503250SAC_SAC_basic.csv,/users/cooperfoster/desktop/hoops/box_scores/202503250SAC_SAC_advance.csv,,,,,,,,,
202502050SAC,,,,,,,,,,,,,,,,,,,,,,,,,,,,,,,,,,,,,,,,,,,/users/cooperfoster/desktop/hoops/box_scores/202502050SAC_ORL_basic.csv,/users/cooperfoster/desktop/hoops/box_scores/202502050SAC_ORL_advance.csv,,,,,,,/users/cooperfoster/desktop/hoops/box_scores/202502050SAC_SAC_basic.csv,/users/cooperfoster/desktop/hoops/box_scores/202502050SAC_SAC_advance.csv,,,,,,,,,
202501010SAC,,,,,,,,,,,,,,,,,,,,,,,,,,,,,,,,,,,,,,,,,,,,,/users/cooperfoster/desktop/hoops/box_scores/202501010SAC_PHI_basic.csv,/users/cooperfoster/desktop/hoops/box_scores/202501010SAC_PHI_advance.csv,,,,,/users/cooperfoster/desktop/hoops/box_scores/202501010SAC_SAC_basic.csv,/users/cooperfoster/desktop/hoops/box_scores/202501010SAC_SAC_advance.csv,,,,,,,,,
202411130SAC,,,,,,,,,,,,,,,,,,,,,,,,,,,,,,,,,,,,,,,,,,,,,,,/users/cooperfoster/desktop/hoops/box_scores/202411130SAC_PHO_basic.csv,/users/cooperfoster/desktop/hoops/box_scores/202411130SAC_PHO_advance.csv,,,/users/cooperfoster/desktop/hoops/box_scores/202411130SAC_SAC_basic.csv,/users/cooperfoster/desktop/hoops/box_scores/202411130SAC_SAC_advance.csv,,,,,,,,,
202504130SAC,,,,,,,,,,,,,,,,,,,,,,,,,,,,,,,,,,,,,,,,,,,,,,,/users/cooperfoster/desktop/hoops/box_scores/202504130SAC_PHO_basic.csv,/users/cooperfoster/desktop/hoops/box_scores/202504130SAC_PHO_advance.csv,,,/users/cooperfoster/desktop/hoops/box_scores/202504130SAC_SAC_basic.csv,/users/cooperfoster/desktop/hoops/box_scores/202504130SAC_SAC_advance.csv,,,,,,,,,
202410280SAC,,,,,,,,,,,,,,,,,,,,,,,,,,,,,,,,,,,,,,,,,,,,,,,,,/users/cooperfoster/desktop/hoops/box_scores/202410280SAC_POR_basic.csv,/users/cooperfoster/desktop/hoops/box_scores/202410280SAC_POR_advance.csv,/users/cooperfoster/desktop/hoops/box_scores/202410280SAC_SAC_basic.csv,/users/cooperfoster/desktop/hoops/box_scores/202410280SAC_SAC_advance.csv,,,,,,,,,
202503270SAC,,,,,,,,,,,,,,,,,,,,,,,,,,,,,,,,,,,,,,,,,,,,,,,,,/users/cooperfoster/desktop/hoops/box_scores/202503270SAC_POR_basic.csv,/users/cooperfoster/desktop/hoops/box_scores/202503270SAC_POR_advance.csv,/users/cooperfoster/desktop/hoops/box_scores/202503270SAC_SAC_basic.csv,/users/cooperfoster/desktop/hoops/box_scores/202503270SAC_SAC_advance.csv,,,,,,,,,
202412010SAC,,,,,,,,,,,,,,,,,,,,,,,,,,,,,,,,,,,,,,,,,,,,,,,,,,,/users/cooperfoster/desktop/hoops/box_scores/202412010SAC_SAC_basic.csv,/users/cooperfoster/desktop/hoops/box_scores/202412010SAC_SAC_advance.csv,/users/cooperfoster/desktop/hoops/box_scores/202412010SAC_SAS_basic.csv,/users/cooperfoster/desktop/hoops/box_scores/202412010SAC_SAS_advance.csv,,,,,,,
202503070SAC,,,,,,,,,,,,,,,,,,,,,,,,,,,,,,,,,,,,,,,,,,,,,,,,,,,/users/cooperfoster/desktop/hoops/box_scores/202503070SAC_SAC_basic.csv,/users/cooperfoster/desktop/hoops/box_scores/202503070SAC_SAC_advance.csv,/users/cooperfoster/desktop/hoops/box_scores/202503070SAC_SAS_basic.csv,/users/cooperfoster/desktop/hoops/box_scores/202503070SAC_SAS_advance.csv,,,,,,,
202411060SAC,,,,,,,,,,,,,,,,,,,,,,,,,,,,,,,,,,,,,,,,,,,,,,,,,,,/users/cooperfoster/desktop/hoops/box_scores/202411060SAC_SAC_basic.csv,/users/cooperfoster/desktop/hoops/box_scores/202411060SAC_SAC_advance.csv,,,/users/cooperfoster/desktop/hoops/box_scores/202411060SAC_TOR_basic.csv,/users/cooperfoster/desktop/hoops/box_scores/202411060SAC_TOR_advance.csv,,,,,
202411160SAC,,,,,,,,,,,,,,,,,,,,,,,,,,,,,,,,,,,,,,,,,,,,,,,,,,,/users/cooperfoster/desktop/hoops/box_scores/202411160SAC_SAC_basic.csv,/users/cooperfoster/desktop/hoops/box_scores/202411160SAC_SAC_advance.csv,,,,,/users/cooperfoster/desktop/hoops/box_scores/202411160SAC_UTA_basic.csv,/users/cooperfoster/desktop/hoops/box_scores/202411160SAC_UTA_advance.csv,,,
202412080SAC,,,,,,,,,,,,,,,,,,,,,,,,,,,,,,,,,,,,,,,,,,,,,,,,,,,/users/cooperfoster/desktop/hoops/box_scores/202412080SAC_SAC_basic.csv,/users/cooperfoster/desktop/hoops/box_scores/202412080SAC_SAC_advance.csv,,,,,/users/cooperfoster/desktop/hoops/box_scores/202412080SAC_UTA_basic.csv,/users/cooperfoster/desktop/hoops/box_scores/202412080SAC_UTA_advance.csv,,,
202501190SAC,,,,,,,,,,,,,,,,,,,,,,,,,,,,,,,,,,,,,,,,,,,,,,,,,,,/users/cooperfoster/desktop/hoops/box_scores/202501190SAC_SAC_basic.csv,/users/cooperfoster/desktop/hoops/box_scores/202501190SAC_SAC_advance.csv,,,,,,,/users/cooperfoster/desktop/hoops/box_scores/202501190SAC_WAS_basic.csv,/users/cooperfoster/desktop/hoops/box_scores/202501190SAC_WAS_advance.csv,
202412190SAS,/users/cooperfoster/desktop/hoops/box_scores/202412190SAS_ATL_basic.csv,/users/cooperfoster/desktop/hoops/box_scores/202412190SAS_ATL_advance.csv,,,,,,,,,,,,,,,,,,,,,,,,,,,,,,,,,,,,,,,,,,,,,,,,,,,/users/cooperfoster/desktop/hoops/box_scores/202412190SAS_SAS_basic.csv,/users/cooperfoster/desktop/hoops/box_scores/202412190SAS_SAS_advance.csv,,,,,,,
202503040SAS,,,/users/cooperfoster/desktop/hoops/box_scores/202503040SAS_BRK_basic.csv,/users/cooperfoster/desktop/hoops/box_scores/202503040SAS_BRK_advance.csv,,,,,,,,,,,,,,,,,,,,,,,,,,,,,,,,,,,,,,,,,,,,,,,,,/users/cooperfoster/desktop/hoops/box_scores/202503040SAS_SAS_basic.csv,/users/cooperfoster/desktop/hoops/box_scores/202503040SAS_SAS_advance.csv,,,,,,,
202503290SAS,,,,,/users/cooperfoster/desktop/hoops/box_scores/202503290SAS_BOS_basic.csv,/users/cooperfoster/desktop/hoops/box_scores/202503290SAS_BOS_advance.csv,,,,,,,,,,,,,,,,,,,,,,,,,,,,,,,,,,,,,,,,,,,,,,,/users/cooperfoster/desktop/hoops/box_scores/202503290SAS_SAS_basic.csv,/users/cooperfoster/desktop/hoops/box_scores/202503290SAS_SAS_advance.csv,,,,,,,
202412050SAS,,,,,,,/users/cooperfoster/desktop/hoops/box_scores/202412050SAS_CHI_basic.csv,/users/cooperfoster/desktop/hoops/box_scores/202412050SAS_CHI_advance.csv,,,,,,,,,,,,,,,,,,,,,,,,,,,,,,,,,,,,,,,,,,,,,/users/cooperfoster/desktop/hoops/box_scores/202412050SAS_SAS_basic.csv,/users/cooperfoster/desktop/hoops/box_scores/202412050SAS_SAS_advance.csv,,,,,,,
202503140SAS,,,,,,,,,/users/cooperfoster/desktop/hoops/box_scores/202503140SAS_CHO_basic.csv,/users/cooperfoster/desktop/hoops/box_scores/202503140SAS_CHO_advance.csv,,,,,,,,,,,,,,,,,,,,,,,,,,,,,,,,,,,,,,,,,,,/users/cooperfoster/desktop/hoops/box_scores/202503140SAS_SAS_basic.csv,/users/cooperfoster/desktop/hoops/box_scores/202503140SAS_SAS_advance.csv,,,,,,,
202504040SAS,,,,,,,,,,,/users/cooperfoster/desktop/hoops/box_scores/202504040SAS_CLE_basic.csv,/users/cooperfoster/desktop/hoops/box_scores/202504040SAS_CLE_advance.csv,,,,,,,,,,,,,,,,,,,,,,,,,,,,,,,,,,,,,,,,,/users/cooperfoster/desktop/hoops/box_scores/202504040SAS_SAS_basic.csv,/users/cooperfoster/desktop/hoops/box_scores/202504040SAS_SAS_advance.csv,,,,,,,
202503100SAS,,,,,,,,,,,,,/users/cooperfoster/desktop/hoops/box_scores/202503100SAS_DAL_basic.csv,/users/cooperfoster/desktop/hoops/box_scores/202503100SAS_DAL_advance.csv,,,,,,,,,,,,,,,,,,,,,,,,,,,,,,,,,,,,,,,/users/cooperfoster/desktop/hoops/box_scores/202503100SAS_SAS_basic.csv,/users/cooperfoster/desktop/hoops/box_scores/202503100SAS_SAS_advance.csv,,,,,,,
202503120SAS,,,,,,,,,,,,,/users/cooperfoster/desktop/hoops/box_scores/202503120SAS_DAL_basic.csv,/users/cooperfoster/desktop/hoops/box_scores/202503120SAS_DAL_advance.csv,,,,,,,,,,,,,,,,,,,,,,,,,,,,,,,,,,,,,,,/users/cooperfoster/desktop/hoops/box_scores/202503120SAS_SAS_basic.csv,/users/cooperfoster/desktop/hoops/box_scores/202503120SAS_SAS_advance.csv,,,,,,,
202501040SAS,,,,,,,,,,,,,,,/users/cooperfoster/desktop/hoops/box_scores/202501040SAS_DEN_basic.csv,/users/cooperfoster/desktop/hoops/box_scores/202501040SAS_DEN_advance.csv,,,,,,,,,,,,,,,,,,,,,,,,,,,,,,,,,,,,,/users/cooperfoster/desktop/hoops/box_scores/202501040SAS_SAS_basic.csv,/users/cooperfoster/desktop/hoops/box_scores/202501040SAS_SAS_advance.csv,,,,,,,
202502210SAS,,,,,,,,,,,,,,,,,/users/cooperfoster/desktop/hoops/box_scores/202502210SAS_DET_basic.csv,/users/cooperfoster/desktop/hoops/box_scores/202502210SAS_DET_advance.csv,,,,,,,,,,,,,,,,,,,,,,,,,,,,,,,,,,,/users/cooperfoster/desktop/hoops/box_scores/202502210SAS_SAS_basic.csv,/users/cooperfoster/desktop/hoops/box_scores/202502210SAS_SAS_advance.csv,,,,,,,
202411230SAS,,,,,,,,,,,,,,,,,,,/users/cooperfoster/desktop/hoops/box_scores/202411230SAS_GSW_basic.csv,/users/cooperfoster/desktop/hoops/box_scores/202411230SAS_GSW_advance.csv,,,,,,,,,,,,,,,,,,,,,,,,,,,,,,,,,/users/cooperfoster/desktop/hoops/box_scores/202411230SAS_SAS_basic.csv,/users/cooperfoster/desktop/hoops/box_scores/202411230SAS_SAS_advance.csv,,,,,,,
202503300SAS,,,,,,,,,,,,,,,,,,,/users/cooperfoster/desktop/hoops/box_scores/202503300SAS_GSW_basic.csv,/users/cooperfoster/desktop/hoops/box_scores/202503300SAS_GSW_advance.csv,,,,,,,,,,,,,,,,,,,,,,,,,,,,,,,,,/users/cooperfoster/desktop/hoops/box_scores/202503300SAS_SAS_basic.csv,/users/cooperfoster/desktop/hoops/box_scores/202503300SAS_SAS_advance.csv,,,,,,,
202410260SAS,,,,,,,,,,,,,,,,,,,,,/users/cooperfoster/desktop/hoops/box_scores/202410260SAS_HOU_basic.csv,/users/cooperfoster/desktop/hoops/box_scores/202410260SAS_HOU_advance.csv,,,,,,,,,,,,,,,,,,,,,,,,,,,,,,,/users/cooperfoster/desktop/hoops/box_scores/202410260SAS_SAS_basic.csv,/users/cooperfoster/desktop/hoops/box_scores/202410260SAS_SAS_advance.csv,,,,,,,
202410280SAS,,,,,,,,,,,,,,,,,,,,,/users/cooperfoster/desktop/hoops/box_scores/202410280SAS_HOU_basic.csv,/users/cooperfoster/desktop/hoops/box_scores/202410280SAS_HOU_advance.csv,,,,,,,,,,,,,,,,,,,,,,,,,,,,,,,/users/cooperfoster/desktop/hoops/box_scores/202410280SAS_SAS_basic.csv,/users/cooperfoster/desktop/hoops/box_scores/202410280SAS_SAS_advance.csv,,,,,,,
202501250SAS,,,,,,,,,,,,,,,,,,,,,,,/users/cooperfoster/desktop/hoops/box_scores/202501250SAS_IND_basic.csv,/users/cooperfoster/desktop/hoops/box_scores/202501250SAS_IND_advance.csv,,,,,,,,,,,,,,,,,,,,,,,,,,,,,/users/cooperfoster/desktop/hoops/box_scores/202501250SAS_SAS_basic.csv,/users/cooperfoster/desktop/hoops/box_scores/202501250SAS_SAS_advance.csv,,,,,,,
202412310SAS,,,,,,,,,,,,,,,,,,,,,,,,,/users/cooperfoster/desktop/hoops/box_scores/202412310SAS_LAC_basic.csv,/users/cooperfoster/desktop/hoops/box_scores/202412310SAS_LAC_advance.csv,,,,,,,,,,,,,,,,,,,,,,,,,,,/users/cooperfoster/desktop/hoops/box_scores/202412310SAS_SAS_basic.csv,/users/cooperfoster/desktop/hoops/box_scores/202412310SAS_SAS_advance.csv,,,,,,,
202501290SAS,,,,,,,,,,,,,,,,,,,,,,,,,/users/cooperfoster/desktop/hoops/box_scores/202501290SAS_LAC_basic.csv,/users/cooperfoster/desktop/hoops/box_scores/202501290SAS_LAC_advance.csv,,,,,,,,,,,,,,,,,,,,,,,,,,,/users/cooperfoster/desktop/hoops/box_scores/202501290SAS_SAS_basic.csv,/users/cooperfoster/desktop/hoops/box_scores/202501290SAS_SAS_advance.csv,,,,,,,
202411150SAS,,,,,,,,,,,,,,,,,,,,,,,,,,,/users/cooperfoster/desktop/hoops/box_scores/202411150SAS_LAL_basic.csv,/users/cooperfoster/desktop/hoops/box_scores/202411150SAS_LAL_advance.csv,,,,,,,,,,,,,,,,,,,,,,,,,/users/cooperfoster/desktop/hoops/box_scores/202411150SAS_SAS_basic.csv,/users/cooperfoster/desktop/hoops/box_scores/202411150SAS_SAS_advance.csv,,,,,,,
202411270SAS,,,,,,,,,,,,,,,,,,,,,,,,,,,/users/cooperfoster/desktop/hoops/box_scores/202411270SAS_LAL_basic.csv,/users/cooperfoster/desktop/hoops/box_scores/202411270SAS_LAL_advance.csv,,,,,,,,,,,,,,,,,,,,,,,,,/users/cooperfoster/desktop/hoops/box_scores/202411270SAS_SAS_basic.csv,/users/cooperfoster/desktop/hoops/box_scores/202411270SAS_SAS_advance.csv,,,,,,,
202501150SAS,,,,,,,,,,,,,,,,,,,,,,,,,,,,,/users/cooperfoster/desktop/hoops/box_scores/202501150SAS_MEM_basic.csv,/users/cooperfoster/desktop/hoops/box_scores/202501150SAS_MEM_advance.csv,,,,,,,,,,,,,,,,,,,,,,,/users/cooperfoster/desktop/hoops/box_scores/202501150SAS_SAS_basic.csv,/users/cooperfoster/desktop/hoops/box_scores/202501150SAS_SAS_advance.csv,,,,,,,
202501170SAS,,,,,,,,,,,,,,,,,,,,,,,,,,,,,/users/cooperfoster/desktop/hoops/box_scores/202501170SAS_MEM_basic.csv,/users/cooperfoster/desktop/hoops/box_scores/202501170SAS_MEM_advance.csv,,,,,,,,,,,,,,,,,,,,,,,/users/cooperfoster/desktop/hoops/box_scores/202501170SAS_SAS_basic.csv,/users/cooperfoster/desktop/hoops/box_scores/202501170SAS_SAS_advance.csv,,,,,,,
202502010SAS,,,,,,,,,,,,,,,,,,,,,,,,,,,,,,,/users/cooperfoster/desktop/hoops/box_scores/202502010SAS_MIA_basic.csv,/users/cooperfoster/desktop/hoops/box_scores/202502010SAS_MIA_advance.csv,,,,,,,,,,,,,,,,,,,,,/users/cooperfoster/desktop/hoops/box_scores/202502010SAS_SAS_basic.csv,/users/cooperfoster/desktop/hoops/box_scores/202502010SAS_SAS_advance.csv,,,,,,,
202501310SAS,,,,,,,,,,,,,,,,,,,,,,,,,,,,,,,,,/users/cooperfoster/desktop/hoops/box_scores/202501310SAS_MIL_basic.csv,/users/cooperfoster/desktop/hoops/box_scores/202501310SAS_MIL_advance.csv,,,,,,,,,,,,,,,,,,,/users/cooperfoster/desktop/hoops/box_scores/202501310SAS_SAS_basic.csv,/users/cooperfoster/desktop/hoops/box_scores/202501310SAS_SAS_advance.csv,,,,,,,
202411020SAS,,,,,,,,,,,,,,,,,,,,,,,,,,,,,,,,,,,/users/cooperfoster/desktop/hoops/box_scores/202411020SAS_MIN_basic.csv,/users/cooperfoster/desktop/hoops/box_scores/202411020SAS_MIN_advance.csv,,,,,,,,,,,,,,,,,/users/cooperfoster/desktop/hoops/box_scores/202411020SAS_SAS_basic.csv,/users/cooperfoster/desktop/hoops/box_scores/202411020SAS_SAS_advance.csv,,,,,,,
202412150SAS,,,,,,,,,,,,,,,,,,,,,,,,,,,,,,,,,,,/users/cooperfoster/desktop/hoops/box_scores/202412150SAS_MIN_basic.csv,/users/cooperfoster/desktop/hoops/box_scores/202412150SAS_MIN_advance.csv,,,,,,,,,,,,,,,,,/users/cooperfoster/desktop/hoops/box_scores/202412150SAS_SAS_basic.csv,/users/cooperfoster/desktop/hoops/box_scores/202412150SAS_SAS_advance.csv,,,,,,,
202412080SAS,,,,,,,,,,,,,,,,,,,,,,,,,,,,,,,,,,,,,/users/cooperfoster/desktop/hoops/box_scores/202412080SAS_NOP_basic.csv,/users/cooperfoster/desktop/hoops/box_scores/202412080SAS_NOP_advance.csv,,,,,,,,,,,,,,,/users/cooperfoster/desktop/hoops/box_scores/202412080SAS_SAS_basic.csv,/users/cooperfoster/desktop/hoops/box_scores/202412080SAS_SAS_advance.csv,,,,,,,
202503150SAS,,,,,,,,,,,,,,,,,,,,,,,,,,,,,,,,,,,,,/users/cooperfoster/desktop/hoops/box_scores/202503150SAS_NOP_basic.csv,/users/cooperfoster/desktop/hoops/box_scores/202503150SAS_NOP_advance.csv,,,,,,,,,,,,,,,/users/cooperfoster/desktop/hoops/box_scores/202503150SAS_SAS_basic.csv,/users/cooperfoster/desktop/hoops/box_scores/202503150SAS_SAS_advance.csv,,,,,,,
202503190SAS,,,,,,,,,,,,,,,,,,,,,,,,,,,,,,,,,,,,,,,/users/cooperfoster/desktop/hoops/box_scores/202503190SAS_NYK_basic.csv,/users/cooperfoster/desktop/hoops/box_scores/202503190SAS_NYK_advance.csv,,,,,,,,,,,,,/users/cooperfoster/desktop/hoops/box_scores/202503190SAS_SAS_basic.csv,/users/cooperfoster/desktop/hoops/box_scores/202503190SAS_SAS_advance.csv,,,,,,,
202411190SAS,,,,,,,,,,,,,,,,,,,,,,,,,,,,,,,,,,,,,,,,,/users/cooperfoster/desktop/hoops/box_scores/202411190SAS_OKC_basic.csv,/users/cooperfoster/desktop/hoops/box_scores/202411190SAS_OKC_advance.csv,,,,,,,,,,,/users/cooperfoster/desktop/hoops/box_scores/202411190SAS_SAS_basic.csv,/users/cooperfoster/desktop/hoops/box_scores/202411190SAS_SAS_advance.csv,,,,,,,
202503020SAS,,,,,,,,,,,,,,,,,,,,,,,,,,,,,,,,,,,,,,,,,/users/cooperfoster/desktop/hoops/box_scores/202503020SAS_OKC_basic.csv,/users/cooperfoster/desktop/hoops/box_scores/202503020SAS_OKC_advance.csv,,,,,,,,,,,/users/cooperfoster/desktop/hoops/box_scores/202503020SAS_SAS_basic.csv,/users/cooperfoster/desktop/hoops/box_scores/202503020SAS_SAS_advance.csv,,,,,,,
202504010SAS,,,,,,,,,,,,,,,,,,,,,,,,,,,,,,,,,,,,,,,,,,,/users/cooperfoster/desktop/hoops/box_scores/202504010SAS_ORL_basic.csv,/users/cooperfoster/desktop/hoops/box_scores/202504010SAS_ORL_advance.csv,,,,,,,,,/users/cooperfoster/desktop/hoops/box_scores/202504010SAS_SAS_basic.csv,/users/cooperfoster/desktop/hoops/box_scores/202504010SAS_SAS_advance.csv,,,,,,,
202503210SAS,,,,,,,,,,,,,,,,,,,,,,,,,,,,,,,,,,,,,,,,,,,,,/users/cooperfoster/desktop/hoops/box_scores/202503210SAS_PHI_basic.csv,/users/cooperfoster/desktop/hoops/box_scores/202503210SAS_PHI_advance.csv,,,,,,,/users/cooperfoster/desktop/hoops/box_scores/202503210SAS_SAS_basic.csv,/users/cooperfoster/desktop/hoops/box_scores/202503210SAS_SAS_advance.csv,,,,,,,
202502200SAS,,,,,,,,,,,,,,,,,,,,,,,,,,,,,,,,,,,,,,,,,,,,,,,/users/cooperfoster/desktop/hoops/box_scores/202502200SAS_PHO_basic.csv,/users/cooperfoster/desktop/hoops/box_scores/202502200SAS_PHO_advance.csv,,,,,/users/cooperfoster/desktop/hoops/box_scores/202502200SAS_SAS_basic.csv,/users/cooperfoster/desktop/hoops/box_scores/202502200SAS_SAS_advance.csv,,,,,,,
202411070SAS,,,,,,,,,,,,,,,,,,,,,,,,,,,,,,,,,,,,,,,,,,,,,,,,,/users/cooperfoster/desktop/hoops/box_scores/202411070SAS_POR_basic.csv,/users/cooperfoster/desktop/hoops/box_scores/202411070SAS_POR_advance.csv,,,/users/cooperfoster/desktop/hoops/box_scores/202411070SAS_SAS_basic.csv,/users/cooperfoster/desktop/hoops/box_scores/202411070SAS_SAS_advance.csv,,,,,,,
202412210SAS,,,,,,,,,,,,,,,,,,,,,,,,,,,,,,,,,,,,,,,,,,,,,,,,,/users/cooperfoster/desktop/hoops/box_scores/202412210SAS_POR_basic.csv,/users/cooperfoster/desktop/hoops/box_scores/202412210SAS_POR_advance.csv,,,/users/cooperfoster/desktop/hoops/box_scores/202412210SAS_SAS_basic.csv,/users/cooperfoster/desktop/hoops/box_scores/202412210SAS_SAS_advance.csv,,,,,,,
202411110SAS,,,,,,,,,,,,,,,,,,,,,,,,,,,,,,,,,,,,,,,,,,,,,,,,,,,/users/cooperfoster/desktop/hoops/box_scores/202411110SAS_SAC_basic.csv,/users/cooperfoster/desktop/hoops/box_scores/202411110SAS_SAC_advance.csv,/users/cooperfoster/desktop/hoops/box_scores/202411110SAS_SAS_basic.csv,/users/cooperfoster/desktop/hoops/box_scores/202411110SAS_SAS_advance.csv,,,,,,,
202412060SAS,,,,,,,,,,,,,,,,,,,,,,,,,,,,,,,,,,,,,,,,,,,,,,,,,,,/users/cooperfoster/desktop/hoops/box_scores/202412060SAS_SAC_basic.csv,/users/cooperfoster/desktop/hoops/box_scores/202412060SAS_SAC_advance.csv,/users/cooperfoster/desktop/hoops/box_scores/202412060SAS_SAS_basic.csv,/users/cooperfoster/desktop/hoops/box_scores/202412060SAS_SAS_advance.csv,,,,,,,
202504130SAS,,,,,,,,,,,,,,,,,,,,,,,,,,,,,,,,,,,,,,,,,,,,,,,,,,,,,/users/cooperfoster/desktop/hoops/box_scores/202504130SAS_SAS_basic.csv,/users/cooperfoster/desktop/hoops/box_scores/202504130SAS_SAS_advance.csv,/users/cooperfoster/desktop/hoops/box_scores/202504130SAS_TOR_basic.csv,/users/cooperfoster/desktop/hoops/box_scores/202504130SAS_TOR_advance.csv,,,,,
202411090SAS,,,,,,,,,,,,,,,,,,,,,,,,,,,,,,,,,,,,,,,,,,,,,,,,,,,,,/users/cooperfoster/desktop/hoops/box_scores/202411090SAS_SAS_basic.csv,/users/cooperfoster/desktop/hoops/box_scores/202411090SAS_SAS_advance.csv,,,/users/cooperfoster/desktop/hoops/box_scores/202411090SAS_UTA_basic.csv,/users/cooperfoster/desktop/hoops/box_scores/202411090SAS_UTA_advance.csv,,,
202411210SAS,,,,,,,,,,,,,,,,,,,,,,,,,,,,,,,,,,,,,,,,,,,,,,,,,,,,,/users/cooperfoster/desktop/hoops/box_scores/202411210SAS_SAS_basic.csv,/users/cooperfoster/desktop/hoops/box_scores/202411210SAS_SAS_advance.csv,,,/users/cooperfoster/desktop/hoops/box_scores/202411210SAS_UTA_basic.csv,/users/cooperfoster/desktop/hoops/box_scores/202411210SAS_UTA_advance.csv,,,
202411130SAS,,,,,,,,,,,,,,,,,,,,,,,,,,,,,,,,,,,,,,,,,,,,,,,,,,,,,/users/cooperfoster/desktop/hoops/box_scores/202411130SAS_SAS_basic.csv,/users/cooperfoster/desktop/hoops/box_scores/202411130SAS_SAS_advance.csv,,,,,/users/cooperfoster/desktop/hoops/box_scores/202411130SAS_WAS_basic.csv,/users/cooperfoster/desktop/hoops/box_scores/202411130SAS_WAS_advance.csv,
202412290TOR,/users/cooperfoster/desktop/hoops/box_scores/202412290TOR_ATL_basic.csv,/users/cooperfoster/desktop/hoops/box_scores/202412290TOR_ATL_advance.csv,,,,,,,,,,,,,,,,,,,,,,,,,,,,,,,,,,,,,,,,,,,,,,,,,,,,,/users/cooperfoster/desktop/hoops/box_scores/202412290TOR_TOR_basic.csv,/users/cooperfoster/desktop/hoops/box_scores/202412290TOR_TOR_advance.csv,,,,,
202412190TOR,,,/users/cooperfoster/desktop/hoops/box_scores/202412190TOR_BRK_basic.csv,/users/cooperfoster/desktop/hoops/box_scores/202412190TOR_BRK_advance.csv,,,,,,,,,,,,,,,,,,,,,,,,,,,,,,,,,,,,,,,,,,,,,,,,,,,/users/cooperfoster/desktop/hoops/box_scores/202412190TOR_TOR_basic.csv,/users/cooperfoster/desktop/hoops/box_scores/202412190TOR_TOR_advance.csv,,,,,
202501010TOR,,,/users/cooperfoster/desktop/hoops/box_scores/202501010TOR_BRK_basic.csv,/users/cooperfoster/desktop/hoops/box_scores/202501010TOR_BRK_advance.csv,,,,,,,,,,,,,,,,,,,,,,,,,,,,,,,,,,,,,,,,,,,,,,,,,,,/users/cooperfoster/desktop/hoops/box_scores/202501010TOR_TOR_basic.csv,/users/cooperfoster/desktop/hoops/box_scores/202501010TOR_TOR_advance.csv,,,,,
202501150TOR,,,,,/users/cooperfoster/desktop/hoops/box_scores/202501150TOR_BOS_basic.csv,/users/cooperfoster/desktop/hoops/box_scores/202501150TOR_BOS_advance.csv,,,,,,,,,,,,,,,,,,,,,,,,,,,,,,,,,,,,,,,,,,,,,,,,,/users/cooperfoster/desktop/hoops/box_scores/202501150TOR_TOR_basic.csv,/users/cooperfoster/desktop/hoops/box_scores/202501150TOR_TOR_advance.csv,,,,,
202502250TOR,,,,,/users/cooperfoster/desktop/hoops/box_scores/202502250TOR_BOS_basic.csv,/users/cooperfoster/desktop/hoops/box_scores/202502250TOR_BOS_advance.csv,,,,,,,,,,,,,,,,,,,,,,,,,,,,,,,,,,,,,,,,,,,,,,,,,/users/cooperfoster/desktop/hoops/box_scores/202502250TOR_TOR_basic.csv,/users/cooperfoster/desktop/hoops/box_scores/202502250TOR_TOR_advance.csv,,,,,
202412160TOR,,,,,,,/users/cooperfoster/desktop/hoops/box_scores/202412160TOR_CHI_basic.csv,/users/cooperfoster/desktop/hoops/box_scores/202412160TOR_CHI_advance.csv,,,,,,,,,,,,,,,,,,,,,,,,,,,,,,,,,,,,,,,,,,,,,,,/users/cooperfoster/desktop/hoops/box_scores/202412160TOR_TOR_basic.csv,/users/cooperfoster/desktop/hoops/box_scores/202412160TOR_TOR_advance.csv,,,,,
202501310TOR,,,,,,,/users/cooperfoster/desktop/hoops/box_scores/202501310TOR_CHI_basic.csv,/users/cooperfoster/desktop/hoops/box_scores/202501310TOR_CHI_advance.csv,,,,,,,,,,,,,,,,,,,,,,,,,,,,,,,,,,,,,,,,,,,,,,,/users/cooperfoster/desktop/hoops/box_scores/202501310TOR_TOR_basic.csv,/users/cooperfoster/desktop/hoops/box_scores/202501310TOR_TOR_advance.csv,,,,,
202503280TOR,,,,,,,,,/users/cooperfoster/desktop/hoops/box_scores/202503280TOR_CHO_basic.csv,/users/cooperfoster/desktop/hoops/box_scores/202503280TOR_CHO_advance.csv,,,,,,,,,,,,,,,,,,,,,,,,,,,,,,,,,,,,,,,,,,,,,/users/cooperfoster/desktop/hoops/box_scores/202503280TOR_TOR_basic.csv,/users/cooperfoster/desktop/hoops/box_scores/202503280TOR_TOR_advance.csv,,,,,
202504090TOR,,,,,,,,,/users/cooperfoster/desktop/hoops/box_scores/202504090TOR_CHO_basic.csv,/users/cooperfoster/desktop/hoops/box_scores/202504090TOR_CHO_advance.csv,,,,,,,,,,,,,,,,,,,,,,,,,,,,,,,,,,,,,,,,,,,,,/users/cooperfoster/desktop/hoops/box_scores/202504090TOR_TOR_basic.csv,/users/cooperfoster/desktop/hoops/box_scores/202504090TOR_TOR_advance.csv,,,,,
202410230TOR,,,,,,,,,,,/users/cooperfoster/desktop/hoops/box_scores/202410230TOR_CLE_basic.csv,/users/cooperfoster/desktop/hoops/box_scores/202410230TOR_CLE_advance.csv,,,,,,,,,,,,,,,,,,,,,,,,,,,,,,,,,,,,,,,,,,,/users/cooperfoster/desktop/hoops/box_scores/202410230TOR_TOR_basic.csv,/users/cooperfoster/desktop/hoops/box_scores/202410230TOR_TOR_advance.csv,,,,,
202502120TOR,,,,,,,,,,,/users/cooperfoster/desktop/hoops/box_scores/202502120TOR_CLE_basic.csv,/users/cooperfoster/desktop/hoops/box_scores/202502120TOR_CLE_advance.csv,,,,,,,,,,,,,,,,,,,,,,,,,,,,,,,,,,,,,,,,,,,/users/cooperfoster/desktop/hoops/box_scores/202502120TOR_TOR_basic.csv,/users/cooperfoster/desktop/hoops/box_scores/202502120TOR_TOR_advance.csv,,,,,
202412070TOR,,,,,,,,,,,,,/users/cooperfoster/desktop/hoops/box_scores/202412070TOR_DAL_basic.csv,/users/cooperfoster/desktop/hoops/box_scores/202412070TOR_DAL_advance.csv,,,,,,,,,,,,,,,,,,,,,,,,,,,,,,,,,,,,,,,,,/users/cooperfoster/desktop/hoops/box_scores/202412070TOR_TOR_basic.csv,/users/cooperfoster/desktop/hoops/box_scores/202412070TOR_TOR_advance.csv,,,,,
202410280TOR,,,,,,,,,,,,,,,/users/cooperfoster/desktop/hoops/box_scores/202410280TOR_DEN_basic.csv,/users/cooperfoster/desktop/hoops/box_scores/202410280TOR_DEN_advance.csv,,,,,,,,,,,,,,,,,,,,,,,,,,,,,,,,,,,,,,,/users/cooperfoster/desktop/hoops/box_scores/202410280TOR_TOR_basic.csv,/users/cooperfoster/desktop/hoops/box_scores/202410280TOR_TOR_advance.csv,,,,,
202411150TOR,,,,,,,,,,,,,,,,,/users/cooperfoster/desktop/hoops/box_scores/202411150TOR_DET_basic.csv,/users/cooperfoster/desktop/hoops/box_scores/202411150TOR_DET_advance.csv,,,,,,,,,,,,,,,,,,,,,,,,,,,,,,,,,,,,,/users/cooperfoster/desktop/hoops/box_scores/202411150TOR_TOR_basic.csv,/users/cooperfoster/desktop/hoops/box_scores/202411150TOR_TOR_advance.csv,,,,,
202504040TOR,,,,,,,,,,,,,,,,,/users/cooperfoster/desktop/hoops/box_scores/202504040TOR_DET_basic.csv,/users/cooperfoster/desktop/hoops/box_scores/202504040TOR_DET_advance.csv,,,,,,,,,,,,,,,,,,,,,,,,,,,,,,,,,,,,,/users/cooperfoster/desktop/hoops/box_scores/202504040TOR_TOR_basic.csv,/users/cooperfoster/desktop/hoops/box_scores/202504040TOR_TOR_advance.csv,,,,,
202501130TOR,,,,,,,,,,,,,,,,,,,/users/cooperfoster/desktop/hoops/box_scores/202501130TOR_GSW_basic.csv,/users/cooperfoster/desktop/hoops/box_scores/202501130TOR_GSW_advance.csv,,,,,,,,,,,,,,,,,,,,,,,,,,,,,,,,,,,/users/cooperfoster/desktop/hoops/box_scores/202501130TOR_TOR_basic.csv,/users/cooperfoster/desktop/hoops/box_scores/202501130TOR_TOR_advance.csv,,,,,
202412220TOR,,,,,,,,,,,,,,,,,,,,,/users/cooperfoster/desktop/hoops/box_scores/202412220TOR_HOU_basic.csv,/users/cooperfoster/desktop/hoops/box_scores/202412220TOR_HOU_advance.csv,,,,,,,,,,,,,,,,,,,,,,,,,,,,,,,,,/users/cooperfoster/desktop/hoops/box_scores/202412220TOR_TOR_basic.csv,/users/cooperfoster/desktop/hoops/box_scores/202412220TOR_TOR_advance.csv,,,,,
202411180TOR,,,,,,,,,,,,,,,,,,,,,,,/users/cooperfoster/desktop/hoops/box_scores/202411180TOR_IND_basic.csv,/users/cooperfoster/desktop/hoops/box_scores/202411180TOR_IND_advance.csv,,,,,,,,,,,,,,,,,,,,,,,,,,,,,,,/users/cooperfoster/desktop/hoops/box_scores/202411180TOR_TOR_basic.csv,/users/cooperfoster/desktop/hoops/box_scores/202411180TOR_TOR_advance.csv,,,,,
202412030TOR,,,,,,,,,,,,,,,,,,,,,,,/users/cooperfoster/desktop/hoops/box_scores/202412030TOR_IND_basic.csv,/users/cooperfoster/desktop/hoops/box_scores/202412030TOR_IND_advance.csv,,,,,,,,,,,,,,,,,,,,,,,,,,,,,,,/users/cooperfoster/desktop/hoops/box_scores/202412030TOR_TOR_basic.csv,/users/cooperfoster/desktop/hoops/box_scores/202412030TOR_TOR_advance.csv,,,,,
202502020TOR,,,,,,,,,,,,,,,,,,,,,,,,,/users/cooperfoster/desktop/hoops/box_scores/202502020TOR_LAC_basic.csv,/users/cooperfoster/desktop/hoops/box_scores/202502020TOR_LAC_advance.csv,,,,,,,,,,,,,,,,,,,,,,,,,,,,,/users/cooperfoster/desktop/hoops/box_scores/202502020TOR_TOR_basic.csv,/users/cooperfoster/desktop/hoops/box_scores/202502020TOR_TOR_advance.csv,,,,,
202411010TOR,,,,,,,,,,,,,,,,,,,,,,,,,,,/users/cooperfoster/desktop/hoops/box_scores/202411010TOR_LAL_basic.csv,/users/cooperfoster/desktop/hoops/box_scores/202411010TOR_LAL_advance.csv,,,,,,,,,,,,,,,,,,,,,,,,,,,/users/cooperfoster/desktop/hoops/box_scores/202411010TOR_TOR_basic.csv,/users/cooperfoster/desktop/hoops/box_scores/202411010TOR_TOR_advance.csv,,,,,
202502050TOR,,,,,,,,,,,,,,,,,,,,,,,,,,,,,/users/cooperfoster/desktop/hoops/box_scores/202502050TOR_MEM_basic.csv,/users/cooperfoster/desktop/hoops/box_scores/202502050TOR_MEM_advance.csv,,,,,,,,,,,,,,,,,,,,,,,,,/users/cooperfoster/desktop/hoops/box_scores/202502050TOR_TOR_basic.csv,/users/cooperfoster/desktop/hoops/box_scores/202502050TOR_TOR_advance.csv,,,,,
202412010TOR,,,,,,,,,,,,,,,,,,,,,,,,,,,,,,,/users/cooperfoster/desktop/hoops/box_scores/202412010TOR_MIA_basic.csv,/users/cooperfoster/desktop/hoops/box_scores/202412010TOR_MIA_advance.csv,,,,,,,,,,,,,,,,,,,,,,,/users/cooperfoster/desktop/hoops/box_scores/202412010TOR_TOR_basic.csv,/users/cooperfoster/desktop/hoops/box_scores/202412010TOR_TOR_advance.csv,,,,,
202502210TOR,,,,,,,,,,,,,,,,,,,,,,,,,,,,,,,/users/cooperfoster/desktop/hoops/box_scores/202502210TOR_MIA_basic.csv,/users/cooperfoster/desktop/hoops/box_scores/202502210TOR_MIA_advance.csv,,,,,,,,,,,,,,,,,,,,,,,/users/cooperfoster/desktop/hoops/box_scores/202502210TOR_TOR_basic.csv,/users/cooperfoster/desktop/hoops/box_scores/202502210TOR_TOR_advance.csv,,,,,
202501060TOR,,,,,,,,,,,,,,,,,,,,,,,,,,,,,,,,,/users/cooperfoster/desktop/hoops/box_scores/202501060TOR_MIL_basic.csv,/users/cooperfoster/desktop/hoops/box_scores/202501060TOR_MIL_advance.csv,,,,,,,,,,,,,,,,,,,,,/users/cooperfoster/desktop/hoops/box_scores/202501060TOR_TOR_basic.csv,/users/cooperfoster/desktop/hoops/box_scores/202501060TOR_TOR_advance.csv,,,,,
202411210TOR,,,,,,,,,,,,,,,,,,,,,,,,,,,,,,,,,,,/users/cooperfoster/desktop/hoops/box_scores/202411210TOR_MIN_basic.csv,/users/cooperfoster/desktop/hoops/box_scores/202411210TOR_MIN_advance.csv,,,,,,,,,,,,,,,,,,,/users/cooperfoster/desktop/hoops/box_scores/202411210TOR_TOR_basic.csv,/users/cooperfoster/desktop/hoops/box_scores/202411210TOR_TOR_advance.csv,,,,,
202501270TOR,,,,,,,,,,,,,,,,,,,,,,,,,,,,,,,,,,,,,/users/cooperfoster/desktop/hoops/box_scores/202501270TOR_NOP_basic.csv,/users/cooperfoster/desktop/hoops/box_scores/202501270TOR_NOP_advance.csv,,,,,,,,,,,,,,,,,/users/cooperfoster/desktop/hoops/box_scores/202501270TOR_TOR_basic.csv,/users/cooperfoster/desktop/hoops/box_scores/202501270TOR_TOR_advance.csv,,,,,
202412090TOR,,,,,,,,,,,,,,,,,,,,,,,,,,,,,,,,,,,,,,,/users/cooperfoster/desktop/hoops/box_scores/202412090TOR_NYK_basic.csv,/users/cooperfoster/desktop/hoops/box_scores/202412090TOR_NYK_advance.csv,,,,,,,,,,,,,,,/users/cooperfoster/desktop/hoops/box_scores/202412090TOR_TOR_basic.csv,/users/cooperfoster/desktop/hoops/box_scores/202412090TOR_TOR_advance.csv,,,,,
202502040TOR,,,,,,,,,,,,,,,,,,,,,,,,,,,,,,,,,,,,,,,/users/cooperfoster/desktop/hoops/box_scores/202502040TOR_NYK_basic.csv,/users/cooperfoster/desktop/hoops/box_scores/202502040TOR_NYK_advance.csv,,,,,,,,,,,,,,,/users/cooperfoster/desktop/hoops/box_scores/202502040TOR_TOR_basic.csv,/users/cooperfoster/desktop/hoops/box_scores/202502040TOR_TOR_advance.csv,,,,,
202412050TOR,,,,,,,,,,,,,,,,,,,,,,,,,,,,,,,,,,,,,,,,,/users/cooperfoster/desktop/hoops/box_scores/202412050TOR_OKC_basic.csv,/users/cooperfoster/desktop/hoops/box_scores/202412050TOR_OKC_advance.csv,,,,,,,,,,,,,/users/cooperfoster/desktop/hoops/box_scores/202412050TOR_TOR_basic.csv,/users/cooperfoster/desktop/hoops/box_scores/202412050TOR_TOR_advance.csv,,,,,
202501030TOR,,,,,,,,,,,,,,,,,,,,,,,,,,,,,,,,,,,,,,,,,,,/users/cooperfoster/desktop/hoops/box_scores/202501030TOR_ORL_basic.csv,/users/cooperfoster/desktop/hoops/box_scores/202501030TOR_ORL_advance.csv,,,,,,,,,,,/users/cooperfoster/desktop/hoops/box_scores/202501030TOR_TOR_basic.csv,/users/cooperfoster/desktop/hoops/box_scores/202501030TOR_TOR_advance.csv,,,,,
202501210TOR,,,,,,,,,,,,,,,,,,,,,,,,,,,,,,,,,,,,,,,,,,,/users/cooperfoster/desktop/hoops/box_scores/202501210TOR_ORL_basic.csv,/users/cooperfoster/desktop/hoops/box_scores/202501210TOR_ORL_advance.csv,,,,,,,,,,,/users/cooperfoster/desktop/hoops/box_scores/202501210TOR_TOR_basic.csv,/users/cooperfoster/desktop/hoops/box_scores/202501210TOR_TOR_advance.csv,,,,,
202410250TOR,,,,,,,,,,,,,,,,,,,,,,,,,,,,,,,,,,,,,,,,,,,,,/users/cooperfoster/desktop/hoops/box_scores/202410250TOR_PHI_basic.csv,/users/cooperfoster/desktop/hoops/box_scores/202410250TOR_PHI_advance.csv,,,,,,,,,/users/cooperfoster/desktop/hoops/box_scores/202410250TOR_TOR_basic.csv,/users/cooperfoster/desktop/hoops/box_scores/202410250TOR_TOR_advance.csv,,,,,
202503120TOR,,,,,,,,,,,,,,,,,,,,,,,,,,,,,,,,,,,,,,,,,,,,,/users/cooperfoster/desktop/hoops/box_scores/202503120TOR_PHI_basic.csv,/users/cooperfoster/desktop/hoops/box_scores/202503120TOR_PHI_advance.csv,,,,,,,,,/users/cooperfoster/desktop/hoops/box_scores/202503120TOR_TOR_basic.csv,/users/cooperfoster/desktop/hoops/box_scores/202503120TOR_TOR_advance.csv,,,,,
202502230TOR,,,,,,,,,,,,,,,,,,,,,,,,,,,,,,,,,,,,,,,,,,,,,,,/users/cooperfoster/desktop/hoops/box_scores/202502230TOR_PHO_basic.csv,/users/cooperfoster/desktop/hoops/box_scores/202502230TOR_PHO_advance.csv,,,,,,,/users/cooperfoster/desktop/hoops/box_scores/202502230TOR_TOR_basic.csv,/users/cooperfoster/desktop/hoops/box_scores/202502230TOR_TOR_advance.csv,,,,,
202504030TOR,,,,,,,,,,,,,,,,,,,,,,,,,,,,,,,,,,,,,,,,,,,,,,,,,/users/cooperfoster/desktop/hoops/box_scores/202504030TOR_POR_basic.csv,/users/cooperfoster/desktop/hoops/box_scores/202504030TOR_POR_advance.csv,,,,,/users/cooperfoster/desktop/hoops/box_scores/202504030TOR_TOR_basic.csv,/users/cooperfoster/desktop/hoops/box_scores/202504030TOR_TOR_advance.csv,,,,,
202411020TOR,,,,,,,,,,,,,,,,,,,,,,,,,,,,,,,,,,,,,,,,,,,,,,,,,,,/users/cooperfoster/desktop/hoops/box_scores/202411020TOR_SAC_basic.csv,/users/cooperfoster/desktop/hoops/box_scores/202411020TOR_SAC_advance.csv,,,/users/cooperfoster/desktop/hoops/box_scores/202411020TOR_TOR_basic.csv,/users/cooperfoster/desktop/hoops/box_scores/202411020TOR_TOR_advance.csv,,,,,
202503230TOR,,,,,,,,,,,,,,,,,,,,,,,,,,,,,,,,,,,,,,,,,,,,,,,,,,,,,/users/cooperfoster/desktop/hoops/box_scores/202503230TOR_SAS_basic.csv,/users/cooperfoster/desktop/hoops/box_scores/202503230TOR_SAS_advance.csv,/users/cooperfoster/desktop/hoops/box_scores/202503230TOR_TOR_basic.csv,/users/cooperfoster/desktop/hoops/box_scores/202503230TOR_TOR_advance.csv,,,,,
202503070TOR,,,,,,,,,,,,,,,,,,,,,,,,,,,,,,,,,,,,,,,,,,,,,,,,,,,,,,,/users/cooperfoster/desktop/hoops/box_scores/202503070TOR_TOR_basic.csv,/users/cooperfoster/desktop/hoops/box_scores/202503070TOR_TOR_advance.csv,/users/cooperfoster/desktop/hoops/box_scores/202503070TOR_UTA_basic.csv,/users/cooperfoster/desktop/hoops/box_scores/202503070TOR_UTA_advance.csv,,,
202503080TOR,,,,,,,,,,,,,,,,,,,,,,,,,,,,,,,,,,,,,,,,,,,,,,,,,,,,,,,/users/cooperfoster/desktop/hoops/box_scores/202503080TOR_TOR_basic.csv,/users/cooperfoster/desktop/hoops/box_scores/202503080TOR_TOR_advance.csv,,,/users/cooperfoster/desktop/hoops/box_scores/202503080TOR_WAS_basic.csv,/users/cooperfoster/desktop/hoops/box_scores/202503080TOR_WAS_advance.csv,
202503100TOR,,,,,,,,,,,,,,,,,,,,,,,,,,,,,,,,,,,,,,,,,,,,,,,,,,,,,,,/users/cooperfoster/desktop/hoops/box_scores/202503100TOR_TOR_basic.csv,/users/cooperfoster/desktop/hoops/box_scores/202503100TOR_TOR_advance.csv,,,/users/cooperfoster/desktop/hoops/box_scores/202503100TOR_WAS_basic.csv,/users/cooperfoster/desktop/hoops/box_scores/202503100TOR_WAS_advance.csv,
202501070UTA,/users/cooperfoster/desktop/hoops/box_scores/202501070UTA_ATL_basic.csv,/users/cooperfoster/desktop/hoops/box_scores/202501070UTA_ATL_advance.csv,,,,,,,,,,,,,,,,,,,,,,,,,,,,,,,,,,,,,,,,,,,,,,,,,,,,,,,/users/cooperfoster/desktop/hoops/box_scores/202501070UTA_UTA_basic.csv,/users/cooperfoster/desktop/hoops/box_scores/202501070UTA_UTA_advance.csv,,,
202501120UTA,,,/users/cooperfoster/desktop/hoops/box_scores/202501120UTA_BRK_basic.csv,/users/cooperfoster/desktop/hoops/box_scores/202501120UTA_BRK_advance.csv,,,,,,,,,,,,,,,,,,,,,,,,,,,,,,,,,,,,,,,,,,,,,,,,,,,,,/users/cooperfoster/desktop/hoops/box_scores/202501120UTA_UTA_basic.csv,/users/cooperfoster/desktop/hoops/box_scores/202501120UTA_UTA_advance.csv,,,
202503210UTA,,,,,/users/cooperfoster/desktop/hoops/box_scores/202503210UTA_BOS_basic.csv,/users/cooperfoster/desktop/hoops/box_scores/202503210UTA_BOS_advance.csv,,,,,,,,,,,,,,,,,,,,,,,,,,,,,,,,,,,,,,,,,,,,,,,,,,,/users/cooperfoster/desktop/hoops/box_scores/202503210UTA_UTA_basic.csv,/users/cooperfoster/desktop/hoops/box_scores/202503210UTA_UTA_advance.csv,,,
202503170UTA,,,,,,,/users/cooperfoster/desktop/hoops/box_scores/202503170UTA_CHI_basic.csv,/users/cooperfoster/desktop/hoops/box_scores/202503170UTA_CHI_advance.csv,,,,,,,,,,,,,,,,,,,,,,,,,,,,,,,,,,,,,,,,,,,,,,,,,/users/cooperfoster/desktop/hoops/box_scores/202503170UTA_UTA_basic.csv,/users/cooperfoster/desktop/hoops/box_scores/202503170UTA_UTA_advance.csv,,,
202501150UTA,,,,,,,,,/users/cooperfoster/desktop/hoops/box_scores/202501150UTA_CHO_basic.csv,/users/cooperfoster/desktop/hoops/box_scores/202501150UTA_CHO_advance.csv,,,,,,,,,,,,,,,,,,,,,,,,,,,,,,,,,,,,,,,,,,,,,,,/users/cooperfoster/desktop/hoops/box_scores/202501150UTA_UTA_basic.csv,/users/cooperfoster/desktop/hoops/box_scores/202501150UTA_UTA_advance.csv,,,
202503230UTA,,,,,,,,,,,/users/cooperfoster/desktop/hoops/box_scores/202503230UTA_CLE_basic.csv,/users/cooperfoster/desktop/hoops/box_scores/202503230UTA_CLE_advance.csv,,,,,,,,,,,,,,,,,,,,,,,,,,,,,,,,,,,,,,,,,,,,,/users/cooperfoster/desktop/hoops/box_scores/202503230UTA_UTA_basic.csv,/users/cooperfoster/desktop/hoops/box_scores/202503230UTA_UTA_advance.csv,,,
202411140UTA,,,,,,,,,,,,,/users/cooperfoster/desktop/hoops/box_scores/202411140UTA_DAL_basic.csv,/users/cooperfoster/desktop/hoops/box_scores/202411140UTA_DAL_advance.csv,,,,,,,,,,,,,,,,,,,,,,,,,,,,,,,,,,,,,,,,,,,/users/cooperfoster/desktop/hoops/box_scores/202411140UTA_UTA_basic.csv,/users/cooperfoster/desktop/hoops/box_scores/202411140UTA_UTA_advance.csv,,,
202411300UTA,,,,,,,,,,,,,/users/cooperfoster/desktop/hoops/box_scores/202411300UTA_DAL_basic.csv,/users/cooperfoster/desktop/hoops/box_scores/202411300UTA_DAL_advance.csv,,,,,,,,,,,,,,,,,,,,,,,,,,,,,,,,,,,,,,,,,,,/users/cooperfoster/desktop/hoops/box_scores/202411300UTA_UTA_basic.csv,/users/cooperfoster/desktop/hoops/box_scores/202411300UTA_UTA_advance.csv,,,
202411270UTA,,,,,,,,,,,,,,,/users/cooperfoster/desktop/hoops/box_scores/202411270UTA_DEN_basic.csv,/users/cooperfoster/desktop/hoops/box_scores/202411270UTA_DEN_advance.csv,,,,,,,,,,,,,,,,,,,,,,,,,,,,,,,,,,,,,,,,,/users/cooperfoster/desktop/hoops/box_scores/202411270UTA_UTA_basic.csv,/users/cooperfoster/desktop/hoops/box_scores/202411270UTA_UTA_advance.csv,,,
202412300UTA,,,,,,,,,,,,,,,/users/cooperfoster/desktop/hoops/box_scores/202412300UTA_DEN_basic.csv,/users/cooperfoster/desktop/hoops/box_scores/202412300UTA_DEN_advance.csv,,,,,,,,,,,,,,,,,,,,,,,,,,,,,,,,,,,,,,,,,/users/cooperfoster/desktop/hoops/box_scores/202412300UTA_UTA_basic.csv,/users/cooperfoster/desktop/hoops/box_scores/202412300UTA_UTA_advance.csv,,,
202503030UTA,,,,,,,,,,,,,,,,,/users/cooperfoster/desktop/hoops/box_scores/202503030UTA_DET_basic.csv,/users/cooperfoster/desktop/hoops/box_scores/202503030UTA_DET_advance.csv,,,,,,,,,,,,,,,,,,,,,,,,,,,,,,,,,,,,,,,/users/cooperfoster/desktop/hoops/box_scores/202503030UTA_UTA_basic.csv,/users/cooperfoster/desktop/hoops/box_scores/202503030UTA_UTA_advance.csv,,,
202410250UTA,,,,,,,,,,,,,,,,,,,/users/cooperfoster/desktop/hoops/box_scores/202410250UTA_GSW_basic.csv,/users/cooperfoster/desktop/hoops/box_scores/202410250UTA_GSW_advance.csv,,,,,,,,,,,,,,,,,,,,,,,,,,,,,,,,,,,,,/users/cooperfoster/desktop/hoops/box_scores/202410250UTA_UTA_basic.csv,/users/cooperfoster/desktop/hoops/box_scores/202410250UTA_UTA_advance.csv,,,
202502050UTA,,,,,,,,,,,,,,,,,,,/users/cooperfoster/desktop/hoops/box_scores/202502050UTA_GSW_basic.csv,/users/cooperfoster/desktop/hoops/box_scores/202502050UTA_GSW_advance.csv,,,,,,,,,,,,,,,,,,,,,,,,,,,,,,,,,,,,,/users/cooperfoster/desktop/hoops/box_scores/202502050UTA_UTA_basic.csv,/users/cooperfoster/desktop/hoops/box_scores/202502050UTA_UTA_advance.csv,,,
202502220UTA,,,,,,,,,,,,,,,,,,,,,/users/cooperfoster/desktop/hoops/box_scores/202502220UTA_HOU_basic.csv,/users/cooperfoster/desktop/hoops/box_scores/202502220UTA_HOU_advance.csv,,,,,,,,,,,,,,,,,,,,,,,,,,,,,,,,,,,/users/cooperfoster/desktop/hoops/box_scores/202502220UTA_UTA_basic.csv,/users/cooperfoster/desktop/hoops/box_scores/202502220UTA_UTA_advance.csv,,,
202503270UTA,,,,,,,,,,,,,,,,,,,,,/users/cooperfoster/desktop/hoops/box_scores/202503270UTA_HOU_basic.csv,/users/cooperfoster/desktop/hoops/box_scores/202503270UTA_HOU_advance.csv,,,,,,,,,,,,,,,,,,,,,,,,,,,,,,,,,,,/users/cooperfoster/desktop/hoops/box_scores/202503270UTA_UTA_basic.csv,/users/cooperfoster/desktop/hoops/box_scores/202503270UTA_UTA_advance.csv,,,
202502030UTA,,,,,,,,,,,,,,,,,,,,,,,/users/cooperfoster/desktop/hoops/box_scores/202502030UTA_IND_basic.csv,/users/cooperfoster/desktop/hoops/box_scores/202502030UTA_IND_advance.csv,,,,,,,,,,,,,,,,,,,,,,,,,,,,,,,,,/users/cooperfoster/desktop/hoops/box_scores/202502030UTA_UTA_basic.csv,/users/cooperfoster/desktop/hoops/box_scores/202502030UTA_UTA_advance.csv,,,
202502130UTA,,,,,,,,,,,,,,,,,,,,,,,,,/users/cooperfoster/desktop/hoops/box_scores/202502130UTA_LAC_basic.csv,/users/cooperfoster/desktop/hoops/box_scores/202502130UTA_LAC_advance.csv,,,,,,,,,,,,,,,,,,,,,,,,,,,,,,,/users/cooperfoster/desktop/hoops/box_scores/202502130UTA_UTA_basic.csv,/users/cooperfoster/desktop/hoops/box_scores/202502130UTA_UTA_advance.csv,,,
202412010UTA,,,,,,,,,,,,,,,,,,,,,,,,,,,/users/cooperfoster/desktop/hoops/box_scores/202412010UTA_LAL_basic.csv,/users/cooperfoster/desktop/hoops/box_scores/202412010UTA_LAL_advance.csv,,,,,,,,,,,,,,,,,,,,,,,,,,,,,/users/cooperfoster/desktop/hoops/box_scores/202412010UTA_UTA_basic.csv,/users/cooperfoster/desktop/hoops/box_scores/202412010UTA_UTA_advance.csv,,,
202502120UTA,,,,,,,,,,,,,,,,,,,,,,,,,,,/users/cooperfoster/desktop/hoops/box_scores/202502120UTA_LAL_basic.csv,/users/cooperfoster/desktop/hoops/box_scores/202502120UTA_LAL_advance.csv,,,,,,,,,,,,,,,,,,,,,,,,,,,,,/users/cooperfoster/desktop/hoops/box_scores/202502120UTA_UTA_basic.csv,/users/cooperfoster/desktop/hoops/box_scores/202502120UTA_UTA_advance.csv,,,
202410230UTA,,,,,,,,,,,,,,,,,,,,,,,,,,,,,/users/cooperfoster/desktop/hoops/box_scores/202410230UTA_MEM_basic.csv,/users/cooperfoster/desktop/hoops/box_scores/202410230UTA_MEM_advance.csv,,,,,,,,,,,,,,,,,,,,,,,,,,,/users/cooperfoster/desktop/hoops/box_scores/202410230UTA_UTA_basic.csv,/users/cooperfoster/desktop/hoops/box_scores/202410230UTA_UTA_advance.csv,,,
202503250UTA,,,,,,,,,,,,,,,,,,,,,,,,,,,,,/users/cooperfoster/desktop/hoops/box_scores/202503250UTA_MEM_basic.csv,/users/cooperfoster/desktop/hoops/box_scores/202503250UTA_MEM_advance.csv,,,,,,,,,,,,,,,,,,,,,,,,,,,/users/cooperfoster/desktop/hoops/box_scores/202503250UTA_UTA_basic.csv,/users/cooperfoster/desktop/hoops/box_scores/202503250UTA_UTA_advance.csv,,,
202501090UTA,,,,,,,,,,,,,,,,,,,,,,,,,,,,,,,/users/cooperfoster/desktop/hoops/box_scores/202501090UTA_MIA_basic.csv,/users/cooperfoster/desktop/hoops/box_scores/202501090UTA_MIA_advance.csv,,,,,,,,,,,,,,,,,,,,,,,,,/users/cooperfoster/desktop/hoops/box_scores/202501090UTA_UTA_basic.csv,/users/cooperfoster/desktop/hoops/box_scores/202501090UTA_UTA_advance.csv,,,
202501270UTA,,,,,,,,,,,,,,,,,,,,,,,,,,,,,,,,,/users/cooperfoster/desktop/hoops/box_scores/202501270UTA_MIL_basic.csv,/users/cooperfoster/desktop/hoops/box_scores/202501270UTA_MIL_advance.csv,,,,,,,,,,,,,,,,,,,,,,,/users/cooperfoster/desktop/hoops/box_scores/202501270UTA_UTA_basic.csv,/users/cooperfoster/desktop/hoops/box_scores/202501270UTA_UTA_advance.csv,,,
202501300UTA,,,,,,,,,,,,,,,,,,,,,,,,,,,,,,,,,,,/users/cooperfoster/desktop/hoops/box_scores/202501300UTA_MIN_basic.csv,/users/cooperfoster/desktop/hoops/box_scores/202501300UTA_MIN_advance.csv,,,,,,,,,,,,,,,,,,,,,/users/cooperfoster/desktop/hoops/box_scores/202501300UTA_UTA_basic.csv,/users/cooperfoster/desktop/hoops/box_scores/202501300UTA_UTA_advance.csv,,,
202502280UTA,,,,,,,,,,,,,,,,,,,,,,,,,,,,,,,,,,,/users/cooperfoster/desktop/hoops/box_scores/202502280UTA_MIN_basic.csv,/users/cooperfoster/desktop/hoops/box_scores/202502280UTA_MIN_advance.csv,,,,,,,,,,,,,,,,,,,,,/users/cooperfoster/desktop/hoops/box_scores/202502280UTA_UTA_basic.csv,/users/cooperfoster/desktop/hoops/box_scores/202502280UTA_UTA_advance.csv,,,
202503020UTA,,,,,,,,,,,,,,,,,,,,,,,,,,,,,,,,,,,,,/users/cooperfoster/desktop/hoops/box_scores/202503020UTA_NOP_basic.csv,/users/cooperfoster/desktop/hoops/box_scores/202503020UTA_NOP_advance.csv,,,,,,,,,,,,,,,,,,,/users/cooperfoster/desktop/hoops/box_scores/202503020UTA_UTA_basic.csv,/users/cooperfoster/desktop/hoops/box_scores/202503020UTA_UTA_advance.csv,,,
202411230UTA,,,,,,,,,,,,,,,,,,,,,,,,,,,,,,,,,,,,,,,/users/cooperfoster/desktop/hoops/box_scores/202411230UTA_NYK_basic.csv,/users/cooperfoster/desktop/hoops/box_scores/202411230UTA_NYK_advance.csv,,,,,,,,,,,,,,,,,/users/cooperfoster/desktop/hoops/box_scores/202411230UTA_UTA_basic.csv,/users/cooperfoster/desktop/hoops/box_scores/202411230UTA_UTA_advance.csv,,,
202502210UTA,,,,,,,,,,,,,,,,,,,,,,,,,,,,,,,,,,,,,,,,,/users/cooperfoster/desktop/hoops/box_scores/202502210UTA_OKC_basic.csv,/users/cooperfoster/desktop/hoops/box_scores/202502210UTA_OKC_advance.csv,,,,,,,,,,,,,,,/users/cooperfoster/desktop/hoops/box_scores/202502210UTA_UTA_basic.csv,/users/cooperfoster/desktop/hoops/box_scores/202502210UTA_UTA_advance.csv,,,
202504110UTA,,,,,,,,,,,,,,,,,,,,,,,,,,,,,,,,,,,,,,,,,/users/cooperfoster/desktop/hoops/box_scores/202504110UTA_OKC_basic.csv,/users/cooperfoster/desktop/hoops/box_scores/202504110UTA_OKC_advance.csv,,,,,,,,,,,,,,,/users/cooperfoster/desktop/hoops/box_scores/202504110UTA_UTA_basic.csv,/users/cooperfoster/desktop/hoops/box_scores/202504110UTA_UTA_advance.csv,,,
202502010UTA,,,,,,,,,,,,,,,,,,,,,,,,,,,,,,,,,,,,,,,,,,,/users/cooperfoster/desktop/hoops/box_scores/202502010UTA_ORL_basic.csv,/users/cooperfoster/desktop/hoops/box_scores/202502010UTA_ORL_advance.csv,,,,,,,,,,,,,/users/cooperfoster/desktop/hoops/box_scores/202502010UTA_UTA_basic.csv,/users/cooperfoster/desktop/hoops/box_scores/202502010UTA_UTA_advance.csv,,,
202412280UTA,,,,,,,,,,,,,,,,,,,,,,,,,,,,,,,,,,,,,,,,,,,,,/users/cooperfoster/desktop/hoops/box_scores/202412280UTA_PHI_basic.csv,/users/cooperfoster/desktop/hoops/box_scores/202412280UTA_PHI_advance.csv,,,,,,,,,,,/users/cooperfoster/desktop/hoops/box_scores/202412280UTA_UTA_basic.csv,/users/cooperfoster/desktop/hoops/box_scores/202412280UTA_UTA_advance.csv,,,
202411120UTA,,,,,,,,,,,,,,,,,,,,,,,,,,,,,,,,,,,,,,,,,,,,,,,/users/cooperfoster/desktop/hoops/box_scores/202411120UTA_PHO_basic.csv,/users/cooperfoster/desktop/hoops/box_scores/202411120UTA_PHO_advance.csv,,,,,,,,,/users/cooperfoster/desktop/hoops/box_scores/202411120UTA_UTA_basic.csv,/users/cooperfoster/desktop/hoops/box_scores/202411120UTA_UTA_advance.csv,,,
202412130UTA,,,,,,,,,,,,,,,,,,,,,,,,,,,,,,,,,,,,,,,,,,,,,,,/users/cooperfoster/desktop/hoops/box_scores/202412130UTA_PHO_basic.csv,/users/cooperfoster/desktop/hoops/box_scores/202412130UTA_PHO_advance.csv,,,,,,,,,/users/cooperfoster/desktop/hoops/box_scores/202412130UTA_UTA_basic.csv,/users/cooperfoster/desktop/hoops/box_scores/202412130UTA_UTA_advance.csv,,,
202502240UTA,,,,,,,,,,,,,,,,,,,,,,,,,,,,,,,,,,,,,,,,,,,,,,,,,/users/cooperfoster/desktop/hoops/box_scores/202502240UTA_POR_basic.csv,/users/cooperfoster/desktop/hoops/box_scores/202502240UTA_POR_advance.csv,,,,,,,/users/cooperfoster/desktop/hoops/box_scores/202502240UTA_UTA_basic.csv,/users/cooperfoster/desktop/hoops/box_scores/202502240UTA_UTA_advance.csv,,,
202504090UTA,,,,,,,,,,,,,,,,,,,,,,,,,,,,,,,,,,,,,,,,,,,,,,,,,/users/cooperfoster/desktop/hoops/box_scores/202504090UTA_POR_basic.csv,/users/cooperfoster/desktop/hoops/box_scores/202504090UTA_POR_advance.csv,,,,,,,/users/cooperfoster/desktop/hoops/box_scores/202504090UTA_UTA_basic.csv,/users/cooperfoster/desktop/hoops/box_scores/202504090UTA_UTA_advance.csv,,,
202410290UTA,,,,,,,,,,,,,,,,,,,,,,,,,,,,,,,,,,,,,,,,,,,,,,,,,,,/users/cooperfoster/desktop/hoops/box_scores/202410290UTA_SAC_basic.csv,/users/cooperfoster/desktop/hoops/box_scores/202410290UTA_SAC_advance.csv,,,,,/users/cooperfoster/desktop/hoops/box_scores/202410290UTA_UTA_basic.csv,/users/cooperfoster/desktop/hoops/box_scores/202410290UTA_UTA_advance.csv,,,
202502260UTA,,,,,,,,,,,,,,,,,,,,,,,,,,,,,,,,,,,,,,,,,,,,,,,,,,,/users/cooperfoster/desktop/hoops/box_scores/202502260UTA_SAC_basic.csv,/users/cooperfoster/desktop/hoops/box_scores/202502260UTA_SAC_advance.csv,,,,,/users/cooperfoster/desktop/hoops/box_scores/202502260UTA_UTA_basic.csv,/users/cooperfoster/desktop/hoops/box_scores/202502260UTA_UTA_advance.csv,,,
202410310UTA,,,,,,,,,,,,,,,,,,,,,,,,,,,,,,,,,,,,,,,,,,,,,,,,,,,,,/users/cooperfoster/desktop/hoops/box_scores/202410310UTA_SAS_basic.csv,/users/cooperfoster/desktop/hoops/box_scores/202410310UTA_SAS_advance.csv,,,/users/cooperfoster/desktop/hoops/box_scores/202410310UTA_UTA_basic.csv,/users/cooperfoster/desktop/hoops/box_scores/202410310UTA_UTA_advance.csv,,,
202411260UTA,,,,,,,,,,,,,,,,,,,,,,,,,,,,,,,,,,,,,,,,,,,,,,,,,,,,,/users/cooperfoster/desktop/hoops/box_scores/202411260UTA_SAS_basic.csv,/users/cooperfoster/desktop/hoops/box_scores/202411260UTA_SAS_advance.csv,,,/users/cooperfoster/desktop/hoops/box_scores/202411260UTA_UTA_basic.csv,/users/cooperfoster/desktop/hoops/box_scores/202411260UTA_UTA_advance.csv,,,
202503140UTA,,,,,,,,,,,,,,,,,,,,,,,,,,,,,,,,,,,,,,,,,,,,,,,,,,,,,,,/users/cooperfoster/desktop/hoops/box_scores/202503140UTA_TOR_basic.csv,/users/cooperfoster/desktop/hoops/box_scores/202503140UTA_TOR_advance.csv,/users/cooperfoster/desktop/hoops/box_scores/202503140UTA_UTA_basic.csv,/users/cooperfoster/desktop/hoops/box_scores/202503140UTA_UTA_advance.csv,,,
202503190UTA,,,,,,,,,,,,,,,,,,,,,,,,,,,,,,,,,,,,,,,,,,,,,,,,,,,,,,,,,/users/cooperfoster/desktop/hoops/box_scores/202503190UTA_UTA_basic.csv,/users/cooperfoster/desktop/hoops/box_scores/202503190UTA_UTA_advance.csv,/users/cooperfoster/desktop/hoops/box_scores/202503190UTA_WAS_basic.csv,/users/cooperfoster/desktop/hoops/box_scores/202503190UTA_WAS_advance.csv,
202410300WAS,/users/cooperfoster/desktop/hoops/box_scores/202410300WAS_ATL_basic.csv,/users/cooperfoster/desktop/hoops/box_scores/202410300WAS_ATL_advance.csv,,,,,,,,,,,,,,,,,,,,,,,,,,,,,,,,,,,,,,,,,,,,,,,,,,,,,,,,,/users/cooperfoster/desktop/hoops/box_scores/202410300WAS_WAS_basic.csv,/users/cooperfoster/desktop/hoops/box_scores/202410300WAS_WAS_advance.csv,
202502080WAS,/users/cooperfoster/desktop/hoops/box_scores/202502080WAS_ATL_basic.csv,/users/cooperfoster/desktop/hoops/box_scores/202502080WAS_ATL_advance.csv,,,,,,,,,,,,,,,,,,,,,,,,,,,,,,,,,,,,,,,,,,,,,,,,,,,,,,,,,/users/cooperfoster/desktop/hoops/box_scores/202502080WAS_WAS_basic.csv,/users/cooperfoster/desktop/hoops/box_scores/202502080WAS_WAS_advance.csv,
202502240WAS,,,/users/cooperfoster/desktop/hoops/box_scores/202502240WAS_BRK_basic.csv,/users/cooperfoster/desktop/hoops/box_scores/202502240WAS_BRK_advance.csv,,,,,,,,,,,,,,,,,,,,,,,,,,,,,,,,,,,,,,,,,,,,,,,,,,,,,,,/users/cooperfoster/desktop/hoops/box_scores/202502240WAS_WAS_basic.csv,/users/cooperfoster/desktop/hoops/box_scores/202502240WAS_WAS_advance.csv,
202503290WAS,,,/users/cooperfoster/desktop/hoops/box_scores/202503290WAS_BRK_basic.csv,/users/cooperfoster/desktop/hoops/box_scores/202503290WAS_BRK_advance.csv,,,,,,,,,,,,,,,,,,,,,,,,,,,,,,,,,,,,,,,,,,,,,,,,,,,,,,,/users/cooperfoster/desktop/hoops/box_scores/202503290WAS_WAS_basic.csv,/users/cooperfoster/desktop/hoops/box_scores/202503290WAS_WAS_advance.csv,
202410240WAS,,,,,/users/cooperfoster/desktop/hoops/box_scores/202410240WAS_BOS_basic.csv,/users/cooperfoster/desktop/hoops/box_scores/202410240WAS_BOS_advance.csv,,,,,,,,,,,,,,,,,,,,,,,,,,,,,,,,,,,,,,,,,,,,,,,,,,,,,/users/cooperfoster/desktop/hoops/box_scores/202410240WAS_WAS_basic.csv,/users/cooperfoster/desktop/hoops/box_scores/202410240WAS_WAS_advance.csv,
202411220WAS,,,,,/users/cooperfoster/desktop/hoops/box_scores/202411220WAS_BOS_basic.csv,/users/cooperfoster/desktop/hoops/box_scores/202411220WAS_BOS_advance.csv,,,,,,,,,,,,,,,,,,,,,,,,,,,,,,,,,,,,,,,,,,,,,,,,,,,,,/users/cooperfoster/desktop/hoops/box_scores/202411220WAS_WAS_basic.csv,/users/cooperfoster/desktop/hoops/box_scores/202411220WAS_WAS_advance.csv,
202412150WAS,,,,,/users/cooperfoster/desktop/hoops/box_scores/202412150WAS_BOS_basic.csv,/users/cooperfoster/desktop/hoops/box_scores/202412150WAS_BOS_advance.csv,,,,,,,,,,,,,,,,,,,,,,,,,,,,,,,,,,,,,,,,,,,,,,,,,,,,,/users/cooperfoster/desktop/hoops/box_scores/202412150WAS_WAS_basic.csv,/users/cooperfoster/desktop/hoops/box_scores/202412150WAS_WAS_advance.csv,
202411260WAS,,,,,,,/users/cooperfoster/desktop/hoops/box_scores/202411260WAS_CHI_basic.csv,/users/cooperfoster/desktop/hoops/box_scores/202411260WAS_CHI_advance.csv,,,,,,,,,,,,,,,,,,,,,,,,,,,,,,,,,,,,,,,,,,,,,,,,,,,/users/cooperfoster/desktop/hoops/box_scores/202411260WAS_WAS_basic.csv,/users/cooperfoster/desktop/hoops/box_scores/202411260WAS_WAS_advance.csv,
202501010WAS,,,,,,,/users/cooperfoster/desktop/hoops/box_scores/202501010WAS_CHI_basic.csv,/users/cooperfoster/desktop/hoops/box_scores/202501010WAS_CHI_advance.csv,,,,,,,,,,,,,,,,,,,,,,,,,,,,,,,,,,,,,,,,,,,,,,,,,,,/users/cooperfoster/desktop/hoops/box_scores/202501010WAS_WAS_basic.csv,/users/cooperfoster/desktop/hoops/box_scores/202501010WAS_WAS_advance.csv,
202412190WAS,,,,,,,,,/users/cooperfoster/desktop/hoops/box_scores/202412190WAS_CHO_basic.csv,/users/cooperfoster/desktop/hoops/box_scores/202412190WAS_CHO_advance.csv,,,,,,,,,,,,,,,,,,,,,,,,,,,,,,,,,,,,,,,,,,,,,,,,,/users/cooperfoster/desktop/hoops/box_scores/202412190WAS_WAS_basic.csv,/users/cooperfoster/desktop/hoops/box_scores/202412190WAS_WAS_advance.csv,
202412260WAS,,,,,,,,,/users/cooperfoster/desktop/hoops/box_scores/202412260WAS_CHO_basic.csv,/users/cooperfoster/desktop/hoops/box_scores/202412260WAS_CHO_advance.csv,,,,,,,,,,,,,,,,,,,,,,,,,,,,,,,,,,,,,,,,,,,,,,,,,/users/cooperfoster/desktop/hoops/box_scores/202412260WAS_WAS_basic.csv,/users/cooperfoster/desktop/hoops/box_scores/202412260WAS_WAS_advance.csv,
202410260WAS,,,,,,,,,,,/users/cooperfoster/desktop/hoops/box_scores/202410260WAS_CLE_basic.csv,/users/cooperfoster/desktop/hoops/box_scores/202410260WAS_CLE_advance.csv,,,,,,,,,,,,,,,,,,,,,,,,,,,,,,,,,,,,,,,,,,,,,,,/users/cooperfoster/desktop/hoops/box_scores/202410260WAS_WAS_basic.csv,/users/cooperfoster/desktop/hoops/box_scores/202410260WAS_WAS_advance.csv,
202502070WAS,,,,,,,,,,,/users/cooperfoster/desktop/hoops/box_scores/202502070WAS_CLE_basic.csv,/users/cooperfoster/desktop/hoops/box_scores/202502070WAS_CLE_advance.csv,,,,,,,,,,,,,,,,,,,,,,,,,,,,,,,,,,,,,,,,,,,,,,,/users/cooperfoster/desktop/hoops/box_scores/202502070WAS_WAS_basic.csv,/users/cooperfoster/desktop/hoops/box_scores/202502070WAS_WAS_advance.csv,
202412050WAS,,,,,,,,,,,,,/users/cooperfoster/desktop/hoops/box_scores/202412050WAS_DAL_basic.csv,/users/cooperfoster/desktop/hoops/box_scores/202412050WAS_DAL_advance.csv,,,,,,,,,,,,,,,,,,,,,,,,,,,,,,,,,,,,,,,,,,,,,/users/cooperfoster/desktop/hoops/box_scores/202412050WAS_WAS_basic.csv,/users/cooperfoster/desktop/hoops/box_scores/202412050WAS_WAS_advance.csv,
202412070WAS,,,,,,,,,,,,,,,/users/cooperfoster/desktop/hoops/box_scores/202412070WAS_DEN_basic.csv,/users/cooperfoster/desktop/hoops/box_scores/202412070WAS_DEN_advance.csv,,,,,,,,,,,,,,,,,,,,,,,,,,,,,,,,,,,,,,,,,,,/users/cooperfoster/desktop/hoops/box_scores/202412070WAS_WAS_basic.csv,/users/cooperfoster/desktop/hoops/box_scores/202412070WAS_WAS_advance.csv,
202411170WAS,,,,,,,,,,,,,,,,,/users/cooperfoster/desktop/hoops/box_scores/202411170WAS_DET_basic.csv,/users/cooperfoster/desktop/hoops/box_scores/202411170WAS_DET_advance.csv,,,,,,,,,,,,,,,,,,,,,,,,,,,,,,,,,,,,,,,,,/users/cooperfoster/desktop/hoops/box_scores/202411170WAS_WAS_basic.csv,/users/cooperfoster/desktop/hoops/box_scores/202411170WAS_WAS_advance.csv,
202411040WAS,,,,,,,,,,,,,,,,,,,/users/cooperfoster/desktop/hoops/box_scores/202411040WAS_GSW_basic.csv,/users/cooperfoster/desktop/hoops/box_scores/202411040WAS_GSW_advance.csv,,,,,,,,,,,,,,,,,,,,,,,,,,,,,,,,,,,,,,,/users/cooperfoster/desktop/hoops/box_scores/202411040WAS_WAS_basic.csv,/users/cooperfoster/desktop/hoops/box_scores/202411040WAS_WAS_advance.csv,
202501070WAS,,,,,,,,,,,,,,,,,,,,,/users/cooperfoster/desktop/hoops/box_scores/202501070WAS_HOU_basic.csv,/users/cooperfoster/desktop/hoops/box_scores/202501070WAS_HOU_advance.csv,,,,,,,,,,,,,,,,,,,,,,,,,,,,,,,,,,,,,/users/cooperfoster/desktop/hoops/box_scores/202501070WAS_WAS_basic.csv,/users/cooperfoster/desktop/hoops/box_scores/202501070WAS_WAS_advance.csv,
202502120WAS,,,,,,,,,,,,,,,,,,,,,,,/users/cooperfoster/desktop/hoops/box_scores/202502120WAS_IND_basic.csv,/users/cooperfoster/desktop/hoops/box_scores/202502120WAS_IND_advance.csv,,,,,,,,,,,,,,,,,,,,,,,,,,,,,,,,,,,/users/cooperfoster/desktop/hoops/box_scores/202502120WAS_WAS_basic.csv,/users/cooperfoster/desktop/hoops/box_scores/202502120WAS_WAS_advance.csv,
202503270WAS,,,,,,,,,,,,,,,,,,,,,,,/users/cooperfoster/desktop/hoops/box_scores/202503270WAS_IND_basic.csv,/users/cooperfoster/desktop/hoops/box_scores/202503270WAS_IND_advance.csv,,,,,,,,,,,,,,,,,,,,,,,,,,,,,,,,,,,/users/cooperfoster/desktop/hoops/box_scores/202503270WAS_WAS_basic.csv,/users/cooperfoster/desktop/hoops/box_scores/202503270WAS_WAS_advance.csv,
202411270WAS,,,,,,,,,,,,,,,,,,,,,,,,,/users/cooperfoster/desktop/hoops/box_scores/202411270WAS_LAC_basic.csv,/users/cooperfoster/desktop/hoops/box_scores/202411270WAS_LAC_advance.csv,,,,,,,,,,,,,,,,,,,,,,,,,,,,,,,,,/users/cooperfoster/desktop/hoops/box_scores/202411270WAS_WAS_basic.csv,/users/cooperfoster/desktop/hoops/box_scores/202411270WAS_WAS_advance.csv,
202501300WAS,,,,,,,,,,,,,,,,,,,,,,,,,,,/users/cooperfoster/desktop/hoops/box_scores/202501300WAS_LAL_basic.csv,/users/cooperfoster/desktop/hoops/box_scores/202501300WAS_LAL_advance.csv,,,,,,,,,,,,,,,,,,,,,,,,,,,,,,,/users/cooperfoster/desktop/hoops/box_scores/202501300WAS_WAS_basic.csv,/users/cooperfoster/desktop/hoops/box_scores/202501300WAS_WAS_advance.csv,
202412080WAS,,,,,,,,,,,,,,,,,,,,,,,,,,,,,/users/cooperfoster/desktop/hoops/box_scores/202412080WAS_MEM_basic.csv,/users/cooperfoster/desktop/hoops/box_scores/202412080WAS_MEM_advance.csv,,,,,,,,,,,,,,,,,,,,,,,,,,,,,/users/cooperfoster/desktop/hoops/box_scores/202412080WAS_WAS_basic.csv,/users/cooperfoster/desktop/hoops/box_scores/202412080WAS_WAS_advance.csv,
202411020WAS,,,,,,,,,,,,,,,,,,,,,,,,,,,,,,,/users/cooperfoster/desktop/hoops/box_scores/202411020WAS_MIA_basic.csv,/users/cooperfoster/desktop/hoops/box_scores/202411020WAS_MIA_advance.csv,,,,,,,,,,,,,,,,,,,,,,,,,,,/users/cooperfoster/desktop/hoops/box_scores/202411020WAS_WAS_basic.csv,/users/cooperfoster/desktop/hoops/box_scores/202411020WAS_WAS_advance.csv,
202503310WAS,,,,,,,,,,,,,,,,,,,,,,,,,,,,,,,/users/cooperfoster/desktop/hoops/box_scores/202503310WAS_MIA_basic.csv,/users/cooperfoster/desktop/hoops/box_scores/202503310WAS_MIA_advance.csv,,,,,,,,,,,,,,,,,,,,,,,,,,,/users/cooperfoster/desktop/hoops/box_scores/202503310WAS_WAS_basic.csv,/users/cooperfoster/desktop/hoops/box_scores/202503310WAS_WAS_advance.csv,
202502210WAS,,,,,,,,,,,,,,,,,,,,,,,,,,,,,,,,,/users/cooperfoster/desktop/hoops/box_scores/202502210WAS_MIL_basic.csv,/users/cooperfoster/desktop/hoops/box_scores/202502210WAS_MIL_advance.csv,,,,,,,,,,,,,,,,,,,,,,,,,/users/cooperfoster/desktop/hoops/box_scores/202502210WAS_WAS_basic.csv,/users/cooperfoster/desktop/hoops/box_scores/202502210WAS_WAS_advance.csv,
202501130WAS,,,,,,,,,,,,,,,,,,,,,,,,,,,,,,,,,,,/users/cooperfoster/desktop/hoops/box_scores/202501130WAS_MIN_basic.csv,/users/cooperfoster/desktop/hoops/box_scores/202501130WAS_MIN_advance.csv,,,,,,,,,,,,,,,,,,,,,,,/users/cooperfoster/desktop/hoops/box_scores/202501130WAS_WAS_basic.csv,/users/cooperfoster/desktop/hoops/box_scores/202501130WAS_WAS_advance.csv,
202501050WAS,,,,,,,,,,,,,,,,,,,,,,,,,,,,,,,,,,,,,/users/cooperfoster/desktop/hoops/box_scores/202501050WAS_NOP_basic.csv,/users/cooperfoster/desktop/hoops/box_scores/202501050WAS_NOP_advance.csv,,,,,,,,,,,,,,,,,,,,,/users/cooperfoster/desktop/hoops/box_scores/202501050WAS_WAS_basic.csv,/users/cooperfoster/desktop/hoops/box_scores/202501050WAS_WAS_advance.csv,
202412280WAS,,,,,,,,,,,,,,,,,,,,,,,,,,,,,,,,,,,,,,,/users/cooperfoster/desktop/hoops/box_scores/202412280WAS_NYK_basic.csv,/users/cooperfoster/desktop/hoops/box_scores/202412280WAS_NYK_advance.csv,,,,,,,,,,,,,,,,,,,/users/cooperfoster/desktop/hoops/box_scores/202412280WAS_WAS_basic.csv,/users/cooperfoster/desktop/hoops/box_scores/202412280WAS_WAS_advance.csv,
202412300WAS,,,,,,,,,,,,,,,,,,,,,,,,,,,,,,,,,,,,,,,/users/cooperfoster/desktop/hoops/box_scores/202412300WAS_NYK_basic.csv,/users/cooperfoster/desktop/hoops/box_scores/202412300WAS_NYK_advance.csv,,,,,,,,,,,,,,,,,,,/users/cooperfoster/desktop/hoops/box_scores/202412300WAS_WAS_basic.csv,/users/cooperfoster/desktop/hoops/box_scores/202412300WAS_WAS_advance.csv,
202501120WAS,,,,,,,,,,,,,,,,,,,,,,,,,,,,,,,,,,,,,,,,,/users/cooperfoster/desktop/hoops/box_scores/202501120WAS_OKC_basic.csv,/users/cooperfoster/desktop/hoops/box_scores/202501120WAS_OKC_advance.csv,,,,,,,,,,,,,,,,,/users/cooperfoster/desktop/hoops/box_scores/202501120WAS_WAS_basic.csv,/users/cooperfoster/desktop/hoops/box_scores/202501120WAS_WAS_advance.csv,
202503210WAS,,,,,,,,,,,,,,,,,,,,,,,,,,,,,,,,,,,,,,,,,,,/users/cooperfoster/desktop/hoops/box_scores/202503210WAS_ORL_basic.csv,/users/cooperfoster/desktop/hoops/box_scores/202503210WAS_ORL_advance.csv,,,,,,,,,,,,,,,/users/cooperfoster/desktop/hoops/box_scores/202503210WAS_WAS_basic.csv,/users/cooperfoster/desktop/hoops/box_scores/202503210WAS_WAS_advance.csv,
202504030WAS,,,,,,,,,,,,,,,,,,,,,,,,,,,,,,,,,,,,,,,,,,,/users/cooperfoster/desktop/hoops/box_scores/202504030WAS_ORL_basic.csv,/users/cooperfoster/desktop/hoops/box_scores/202504030WAS_ORL_advance.csv,,,,,,,,,,,,,,,/users/cooperfoster/desktop/hoops/box_scores/202504030WAS_WAS_basic.csv,/users/cooperfoster/desktop/hoops/box_scores/202504030WAS_WAS_advance.csv,
202504090WAS,,,,,,,,,,,,,,,,,,,,,,,,,,,,,,,,,,,,,,,,,,,,,/users/cooperfoster/desktop/hoops/box_scores/202504090WAS_PHI_basic.csv,/users/cooperfoster/desktop/hoops/box_scores/202504090WAS_PHI_advance.csv,,,,,,,,,,,,,/users/cooperfoster/desktop/hoops/box_scores/202504090WAS_WAS_basic.csv,/users/cooperfoster/desktop/hoops/box_scores/202504090WAS_WAS_advance.csv,
202501160WAS,,,,,,,,,,,,,,,,,,,,,,,,,,,,,,,,,,,,,,,,,,,,,,,/users/cooperfoster/desktop/hoops/box_scores/202501160WAS_PHO_basic.csv,/users/cooperfoster/desktop/hoops/box_scores/202501160WAS_PHO_advance.csv,,,,,,,,,,,/users/cooperfoster/desktop/hoops/box_scores/202501160WAS_WAS_basic.csv,/users/cooperfoster/desktop/hoops/box_scores/202501160WAS_WAS_advance.csv,
202502260WAS,,,,,,,,,,,,,,,,,,,,,,,,,,,,,,,,,,,,,,,,,,,,,,,,,/users/cooperfoster/desktop/hoops/box_scores/202502260WAS_POR_basic.csv,/users/cooperfoster/desktop/hoops/box_scores/202502260WAS_POR_advance.csv,,,,,,,,,/users/cooperfoster/desktop/hoops/box_scores/202502260WAS_WAS_basic.csv,/users/cooperfoster/desktop/hoops/box_scores/202502260WAS_WAS_advance.csv,
202504020WAS,,,,,,,,,,,,,,,,,,,,,,,,,,,,,,,,,,,,,,,,,,,,,,,,,,,/users/cooperfoster/desktop/hoops/box_scores/202504020WAS_SAC_basic.csv,/users/cooperfoster/desktop/hoops/box_scores/202504020WAS_SAC_advance.csv,,,,,,,/users/cooperfoster/desktop/hoops/box_scores/202504020WAS_WAS_basic.csv,/users/cooperfoster/desktop/hoops/box_scores/202504020WAS_WAS_advance.csv,
202502100WAS,,,,,,,,,,,,,,,,,,,,,,,,,,,,,,,,,,,,,,,,,,,,,,,,,,,,,/users/cooperfoster/desktop/hoops/box_scores/202502100WAS_SAS_basic.csv,/users/cooperfoster/desktop/hoops/box_scores/202502100WAS_SAS_advance.csv,,,,,/users/cooperfoster/desktop/hoops/box_scores/202502100WAS_WAS_basic.csv,/users/cooperfoster/desktop/hoops/box_scores/202502100WAS_WAS_advance.csv,
202501290WAS,,,,,,,,,,,,,,,,,,,,,,,,,,,,,,,,,,,,,,,,,,,,,,,,,,,,,,,/users/cooperfoster/desktop/hoops/box_scores/202501290WAS_TOR_basic.csv,/users/cooperfoster/desktop/hoops/box_scores/202501290WAS_TOR_advance.csv,,,/users/cooperfoster/desktop/hoops/box_scores/202501290WAS_WAS_basic.csv,/users/cooperfoster/desktop/hoops/box_scores/202501290WAS_WAS_advance.csv,
202503240WAS,,,,,,,,,,,,,,,,,,,,,,,,,,,,,,,,,,,,,,,,,,,,,,,,,,,,,,,/users/cooperfoster/desktop/hoops/box_scores/202503240WAS_TOR_basic.csv,/users/cooperfoster/desktop/hoops/box_scores/202503240WAS_TOR_advance.csv,,,/users/cooperfoster/desktop/hoops/box_scores/202503240WAS_WAS_basic.csv,/users/cooperfoster/desktop/hoops/box_scores/202503240WAS_WAS_advance.csv,
202503050WAS,,,,,,,,,,,,,,,,,,,,,,,,,,,,,,,,,,,,,,,,,,,,,,,,,,,,,,,,,/users/cooperfoster/desktop/hoops/box_scores/202503050WAS_UTA_basic.csv,/users/cooperfoster/desktop/hoops/box_scores/202503050WAS_UTA_advance.csv,/users/cooperfoster/desktop/hoops/box_scores/202503050WAS_WAS_basic.csv,/users/cooperfoster/desktop/hoops/box_scores/202503050WAS_WAS_advance.csv,
